"COD_ESPEC","NM_ESPEC_MED","NM_PRODUTO","COD_APRES_PRD","NM_APRES_PRD","QTDE_DOSE"
181,NEURODESARROLLO ,AMOXICILINA 500MG/5ML ,11,KIT,1
160,CLIMATERIO,AMOXICILINA 500MG/5ML ,11,KIT,1
139,INFECTOLOGIA PEDIATRICA,AMOXICILINA 500MG/5ML ,11,KIT,1
109,HEMATOLOGIA PEDIATRICA,AMOXICILINA 500MG/5ML ,11,KIT,1
60,GASTROENTEROLOGIA PEDIATRICA,AMOXICILINA 500MG/5ML ,11,KIT,1
58,MASTOLOGIA,AMOXICILINA 500MG/5ML ,11,KIT,1
57,DIABETOLOGIA,AMOXICILINA 500MG/5ML ,11,KIT,1
42,DERMATOLOGIA PEDIATRICA,AMOXICILINA 500MG/5ML ,11,KIT,1
37,PEDIATRIA,AMOXICILINA 500MG/5ML ,11,KIT,1
37,PEDIATRIA,AMOXICILINA 500MG/5ML ,11,KIT,1
11,CLINICA MEDICA,AMOXICILINA 500MG/5ML ,11,KIT,1
10,GASTROENTEROLOGIA,AMOXICILINA 500MG/5ML ,11,KIT,1
6,NEFROLOGIA PEDIATRICA,AMOXICILINA 500MG/5ML ,11,KIT,1
170,ESTUDIOS HEMODINAMIA ,AMOXICILINA 500MG/5ML ,11,KIT,1
204,UNIDAD DE OBSTETRICIA,AMOXICILINA + SULBACTAN 875 MG + 125 MG ,3,UNIDAD,14
34,GINECOLOGIA,AMOXICILINA + SULBACTAN 875 MG + 125 MG ,3,UNIDAD,1
33,GINECO-OBSTETRICIA,AMOXICILINA + SULBACTAN 875 MG + 125 MG ,3,UNIDAD,1
181,NEURODESARROLLO ,AMOXICILINA + SULBACTAN 875 MG + 125 MG ,4,COMPR.RECUBIERTO 875MG+12GMG,20
160,CLIMATERIO,AMOXICILINA + SULBACTAN 875 MG + 125 MG ,4,COMPR.RECUBIERTO 875MG+12GMG,20
139,INFECTOLOGIA PEDIATRICA,AMOXICILINA + SULBACTAN 875 MG + 125 MG ,4,COMPR.RECUBIERTO 875MG+12GMG,20
57,DIABETOLOGIA,AMOXICILINA + SULBACTAN 875 MG + 125 MG ,4,COMPR.RECUBIERTO 875MG+12GMG,20
42,DERMATOLOGIA PEDIATRICA,AMOXICILINA + SULBACTAN 875 MG + 125 MG ,4,COMPR.RECUBIERTO 875MG+12GMG,20
37,PEDIATRIA,AMOXICILINA + SULBACTAN 875 MG + 125 MG ,4,COMPR.RECUBIERTO 875MG+12GMG,20
34,GINECOLOGIA,AMOXICILINA + SULBACTAN 875 MG + 125 MG ,4,COMPR.RECUBIERTO 875MG+12GMG,20
31,OBSTETRICIA,AMOXICILINA + SULBACTAN 875 MG + 125 MG ,4,COMPR.RECUBIERTO 875MG+12GMG,20
11,CLINICA MEDICA,AMOXICILINA + SULBACTAN 875 MG + 125 MG ,4,COMPR.RECUBIERTO 875MG+12GMG,20
11,CLINICA MEDICA,AMOXICILINA + SULBACTAN 875 MG + 125 MG ,4,COMPR.RECUBIERTO 875MG+12GMG,20
10,GASTROENTEROLOGIA,AMOXICILINA + SULBACTAN 875 MG + 125 MG ,4,COMPR.RECUBIERTO 875MG+12GMG,20
4,ENDOCRINOLOGIA,AMOXICILINA + SULBACTAN 875 MG + 125 MG ,4,COMPR.RECUBIERTO 875MG+12GMG,20
170,ESTUDIOS HEMODINAMIA ,AMOXICILINA + SULBACTAN 875 MG + 125 MG ,4,COMPR.RECUBIERTO 875MG+12GMG,20
181,NEURODESARROLLO ,AMOXICILINA+SULBACTAM 1 G + 250 MG/5 ML  ,12,KIT,1
160,CLIMATERIO,AMOXICILINA+SULBACTAM 1 G + 250 MG/5 ML  ,12,KIT,1
139,INFECTOLOGIA PEDIATRICA,AMOXICILINA+SULBACTAM 1 G + 250 MG/5 ML  ,12,KIT,1
57,DIABETOLOGIA,AMOXICILINA+SULBACTAM 1 G + 250 MG/5 ML  ,12,KIT,1
42,DERMATOLOGIA PEDIATRICA,AMOXICILINA+SULBACTAM 1 G + 250 MG/5 ML  ,12,KIT,1
37,PEDIATRIA,AMOXICILINA+SULBACTAM 1 G + 250 MG/5 ML  ,12,KIT,1
11,CLINICA MEDICA,AMOXICILINA+SULBACTAM 1 G + 250 MG/5 ML  ,12,KIT,1
11,CLINICA MEDICA,AMOXICILINA+SULBACTAM 1 G + 250 MG/5 ML  ,12,KIT,1
10,GASTROENTEROLOGIA,AMOXICILINA+SULBACTAM 1 G + 250 MG/5 ML  ,12,KIT,1
4,ENDOCRINOLOGIA,AMOXICILINA+SULBACTAM 1 G + 250 MG/5 ML  ,12,KIT,1
170,ESTUDIOS HEMODINAMIA ,AMOXICILINA+SULBACTAM 1 G + 250 MG/5 ML  ,12,KIT,1
139,INFECTOLOGIA PEDIATRICA,PIPERACILINA + TAZOBACTAM 4G + 500MG,2,FRASCO AMPOLLA,1
47,INFECTOLOGIA,PIPERACILINA + TAZOBACTAM 4G + 500MG,2,FRASCO AMPOLLA,1
23,URGENCIAS CLINICA MEDICA,PIPERACILINA + TAZOBACTAM 4G + 500MG,2,FRASCO AMPOLLA,1
14,URGENCIAS PEDIATRICAS,PIPERACILINA + TAZOBACTAM 4G + 500MG,2,FRASCO AMPOLLA,1
199,TELESALUD HV,CEFOPERAZONA + SULBACTAN 1G + 1G INYECTABLE     ,2,FRASCO AMPOLLA,1
160,CLIMATERIO,CEFOPERAZONA + SULBACTAN 1G + 1G INYECTABLE     ,2,FRASCO AMPOLLA,1
139,INFECTOLOGIA PEDIATRICA,CEFOPERAZONA + SULBACTAN 1G + 1G INYECTABLE     ,2,FRASCO AMPOLLA,1
89,GERIATRIA,CEFOPERAZONA + SULBACTAN 1G + 1G INYECTABLE     ,2,FRASCO AMPOLLA,1
48,TERAPIA INTENSIVA,CEFOPERAZONA + SULBACTAN 1G + 1G INYECTABLE     ,2,FRASCO AMPOLLA,1
47,INFECTOLOGIA,CEFOPERAZONA + SULBACTAN 1G + 1G INYECTABLE     ,2,FRASCO AMPOLLA,1
37,PEDIATRIA,CEFOPERAZONA + SULBACTAN 1G + 1G INYECTABLE     ,2,FRASCO AMPOLLA,1
34,GINECOLOGIA,CEFOPERAZONA + SULBACTAN 1G + 1G INYECTABLE     ,2,FRASCO AMPOLLA,1
28,CIRUGIA GENERAL,CEFOPERAZONA + SULBACTAN 1G + 1G INYECTABLE     ,2,FRASCO AMPOLLA,1
21,UROLOGIA,CEFOPERAZONA + SULBACTAN 1G + 1G INYECTABLE     ,2,FRASCO AMPOLLA,1
11,CLINICA MEDICA,CEFOPERAZONA + SULBACTAN 1G + 1G INYECTABLE     ,2,FRASCO AMPOLLA,1
199,TELESALUD HV,CEFALEXINA 500 MG/5ML.,11,KIT,2
181,NEURODESARROLLO ,CEFALEXINA 500 MG/5ML.,11,KIT,1
160,CLIMATERIO,CEFALEXINA 500 MG/5ML.,11,KIT,1
139,INFECTOLOGIA PEDIATRICA,CEFALEXINA 500 MG/5ML.,11,KIT,1
42,DERMATOLOGIA PEDIATRICA,CEFALEXINA 500 MG/5ML.,11,KIT,1
37,PEDIATRIA,CEFALEXINA 500 MG/5ML.,11,KIT,1
31,OBSTETRICIA,CEFALEXINA 500 MG/5ML.,11,KIT,20
11,CLINICA MEDICA,CEFALEXINA 500 MG/5ML.,11,KIT,1
170,ESTUDIOS HEMODINAMIA ,CEFALEXINA 500 MG/5ML.,11,KIT,2
199,TELESALUD HV,METFORMINA 850 MG. ,3,COMPRIMIDO RECUBIERTO,30
160,CLIMATERIO,METFORMINA 850 MG. ,3,COMPRIMIDO RECUBIERTO,20
101,MEDICINA FAMILIAR,METFORMINA 850 MG. ,3,COMPRIMIDO RECUBIERTO,20
97,SALUD OCUPACIONAL,METFORMINA 850 MG. ,3,COMPRIMIDO RECUBIERTO,20
89,GERIATRIA,METFORMINA 850 MG. ,3,COMPRIMIDO RECUBIERTO,20
69,UNIDAD DE TRANSPLANTE,METFORMINA 850 MG. ,3,COMPRIMIDO RECUBIERTO,20
57,DIABETOLOGIA,METFORMINA 850 MG. ,3,COMPRIMIDO RECUBIERTO,20
57,DIABETOLOGIA,METFORMINA 850 MG. ,3,COMPRIMIDO RECUBIERTO,20
55,CARDIOCIRUGIA,METFORMINA 850 MG. ,3,COMPRIMIDO RECUBIERTO,20
50,NEFROLOGIA,METFORMINA 850 MG. ,3,COMPRIMIDO RECUBIERTO,20
44,ENDOCRINOLOGIA PEDIATRICA,METFORMINA 850 MG. ,3,COMPRIMIDO RECUBIERTO,20
34,GINECOLOGIA,METFORMINA 850 MG. ,3,COMPRIMIDO RECUBIERTO,20
33,GINECO-OBSTETRICIA,METFORMINA 850 MG. ,3,COMPRIMIDO RECUBIERTO,20
31,OBSTETRICIA,METFORMINA 850 MG. ,3,COMPRIMIDO RECUBIERTO,20
12,CARDIOLOGIA,METFORMINA 850 MG. ,3,COMPRIMIDO RECUBIERTO,20
11,CLINICA MEDICA,METFORMINA 850 MG. ,3,COMPRIMIDO RECUBIERTO,20
6,NEFROLOGIA PEDIATRICA,METFORMINA 850 MG. ,3,COMPRIMIDO RECUBIERTO,20
5,CARDIOLOGIA PEDIATRICA,METFORMINA 850 MG. ,3,COMPRIMIDO RECUBIERTO,20
4,ENDOCRINOLOGIA,METFORMINA 850 MG. ,3,COMPRIMIDO RECUBIERTO,20
46,HEMODINAMIA,METFORMINA 850 MG. ,3,COMPRIMIDO RECUBIERTO,20
204,UNIDAD DE OBSTETRICIA,CEFIXIMA 400 MG,3,UNIDAD,10
199,TELESALUD HV,CEFIXIMA 400 MG,3,UNIDAD,20
160,CLIMATERIO,CEFIXIMA 400 MG,3,UNIDAD,20
139,INFECTOLOGIA PEDIATRICA,CEFIXIMA 400 MG,3,UNIDAD,20
86,NEUMOLOGIA PEDIATRICA,CEFIXIMA 400 MG,3,UNIDAD,20
69,UNIDAD DE TRANSPLANTE,CEFIXIMA 400 MG,3,UNIDAD,1
56,NEUMOLOGIA,CEFIXIMA 400 MG,3,UNIDAD,1
50,NEFROLOGIA,CEFIXIMA 400 MG,3,UNIDAD,1
47,INFECTOLOGIA,CEFIXIMA 400 MG,3,UNIDAD,1
34,GINECOLOGIA,CEFIXIMA 400 MG,3,UNIDAD,1
34,GINECOLOGIA,CEFIXIMA 400 MG,3,UNIDAD,20
33,GINECO-OBSTETRICIA,CEFIXIMA 400 MG,3,UNIDAD,1
31,OBSTETRICIA,CEFIXIMA 400 MG,3,UNIDAD,20
11,CLINICA MEDICA,CEFIXIMA 400 MG,3,UNIDAD,1
23,URGENCIAS CLINICA MEDICA,CEFIXIMA 400 MG,3,UNIDAD,1
23,URGENCIAS CLINICA MEDICA,CEFIXIMA 400 MG,3,UNIDAD,1
23,URGENCIAS CLINICA MEDICA,CEFIXIMA 400 MG,3,UNIDAD,1
14,URGENCIAS PEDIATRICAS,CEFIXIMA 400 MG,3,UNIDAD,1
14,URGENCIAS PEDIATRICAS,CEFIXIMA 400 MG,3,UNIDAD,1
204,UNIDAD DE OBSTETRICIA,CEFIXIMA 100 MG/5ML,11,KIT,1
199,TELESALUD HV,CEFIXIMA 100 MG/5ML,11,KIT,1
183,ONCOLOGIA PEDIATRICA,CEFIXIMA 100 MG/5ML,11,KIT,1
181,NEURODESARROLLO ,CEFIXIMA 100 MG/5ML,11,KIT,1
139,INFECTOLOGIA PEDIATRICA,CEFIXIMA 100 MG/5ML,11,KIT,1
112,CIRUGIA MINIMA INVASIVA,CEFIXIMA 100 MG/5ML,11,KIT,1
101,MEDICINA FAMILIAR,CEFIXIMA 100 MG/5ML,11,KIT,1
89,GERIATRIA,CEFIXIMA 100 MG/5ML,11,KIT,1
86,NEUMOLOGIA PEDIATRICA,CEFIXIMA 100 MG/5ML,11,KIT,1
69,UNIDAD DE TRANSPLANTE,CEFIXIMA 100 MG/5ML,11,KIT,1
60,GASTROENTEROLOGIA PEDIATRICA,CEFIXIMA 100 MG/5ML,11,KIT,1
50,NEFROLOGIA,CEFIXIMA 100 MG/5ML,11,KIT,1
47,INFECTOLOGIA,CEFIXIMA 100 MG/5ML,11,KIT,1
37,PEDIATRIA,CEFIXIMA 100 MG/5ML,11,KIT,1
34,GINECOLOGIA,CEFIXIMA 100 MG/5ML,11,KIT,1
28,CIRUGIA GENERAL,CEFIXIMA 100 MG/5ML,11,KIT,1
22,OTORRINOLARINGOLOGIA,CEFIXIMA 100 MG/5ML,11,KIT,1
21,UROLOGIA,CEFIXIMA 100 MG/5ML,11,KIT,1
11,CLINICA MEDICA,CEFIXIMA 100 MG/5ML,11,KIT,1
10,GASTROENTEROLOGIA,CEFIXIMA 100 MG/5ML,11,KIT,1
6,NEFROLOGIA PEDIATRICA,CEFIXIMA 100 MG/5ML,11,KIT,1
23,URGENCIAS CLINICA MEDICA,CEFIXIMA 100 MG/5ML,11,KIT,1
14,URGENCIAS PEDIATRICAS,CEFIXIMA 100 MG/5ML,11,KIT,1
69,UNIDAD DE TRANSPLANTE,INMUNOGLOBULINA ANTI-TIMOCITO 5-20 MG/ML INYECTABLE,2,FRASCO AMPOLLA,1
2,HEMATOLOGIA,INMUNOGLOBULINA ANTI-TIMOCITO 5-20 MG/ML INYECTABLE,2,FRASCO AMPOLLA,1
183,ONCOLOGIA PEDIATRICA,SULFAMETOXAZOL + TRIMETOPRIN 400 MG + 80 MG,2,AMPOLLA,1
139,INFECTOLOGIA PEDIATRICA,SULFAMETOXAZOL + TRIMETOPRIN 400 MG + 80 MG,2,AMPOLLA,1
69,UNIDAD DE TRANSPLANTE,SULFAMETOXAZOL + TRIMETOPRIN 400 MG + 80 MG,2,AMPOLLA,1
50,NEFROLOGIA,SULFAMETOXAZOL + TRIMETOPRIN 400 MG + 80 MG,2,AMPOLLA,1
47,INFECTOLOGIA,SULFAMETOXAZOL + TRIMETOPRIN 400 MG + 80 MG,2,AMPOLLA,1
6,NEFROLOGIA PEDIATRICA,SULFAMETOXAZOL + TRIMETOPRIN 400 MG + 80 MG,2,AMPOLLA,1
181,NEURODESARROLLO ,NITROFURANTOINA 100 MG ,3,COMPRIMIDO,20
160,CLIMATERIO,NITROFURANTOINA 100 MG ,3,COMPRIMIDO,20
109,HEMATOLOGIA PEDIATRICA,NITROFURANTOINA 100 MG ,3,COMPRIMIDO,20
101,MEDICINA FAMILIAR,NITROFURANTOINA 100 MG ,3,COMPRIMIDO,20
87,REUMATOLOGIA PEDIATRICA,NITROFURANTOINA 100 MG ,3,COMPRIMIDO,20
86,NEUMOLOGIA PEDIATRICA,NITROFURANTOINA 100 MG ,3,COMPRIMIDO,20
66,NEUROLOGIA PEDIATRICA,NITROFURANTOINA 100 MG ,3,COMPRIMIDO,30
60,GASTROENTEROLOGIA PEDIATRICA,NITROFURANTOINA 100 MG ,3,COMPRIMIDO,20
58,MASTOLOGIA,NITROFURANTOINA 100 MG ,3,COMPRIMIDO,20
50,NEFROLOGIA,NITROFURANTOINA 100 MG ,3,COMPRIMIDO,20
42,DERMATOLOGIA PEDIATRICA,NITROFURANTOINA 100 MG ,3,COMPRIMIDO,20
34,GINECOLOGIA,NITROFURANTOINA 100 MG ,3,COMPRIMIDO,20
34,GINECOLOGIA,NITROFURANTOINA 100 MG ,3,COMPRIMIDO,20
22,OTORRINOLARINGOLOGIA,NITROFURANTOINA 100 MG ,3,COMPRIMIDO,20
21,UROLOGIA,NITROFURANTOINA 100 MG ,3,COMPRIMIDO,20
11,CLINICA MEDICA,NITROFURANTOINA 100 MG ,3,COMPRIMIDO,20
6,NEFROLOGIA PEDIATRICA,NITROFURANTOINA 100 MG ,3,COMPRIMIDO,20
4,ENDOCRINOLOGIA,NITROFURANTOINA 100 MG ,3,COMPRIMIDO,20
177,PSIQUIATRIA INFANTIL,NITROFURANTOINA 100 MG ,3,COMPRIMIDO,20
170,ESTUDIOS HEMODINAMIA ,NITROFURANTOINA 100 MG ,3,COMPRIMIDO,30
183,ONCOLOGIA PEDIATRICA,CLARITROMICINA 500 MG,3,UNIDAD,20
181,NEURODESARROLLO ,CLARITROMICINA 500 MG,3,UNIDAD,20
139,INFECTOLOGIA PEDIATRICA,CLARITROMICINA 500 MG,3,UNIDAD,20
101,MEDICINA FAMILIAR,CLARITROMICINA 500 MG,3,UNIDAD,1
97,SALUD OCUPACIONAL,CLARITROMICINA 500 MG,3,UNIDAD,1
89,GERIATRIA,CLARITROMICINA 500 MG,3,UNIDAD,1
86,NEUMOLOGIA PEDIATRICA,CLARITROMICINA 500 MG,3,UNIDAD,1
60,GASTROENTEROLOGIA PEDIATRICA,CLARITROMICINA 500 MG,3,UNIDAD,20
60,GASTROENTEROLOGIA PEDIATRICA,CLARITROMICINA 500 MG,3,UNIDAD,20
56,NEUMOLOGIA,CLARITROMICINA 500 MG,3,UNIDAD,1
50,NEFROLOGIA,CLARITROMICINA 500 MG,3,UNIDAD,1
47,INFECTOLOGIA,CLARITROMICINA 500 MG,3,UNIDAD,20
42,DERMATOLOGIA PEDIATRICA,CLARITROMICINA 500 MG,3,UNIDAD,20
37,PEDIATRIA,CLARITROMICINA 500 MG,3,UNIDAD,1
29,PROCTOLOGIA,CLARITROMICINA 500 MG,3,UNIDAD,1
22,OTORRINOLARINGOLOGIA,CLARITROMICINA 500 MG,3,UNIDAD,1
11,CLINICA MEDICA,CLARITROMICINA 500 MG,3,UNIDAD,1
10,GASTROENTEROLOGIA,CLARITROMICINA 500 MG,3,UNIDAD,20
9,ALERGIA E INMUNOLOGIA,CLARITROMICINA 500 MG,3,UNIDAD,1
8,DERMATOLOGIA,CLARITROMICINA 500 MG,3,UNIDAD,1
2,HEMATOLOGIA,CLARITROMICINA 500 MG,3,UNIDAD,1
72,RADIOLOGIA,CLARITROMICINA 500 MG,3,UNIDAD,1
46,HEMODINAMIA,CLARITROMICINA 500 MG,3,UNIDAD,1
199,TELESALUD HV,AZITROMICINA 500 MG ,3,UNIDAD,30
183,ONCOLOGIA PEDIATRICA,AZITROMICINA 500 MG ,3,UNIDAD,20
182,NUTRIOLOGIA PEDIATRICA,AZITROMICINA 500 MG ,3,UNIDAD,20
139,INFECTOLOGIA PEDIATRICA,AZITROMICINA 500 MG ,3,UNIDAD,20
91,TERAPIA DEL DOLOR Y MEDICINA PALIATIVA ,AZITROMICINA 500 MG ,3,UNIDAD,1
89,GERIATRIA,AZITROMICINA 500 MG ,3,UNIDAD,1
86,NEUMOLOGIA PEDIATRICA,AZITROMICINA 500 MG ,3,UNIDAD,1
69,UNIDAD DE TRANSPLANTE,AZITROMICINA 500 MG ,3,UNIDAD,1
60,GASTROENTEROLOGIA PEDIATRICA,AZITROMICINA 500 MG ,3,UNIDAD,1
60,GASTROENTEROLOGIA PEDIATRICA,AZITROMICINA 500 MG ,3,UNIDAD,20
59,RADIOTERAPIA,AZITROMICINA 500 MG ,3,UNIDAD,1
56,NEUMOLOGIA,AZITROMICINA 500 MG ,3,UNIDAD,1
50,NEFROLOGIA,AZITROMICINA 500 MG ,3,UNIDAD,1
47,INFECTOLOGIA,AZITROMICINA 500 MG ,3,UNIDAD,1
43,OTORRINOLARINGOLOGIA PEDIATRICA,AZITROMICINA 500 MG ,3,UNIDAD,1
42,DERMATOLOGIA PEDIATRICA,AZITROMICINA 500 MG ,3,UNIDAD,20
42,DERMATOLOGIA PEDIATRICA,AZITROMICINA 500 MG ,3,UNIDAD,1
37,PEDIATRIA,AZITROMICINA 500 MG ,3,UNIDAD,1
31,OBSTETRICIA,AZITROMICINA 500 MG ,3,UNIDAD,20
29,PROCTOLOGIA,AZITROMICINA 500 MG ,3,UNIDAD,1
22,OTORRINOLARINGOLOGIA,AZITROMICINA 500 MG ,3,UNIDAD,1
11,CLINICA MEDICA,AZITROMICINA 500 MG ,3,UNIDAD,1
10,GASTROENTEROLOGIA,AZITROMICINA 500 MG ,3,UNIDAD,1
9,ALERGIA E INMUNOLOGIA,AZITROMICINA 500 MG ,3,UNIDAD,1
8,DERMATOLOGIA,AZITROMICINA 500 MG ,3,UNIDAD,1
6,NEFROLOGIA PEDIATRICA,AZITROMICINA 500 MG ,3,UNIDAD,1
89,GERIATRIA,OXIBUTININA 10 MG.COMPRIMIDO,3,COMPRIMIDO,20
69,UNIDAD DE TRANSPLANTE,OXIBUTININA 10 MG.COMPRIMIDO,3,COMPRIMIDO,20
34,GINECOLOGIA,OXIBUTININA 10 MG.COMPRIMIDO,3,COMPRIMIDO,20
33,GINECO-OBSTETRICIA,OXIBUTININA 10 MG.COMPRIMIDO,3,COMPRIMIDO,20
31,OBSTETRICIA,OXIBUTININA 10 MG.COMPRIMIDO,3,COMPRIMIDO,20
139,INFECTOLOGIA PEDIATRICA,CLINDAMICINA 600 MG (150MG/ML),2,VIAL / AMPOLLA,1
23,URGENCIAS CLINICA MEDICA,CLINDAMICINA 600 MG (150MG/ML),2,VIAL / AMPOLLA,1
14,URGENCIAS PEDIATRICAS,CLINDAMICINA 600 MG (150MG/ML),2,VIAL / AMPOLLA,1
182,NUTRIOLOGIA PEDIATRICA,MEBENDAZOL + TIABENDAZOL 100 MG.+ 500 MG./ 5ML SUSP.ORAL,11,FRASCO,1
42,DERMATOLOGIA PEDIATRICA,MEBENDAZOL + TIABENDAZOL 100 MG.+ 500 MG./ 5ML SUSP.ORAL,11,FRASCO,1
170,ESTUDIOS HEMODINAMIA ,MEBENDAZOL + TIABENDAZOL 100 MG.+ 500 MG./ 5ML SUSP.ORAL,11,FRASCO,2
204,UNIDAD DE OBSTETRICIA,FLUCONAZOL 100 MG - COMP./CAP. ,3,COMPRIMIDO/CAPSULA,10
183,ONCOLOGIA PEDIATRICA,FLUCONAZOL 100 MG - COMP./CAP. ,3,COMPRIMIDO/CAPSULA,20
181,NEURODESARROLLO ,FLUCONAZOL 100 MG - COMP./CAP. ,3,COMPRIMIDO/CAPSULA,20
160,CLIMATERIO,FLUCONAZOL 100 MG - COMP./CAP. ,3,COMPRIMIDO/CAPSULA,20
139,INFECTOLOGIA PEDIATRICA,FLUCONAZOL 100 MG - COMP./CAP. ,3,COMPRIMIDO/CAPSULA,20
87,REUMATOLOGIA PEDIATRICA,FLUCONAZOL 100 MG - COMP./CAP. ,3,COMPRIMIDO/CAPSULA,20
86,NEUMOLOGIA PEDIATRICA,FLUCONAZOL 100 MG - COMP./CAP. ,3,COMPRIMIDO/CAPSULA,20
66,NEUROLOGIA PEDIATRICA,FLUCONAZOL 100 MG - COMP./CAP. ,3,COMPRIMIDO/CAPSULA,20
57,DIABETOLOGIA,FLUCONAZOL 100 MG - COMP./CAP. ,3,COMPRIMIDO/CAPSULA,20
42,DERMATOLOGIA PEDIATRICA,FLUCONAZOL 100 MG - COMP./CAP. ,3,COMPRIMIDO/CAPSULA,20
34,GINECOLOGIA,FLUCONAZOL 100 MG - COMP./CAP. ,3,COMPRIMIDO/CAPSULA,20
34,GINECOLOGIA,FLUCONAZOL 100 MG - COMP./CAP. ,3,COMPRIMIDO/CAPSULA,20
34,GINECOLOGIA,FLUCONAZOL 100 MG - COMP./CAP. ,3,COMPRIMIDO/CAPSULA,1
33,GINECO-OBSTETRICIA,FLUCONAZOL 100 MG - COMP./CAP. ,3,COMPRIMIDO/CAPSULA,1
31,OBSTETRICIA,FLUCONAZOL 100 MG - COMP./CAP. ,3,COMPRIMIDO/CAPSULA,20
22,OTORRINOLARINGOLOGIA,FLUCONAZOL 100 MG - COMP./CAP. ,3,COMPRIMIDO/CAPSULA,20
12,CARDIOLOGIA,FLUCONAZOL 100 MG - COMP./CAP. ,3,COMPRIMIDO/CAPSULA,20
11,CLINICA MEDICA,FLUCONAZOL 100 MG - COMP./CAP. ,3,COMPRIMIDO/CAPSULA,20
9,ALERGIA E INMUNOLOGIA,FLUCONAZOL 100 MG - COMP./CAP. ,3,COMPRIMIDO/CAPSULA,20
8,DERMATOLOGIA,FLUCONAZOL 100 MG - COMP./CAP. ,3,COMPRIMIDO/CAPSULA,20
4,ENDOCRINOLOGIA,FLUCONAZOL 100 MG - COMP./CAP. ,3,COMPRIMIDO/CAPSULA,20
4,ENDOCRINOLOGIA,FLUCONAZOL 100 MG - COMP./CAP. ,3,COMPRIMIDO/CAPSULA,20
4,ENDOCRINOLOGIA,FLUCONAZOL 100 MG - COMP./CAP. ,3,COMPRIMIDO/CAPSULA,20
2,HEMATOLOGIA,FLUCONAZOL 100 MG - COMP./CAP. ,3,COMPRIMIDO/CAPSULA,20
177,PSIQUIATRIA INFANTIL,FLUCONAZOL 100 MG - COMP./CAP. ,3,COMPRIMIDO/CAPSULA,20
170,ESTUDIOS HEMODINAMIA ,FLUCONAZOL 100 MG - COMP./CAP. ,3,COMPRIMIDO/CAPSULA,30
199,TELESALUD HV,ACICLOVIR SUSPENSION ORAL,9,KIT,2
109,HEMATOLOGIA PEDIATRICA,ACICLOVIR SUSPENSION ORAL,9,KIT,1
101,MEDICINA FAMILIAR,ACICLOVIR SUSPENSION ORAL,9,KIT,1
86,NEUMOLOGIA PEDIATRICA,ACICLOVIR SUSPENSION ORAL,9,KIT,1
59,RADIOTERAPIA,ACICLOVIR SUSPENSION ORAL,9,KIT,1
47,INFECTOLOGIA,ACICLOVIR SUSPENSION ORAL,9,KIT,1
42,DERMATOLOGIA PEDIATRICA,ACICLOVIR SUSPENSION ORAL,9,KIT,1
40,OFTALMOLOGIA PEDIATRICA,ACICLOVIR SUSPENSION ORAL,9,KIT,1
37,PEDIATRIA,ACICLOVIR SUSPENSION ORAL,9,KIT,1
25,OFTALMOLOGIA,ACICLOVIR SUSPENSION ORAL,9,KIT,1
11,CLINICA MEDICA,ACICLOVIR SUSPENSION ORAL,9,KIT,1
8,DERMATOLOGIA,ACICLOVIR SUSPENSION ORAL,9,KIT,1
2,HEMATOLOGIA,ACICLOVIR SUSPENSION ORAL,9,KIT,1
183,ONCOLOGIA PEDIATRICA,ACICLOVIR SUSPENSION ORAL,10,KIT,1
139,INFECTOLOGIA PEDIATRICA,ACICLOVIR SUSPENSION ORAL,10,KIT,1
86,NEUMOLOGIA PEDIATRICA,ACICLOVIR SUSPENSION ORAL,10,KIT,1
56,NEUMOLOGIA,ACICLOVIR SUSPENSION ORAL,10,KIT,1
42,DERMATOLOGIA PEDIATRICA,ACICLOVIR SUSPENSION ORAL,10,KIT,1
21,UROLOGIA,ACICLOVIR SUSPENSION ORAL,10,KIT,1
9,ALERGIA E INMUNOLOGIA,ACICLOVIR SUSPENSION ORAL,10,KIT,1
139,INFECTOLOGIA PEDIATRICA,ACICLOVIR 250 MG INYECTABLE,2,VIAL,1
78,TERAPIA INTENSIVA NINOS,ACICLOVIR 250 MG INYECTABLE,2,VIAL,1
48,TERAPIA INTENSIVA,ACICLOVIR 250 MG INYECTABLE,2,VIAL,1
47,INFECTOLOGIA,ACICLOVIR 250 MG INYECTABLE,2,VIAL,1
2,HEMATOLOGIA,ACICLOVIR 250 MG INYECTABLE,2,VIAL,1
47,INFECTOLOGIA,GANCYCLOVIR 250 mg,3,COMPRIMIDO,20
139,INFECTOLOGIA PEDIATRICA,GANCYCLOVIR 500 MG,2,AMPOLLA,1
69,UNIDAD DE TRANSPLANTE,GANCYCLOVIR 500 MG,2,AMPOLLA,1
50,NEFROLOGIA,GANCYCLOVIR 500 MG,2,AMPOLLA,1
47,INFECTOLOGIA,GANCYCLOVIR 500 MG,2,AMPOLLA,1
6,NEFROLOGIA PEDIATRICA,GANCYCLOVIR 500 MG,2,AMPOLLA,1
181,NEURODESARROLLO ,IBUPROFENO 200 MG/5 ML,11,FCO  90-120ML,1
160,CLIMATERIO,IBUPROFENO 200 MG/5 ML,11,FCO  90-120ML,1
101,MEDICINA FAMILIAR,IBUPROFENO 200 MG/5 ML,11,FCO  90-120ML,1
91,TERAPIA DEL DOLOR Y MEDICINA PALIATIVA ,IBUPROFENO 200 MG/5 ML,11,FCO  90-120ML,1
86,NEUMOLOGIA PEDIATRICA,IBUPROFENO 200 MG/5 ML,11,FCO  90-120ML,1
47,INFECTOLOGIA,IBUPROFENO 200 MG/5 ML,11,FCO  90-120ML,1
42,DERMATOLOGIA PEDIATRICA,IBUPROFENO 200 MG/5 ML,11,FCO  90-120ML,1
37,PEDIATRIA,IBUPROFENO 200 MG/5 ML,11,FCO  90-120ML,1
37,PEDIATRIA,IBUPROFENO 200 MG/5 ML,11,FCO  90-120ML,1
21,UROLOGIA,IBUPROFENO 200 MG/5 ML,11,FCO  90-120ML,1
8,DERMATOLOGIA,IBUPROFENO 200 MG/5 ML,11,FCO  90-120ML,1
4,ENDOCRINOLOGIA,IBUPROFENO 200 MG/5 ML,11,FCO  90-120ML,1
170,ESTUDIOS HEMODINAMIA ,IBUPROFENO 200 MG/5 ML,11,FCO  90-120ML,2
183,ONCOLOGIA PEDIATRICA,PREDNISONA 5 MG/5ML,9,FRASCO,1
181,NEURODESARROLLO ,PREDNISONA 5 MG/5ML,9,FRASCO,1
160,CLIMATERIO,PREDNISONA 5 MG/5ML,9,FRASCO,1
139,INFECTOLOGIA PEDIATRICA,PREDNISONA 5 MG/5ML,9,FRASCO,1
109,HEMATOLOGIA PEDIATRICA,PREDNISONA 5 MG/5ML,9,FRASCO,1
101,MEDICINA FAMILIAR,PREDNISONA 5 MG/5ML,9,FRASCO,1
87,REUMATOLOGIA PEDIATRICA,PREDNISONA 5 MG/5ML,9,FRASCO,1
86,NEUMOLOGIA PEDIATRICA,PREDNISONA 5 MG/5ML,9,FRASCO,1
66,NEUROLOGIA PEDIATRICA,PREDNISONA 5 MG/5ML,9,FRASCO,8
60,GASTROENTEROLOGIA PEDIATRICA,PREDNISONA 5 MG/5ML,9,FRASCO,1
58,MASTOLOGIA,PREDNISONA 5 MG/5ML,9,FRASCO,1
57,DIABETOLOGIA,PREDNISONA 5 MG/5ML,9,FRASCO,1
56,NEUMOLOGIA,PREDNISONA 5 MG/5ML,9,FRASCO,1
50,NEFROLOGIA,PREDNISONA 5 MG/5ML,9,FRASCO,1
44,ENDOCRINOLOGIA PEDIATRICA,PREDNISONA 5 MG/5ML,9,FRASCO,1
42,DERMATOLOGIA PEDIATRICA,PREDNISONA 5 MG/5ML,9,FRASCO,1
37,PEDIATRIA,PREDNISONA 5 MG/5ML,9,FRASCO,1
21,UROLOGIA,PREDNISONA 5 MG/5ML,9,FRASCO,1
11,CLINICA MEDICA,PREDNISONA 5 MG/5ML,9,FRASCO,1
9,ALERGIA E INMUNOLOGIA,PREDNISONA 5 MG/5ML,9,FRASCO,1
8,DERMATOLOGIA,PREDNISONA 5 MG/5ML,9,FRASCO,1
6,NEFROLOGIA PEDIATRICA,PREDNISONA 5 MG/5ML,9,FRASCO,1
5,CARDIOLOGIA PEDIATRICA,PREDNISONA 5 MG/5ML,9,FRASCO,1
4,ENDOCRINOLOGIA,PREDNISONA 5 MG/5ML,9,FRASCO,1
177,PSIQUIATRIA INFANTIL,PREDNISONA 5 MG/5ML,9,FRASCO,1
170,ESTUDIOS HEMODINAMIA ,PREDNISONA 5 MG/5ML,9,FRASCO,2
217,TRAUMATOLOGIA TUMORES,ALFACALCIDOL,3,UNIDAD,20
216,TRAUMATOLOGIA RODILLA,ALFACALCIDOL,3,UNIDAD,20
215,TRAUMATOLOGIA HOMBRO Y CODO,ALFACALCIDOL,3,UNIDAD,20
214,TRAUMATOLOGIA PIE Y TOBILLO,ALFACALCIDOL,3,UNIDAD,20
213,TRAUMATOLOGIA MANO Y ANTEBRAZO,ALFACALCIDOL,3,UNIDAD,20
212,TRAUMATOLOGIA CADERA,ALFACALCIDOL,3,UNIDAD,20
211,TRAUMATOLOGIA COLUMNA,ALFACALCIDOL,3,UNIDAD,20
199,TELESALUD HV,ALFACALCIDOL,3,UNIDAD,30
182,NUTRIOLOGIA PEDIATRICA,ALFACALCIDOL,3,UNIDAD,20
160,CLIMATERIO,ALFACALCIDOL,3,UNIDAD,20
150,FISIATRA (NIÑOS) ,ALFACALCIDOL,3,UNIDAD,1
89,GERIATRIA,ALFACALCIDOL,3,UNIDAD,1
87,REUMATOLOGIA PEDIATRICA,ALFACALCIDOL,3,UNIDAD,20
69,UNIDAD DE TRANSPLANTE,ALFACALCIDOL,3,UNIDAD,20
58,MASTOLOGIA,ALFACALCIDOL,3,UNIDAD,20
57,DIABETOLOGIA,ALFACALCIDOL,3,UNIDAD,20
50,NEFROLOGIA,ALFACALCIDOL,3,UNIDAD,20
44,ENDOCRINOLOGIA PEDIATRICA,ALFACALCIDOL,3,UNIDAD,20
41,TRAUMATOLOGIA PEDIATRICA,ALFACALCIDOL,3,UNIDAD,20
34,GINECOLOGIA,ALFACALCIDOL,3,UNIDAD,20
33,GINECO-OBSTETRICIA,ALFACALCIDOL,3,UNIDAD,20
31,OBSTETRICIA,ALFACALCIDOL,3,UNIDAD,20
31,OBSTETRICIA,ALFACALCIDOL,3,UNIDAD,20
24,NEUROCIRUGIA,ALFACALCIDOL,3,UNIDAD,1
18,FISIATRIA ADULTO,ALFACALCIDOL,3,UNIDAD,20
16,TRAUMATOLOGIA GENERAL,ALFACALCIDOL,3,UNIDAD,20
6,NEFROLOGIA PEDIATRICA,ALFACALCIDOL,3,UNIDAD,20
4,ENDOCRINOLOGIA,ALFACALCIDOL,3,UNIDAD,20
1,REUMATOLOGIA,ALFACALCIDOL,3,UNIDAD,20
217,TRAUMATOLOGIA TUMORES,CALCIO CARBONATO CON VITAMINA D3  ,3,COMP500MG/400UI COMP.MASTICAB ,20
216,TRAUMATOLOGIA RODILLA,CALCIO CARBONATO CON VITAMINA D3  ,3,COMP500MG/400UI COMP.MASTICAB ,20
215,TRAUMATOLOGIA HOMBRO Y CODO,CALCIO CARBONATO CON VITAMINA D3  ,3,COMP500MG/400UI COMP.MASTICAB ,20
214,TRAUMATOLOGIA PIE Y TOBILLO,CALCIO CARBONATO CON VITAMINA D3  ,3,COMP500MG/400UI COMP.MASTICAB ,20
213,TRAUMATOLOGIA MANO Y ANTEBRAZO,CALCIO CARBONATO CON VITAMINA D3  ,3,COMP500MG/400UI COMP.MASTICAB ,20
212,TRAUMATOLOGIA CADERA,CALCIO CARBONATO CON VITAMINA D3  ,3,COMP500MG/400UI COMP.MASTICAB ,20
211,TRAUMATOLOGIA COLUMNA,CALCIO CARBONATO CON VITAMINA D3  ,3,COMP500MG/400UI COMP.MASTICAB ,20
199,TELESALUD HV,CALCIO CARBONATO CON VITAMINA D3  ,3,COMP500MG/400UI COMP.MASTICAB ,20
183,ONCOLOGIA PEDIATRICA,CALCIO CARBONATO CON VITAMINA D3  ,3,COMP500MG/400UI COMP.MASTICAB ,20
182,NUTRIOLOGIA PEDIATRICA,CALCIO CARBONATO CON VITAMINA D3  ,3,COMP500MG/400UI COMP.MASTICAB ,20
181,NEURODESARROLLO ,CALCIO CARBONATO CON VITAMINA D3  ,3,COMP500MG/400UI COMP.MASTICAB ,20
160,CLIMATERIO,CALCIO CARBONATO CON VITAMINA D3  ,3,COMP500MG/400UI COMP.MASTICAB ,20
110,HEMATOLOGIA CRONICOS,CALCIO CARBONATO CON VITAMINA D3  ,3,COMP500MG/400UI COMP.MASTICAB ,20
109,HEMATOLOGIA PEDIATRICA,CALCIO CARBONATO CON VITAMINA D3  ,3,COMP500MG/400UI COMP.MASTICAB ,20
101,MEDICINA FAMILIAR,CALCIO CARBONATO CON VITAMINA D3  ,3,COMP500MG/400UI COMP.MASTICAB ,20
89,GERIATRIA,CALCIO CARBONATO CON VITAMINA D3  ,3,COMP500MG/400UI COMP.MASTICAB ,20
87,REUMATOLOGIA PEDIATRICA,CALCIO CARBONATO CON VITAMINA D3  ,3,COMP500MG/400UI COMP.MASTICAB ,20
86,NEUMOLOGIA PEDIATRICA,CALCIO CARBONATO CON VITAMINA D3  ,3,COMP500MG/400UI COMP.MASTICAB ,20
69,UNIDAD DE TRANSPLANTE,CALCIO CARBONATO CON VITAMINA D3  ,3,COMP500MG/400UI COMP.MASTICAB ,20
66,NEUROLOGIA PEDIATRICA,CALCIO CARBONATO CON VITAMINA D3  ,3,COMP500MG/400UI COMP.MASTICAB ,60
60,GASTROENTEROLOGIA PEDIATRICA,CALCIO CARBONATO CON VITAMINA D3  ,3,COMP500MG/400UI COMP.MASTICAB ,20
58,MASTOLOGIA,CALCIO CARBONATO CON VITAMINA D3  ,3,COMP500MG/400UI COMP.MASTICAB ,20
57,DIABETOLOGIA,CALCIO CARBONATO CON VITAMINA D3  ,3,COMP500MG/400UI COMP.MASTICAB ,20
52,SALUD REPRODUCTIVA,CALCIO CARBONATO CON VITAMINA D3  ,3,COMP500MG/400UI COMP.MASTICAB ,20
50,NEFROLOGIA,CALCIO CARBONATO CON VITAMINA D3  ,3,COMP500MG/400UI COMP.MASTICAB ,20
49,ONCOLOGIA,CALCIO CARBONATO CON VITAMINA D3  ,3,COMP500MG/400UI COMP.MASTICAB ,20
44,ENDOCRINOLOGIA PEDIATRICA,CALCIO CARBONATO CON VITAMINA D3  ,3,COMP500MG/400UI COMP.MASTICAB ,20
42,DERMATOLOGIA PEDIATRICA,CALCIO CARBONATO CON VITAMINA D3  ,3,COMP500MG/400UI COMP.MASTICAB ,20
34,GINECOLOGIA,CALCIO CARBONATO CON VITAMINA D3  ,3,COMP500MG/400UI COMP.MASTICAB ,20
31,OBSTETRICIA,CALCIO CARBONATO CON VITAMINA D3  ,3,COMP500MG/400UI COMP.MASTICAB ,20
18,FISIATRIA ADULTO,CALCIO CARBONATO CON VITAMINA D3  ,3,COMP500MG/400UI COMP.MASTICAB ,20
16,TRAUMATOLOGIA GENERAL,CALCIO CARBONATO CON VITAMINA D3  ,3,COMP500MG/400UI COMP.MASTICAB ,20
12,CARDIOLOGIA,CALCIO CARBONATO CON VITAMINA D3  ,3,COMP500MG/400UI COMP.MASTICAB ,20
11,CLINICA MEDICA,CALCIO CARBONATO CON VITAMINA D3  ,3,COMP500MG/400UI COMP.MASTICAB ,20
11,CLINICA MEDICA,CALCIO CARBONATO CON VITAMINA D3  ,3,COMP500MG/400UI COMP.MASTICAB ,20
7,SIQUIATRIA,CALCIO CARBONATO CON VITAMINA D3  ,3,COMP500MG/400UI COMP.MASTICAB ,20
6,NEFROLOGIA PEDIATRICA,CALCIO CARBONATO CON VITAMINA D3  ,3,COMP500MG/400UI COMP.MASTICAB ,20
5,CARDIOLOGIA PEDIATRICA,CALCIO CARBONATO CON VITAMINA D3  ,3,COMP500MG/400UI COMP.MASTICAB ,20
4,ENDOCRINOLOGIA,CALCIO CARBONATO CON VITAMINA D3  ,3,COMP500MG/400UI COMP.MASTICAB ,20
4,ENDOCRINOLOGIA,CALCIO CARBONATO CON VITAMINA D3  ,3,COMP500MG/400UI COMP.MASTICAB ,20
2,HEMATOLOGIA,CALCIO CARBONATO CON VITAMINA D3  ,3,COMP500MG/400UI COMP.MASTICAB ,20
1,REUMATOLOGIA,CALCIO CARBONATO CON VITAMINA D3  ,3,COMP500MG/400UI COMP.MASTICAB ,20
177,PSIQUIATRIA INFANTIL,CALCIO CARBONATO CON VITAMINA D3  ,3,COMP500MG/400UI COMP.MASTICAB ,20
170,ESTUDIOS HEMODINAMIA ,CALCIO CARBONATO CON VITAMINA D3  ,3,COMP500MG/400UI COMP.MASTICAB ,150
217,TRAUMATOLOGIA TUMORES,CALCIO CARBONATO CON VITAMINA D3  ,4,COMP.500MG/400UI COMP.MASTICAB,20
216,TRAUMATOLOGIA RODILLA,CALCIO CARBONATO CON VITAMINA D3  ,4,COMP.500MG/400UI COMP.MASTICAB,20
215,TRAUMATOLOGIA HOMBRO Y CODO,CALCIO CARBONATO CON VITAMINA D3  ,4,COMP.500MG/400UI COMP.MASTICAB,20
214,TRAUMATOLOGIA PIE Y TOBILLO,CALCIO CARBONATO CON VITAMINA D3  ,4,COMP.500MG/400UI COMP.MASTICAB,20
213,TRAUMATOLOGIA MANO Y ANTEBRAZO,CALCIO CARBONATO CON VITAMINA D3  ,4,COMP.500MG/400UI COMP.MASTICAB,20
212,TRAUMATOLOGIA CADERA,CALCIO CARBONATO CON VITAMINA D3  ,4,COMP.500MG/400UI COMP.MASTICAB,20
211,TRAUMATOLOGIA COLUMNA,CALCIO CARBONATO CON VITAMINA D3  ,4,COMP.500MG/400UI COMP.MASTICAB,20
204,UNIDAD DE OBSTETRICIA,CALCIO CARBONATO CON VITAMINA D3  ,4,COMP.500MG/400UI COMP.MASTICAB,30
182,NUTRIOLOGIA PEDIATRICA,CALCIO CARBONATO CON VITAMINA D3  ,4,COMP.500MG/400UI COMP.MASTICAB,20
181,NEURODESARROLLO ,CALCIO CARBONATO CON VITAMINA D3  ,4,COMP.500MG/400UI COMP.MASTICAB,20
89,GERIATRIA,CALCIO CARBONATO CON VITAMINA D3  ,4,COMP.500MG/400UI COMP.MASTICAB,20
69,UNIDAD DE TRANSPLANTE,CALCIO CARBONATO CON VITAMINA D3  ,4,COMP.500MG/400UI COMP.MASTICAB,20
58,MASTOLOGIA,CALCIO CARBONATO CON VITAMINA D3  ,4,COMP.500MG/400UI COMP.MASTICAB,20
50,NEFROLOGIA,CALCIO CARBONATO CON VITAMINA D3  ,4,COMP.500MG/400UI COMP.MASTICAB,20
31,OBSTETRICIA,CALCIO CARBONATO CON VITAMINA D3  ,4,COMP.500MG/400UI COMP.MASTICAB,20
18,FISIATRIA ADULTO,CALCIO CARBONATO CON VITAMINA D3  ,4,COMP.500MG/400UI COMP.MASTICAB,20
16,TRAUMATOLOGIA GENERAL,CALCIO CARBONATO CON VITAMINA D3  ,4,COMP.500MG/400UI COMP.MASTICAB,20
11,CLINICA MEDICA,CALCIO CARBONATO CON VITAMINA D3  ,4,COMP.500MG/400UI COMP.MASTICAB,20
4,ENDOCRINOLOGIA,CALCIO CARBONATO CON VITAMINA D3  ,4,COMP.500MG/400UI COMP.MASTICAB,20
2,HEMATOLOGIA,CALCIO CARBONATO CON VITAMINA D3  ,4,COMP.500MG/400UI COMP.MASTICAB,20
109,HEMATOLOGIA PEDIATRICA,METILPREDNISOLONA 500 MG,2,FRASCO AMPOLLA,1
89,GERIATRIA,METILPREDNISOLONA 500 MG,2,FRASCO AMPOLLA,1
87,REUMATOLOGIA PEDIATRICA,METILPREDNISOLONA 500 MG,2,FRASCO AMPOLLA,1
69,UNIDAD DE TRANSPLANTE,METILPREDNISOLONA 500 MG,2,FRASCO AMPOLLA,20
66,NEUROLOGIA PEDIATRICA,METILPREDNISOLONA 500 MG,2,FRASCO AMPOLLA,1
50,NEFROLOGIA,METILPREDNISOLONA 500 MG,2,FRASCO AMPOLLA,1
48,TERAPIA INTENSIVA,METILPREDNISOLONA 500 MG,2,FRASCO AMPOLLA,1
24,NEUROCIRUGIA,METILPREDNISOLONA 500 MG,2,FRASCO AMPOLLA,1
11,CLINICA MEDICA,METILPREDNISOLONA 500 MG,2,FRASCO AMPOLLA,1
6,NEFROLOGIA PEDIATRICA,METILPREDNISOLONA 500 MG,2,FRASCO AMPOLLA,1
3,NEUROLOGIA,METILPREDNISOLONA 500 MG,2,FRASCO AMPOLLA,1
2,HEMATOLOGIA,METILPREDNISOLONA 500 MG,2,FRASCO AMPOLLA,1
1,REUMATOLOGIA,METILPREDNISOLONA 500 MG,2,FRASCO AMPOLLA,1
1,REUMATOLOGIA,METILPREDNISOLONA 500 MG,2,FRASCO AMPOLLA,1
14,URGENCIAS PEDIATRICAS,METILPREDNISOLONA 500 MG,2,FRASCO AMPOLLA,1
217,TRAUMATOLOGIA TUMORES,PARACETAMOL + CODEINA 500 MG + 30 MG,10,COMPRIMIDO,1
216,TRAUMATOLOGIA RODILLA,PARACETAMOL + CODEINA 500 MG + 30 MG,10,COMPRIMIDO,1
215,TRAUMATOLOGIA HOMBRO Y CODO,PARACETAMOL + CODEINA 500 MG + 30 MG,10,COMPRIMIDO,1
214,TRAUMATOLOGIA PIE Y TOBILLO,PARACETAMOL + CODEINA 500 MG + 30 MG,10,COMPRIMIDO,1
213,TRAUMATOLOGIA MANO Y ANTEBRAZO,PARACETAMOL + CODEINA 500 MG + 30 MG,10,COMPRIMIDO,1
212,TRAUMATOLOGIA CADERA,PARACETAMOL + CODEINA 500 MG + 30 MG,10,COMPRIMIDO,1
211,TRAUMATOLOGIA COLUMNA,PARACETAMOL + CODEINA 500 MG + 30 MG,10,COMPRIMIDO,1
199,TELESALUD HV,PARACETAMOL + CODEINA 500 MG + 30 MG,10,COMPRIMIDO,20
183,ONCOLOGIA PEDIATRICA,PARACETAMOL + CODEINA 500 MG + 30 MG,10,COMPRIMIDO,20
150,FISIATRA (NIÑOS) ,PARACETAMOL + CODEINA 500 MG + 30 MG,10,COMPRIMIDO,1
109,HEMATOLOGIA PEDIATRICA,PARACETAMOL + CODEINA 500 MG + 30 MG,10,COMPRIMIDO,20
101,MEDICINA FAMILIAR,PARACETAMOL + CODEINA 500 MG + 30 MG,10,COMPRIMIDO,60
97,SALUD OCUPACIONAL,PARACETAMOL + CODEINA 500 MG + 30 MG,10,COMPRIMIDO,20
91,TERAPIA DEL DOLOR Y MEDICINA PALIATIVA ,PARACETAMOL + CODEINA 500 MG + 30 MG,10,COMPRIMIDO,20
89,GERIATRIA,PARACETAMOL + CODEINA 500 MG + 30 MG,10,COMPRIMIDO,20
87,REUMATOLOGIA PEDIATRICA,PARACETAMOL + CODEINA 500 MG + 30 MG,10,COMPRIMIDO,20
86,NEUMOLOGIA PEDIATRICA,PARACETAMOL + CODEINA 500 MG + 30 MG,10,COMPRIMIDO,20
86,NEUMOLOGIA PEDIATRICA,PARACETAMOL + CODEINA 500 MG + 30 MG,10,COMPRIMIDO,1
69,UNIDAD DE TRANSPLANTE,PARACETAMOL + CODEINA 500 MG + 30 MG,10,COMPRIMIDO,20
66,NEUROLOGIA PEDIATRICA,PARACETAMOL + CODEINA 500 MG + 30 MG,10,COMPRIMIDO,60
59,RADIOTERAPIA,PARACETAMOL + CODEINA 500 MG + 30 MG,10,COMPRIMIDO,20
58,MASTOLOGIA,PARACETAMOL + CODEINA 500 MG + 30 MG,10,COMPRIMIDO,20
57,DIABETOLOGIA,PARACETAMOL + CODEINA 500 MG + 30 MG,10,COMPRIMIDO,20
56,NEUMOLOGIA,PARACETAMOL + CODEINA 500 MG + 30 MG,10,COMPRIMIDO,20
50,NEFROLOGIA,PARACETAMOL + CODEINA 500 MG + 30 MG,10,COMPRIMIDO,20
49,ONCOLOGIA,PARACETAMOL + CODEINA 500 MG + 30 MG,10,COMPRIMIDO,20
48,TERAPIA INTENSIVA,PARACETAMOL + CODEINA 500 MG + 30 MG,10,COMPRIMIDO,20
34,GINECOLOGIA,PARACETAMOL + CODEINA 500 MG + 30 MG,10,COMPRIMIDO,20
33,GINECO-OBSTETRICIA,PARACETAMOL + CODEINA 500 MG + 30 MG,10,COMPRIMIDO,20
31,OBSTETRICIA,PARACETAMOL + CODEINA 500 MG + 30 MG,10,COMPRIMIDO,20
24,NEUROCIRUGIA,PARACETAMOL + CODEINA 500 MG + 30 MG,10,COMPRIMIDO,20
22,OTORRINOLARINGOLOGIA,PARACETAMOL + CODEINA 500 MG + 30 MG,10,COMPRIMIDO,20
21,UROLOGIA,PARACETAMOL + CODEINA 500 MG + 30 MG,10,COMPRIMIDO,1
18,FISIATRIA ADULTO,PARACETAMOL + CODEINA 500 MG + 30 MG,10,COMPRIMIDO,20
16,TRAUMATOLOGIA GENERAL,PARACETAMOL + CODEINA 500 MG + 30 MG,10,COMPRIMIDO,1
11,CLINICA MEDICA,PARACETAMOL + CODEINA 500 MG + 30 MG,10,COMPRIMIDO,20
9,ALERGIA E INMUNOLOGIA,PARACETAMOL + CODEINA 500 MG + 30 MG,10,COMPRIMIDO,20
7,SIQUIATRIA,PARACETAMOL + CODEINA 500 MG + 30 MG,10,COMPRIMIDO,20
7,SIQUIATRIA,PARACETAMOL + CODEINA 500 MG + 30 MG,10,COMPRIMIDO,20
6,NEFROLOGIA PEDIATRICA,PARACETAMOL + CODEINA 500 MG + 30 MG,10,COMPRIMIDO,20
4,ENDOCRINOLOGIA,PARACETAMOL + CODEINA 500 MG + 30 MG,10,COMPRIMIDO,20
4,ENDOCRINOLOGIA,PARACETAMOL + CODEINA 500 MG + 30 MG,10,COMPRIMIDO,20
3,NEUROLOGIA,PARACETAMOL + CODEINA 500 MG + 30 MG,10,COMPRIMIDO,20
3,NEUROLOGIA,PARACETAMOL + CODEINA 500 MG + 30 MG,10,COMPRIMIDO,20
2,HEMATOLOGIA,PARACETAMOL + CODEINA 500 MG + 30 MG,10,COMPRIMIDO,1
1,REUMATOLOGIA,PARACETAMOL + CODEINA 500 MG + 30 MG,10,COMPRIMIDO,20
1,REUMATOLOGIA,PARACETAMOL + CODEINA 500 MG + 30 MG,10,COMPRIMIDO,20
177,PSIQUIATRIA INFANTIL,PARACETAMOL + CODEINA 500 MG + 30 MG,10,COMPRIMIDO,20
46,HEMODINAMIA,PARACETAMOL + CODEINA 500 MG + 30 MG,10,COMPRIMIDO,20
150,FISIATRA (NIÑOS) ,KETOROLAC  20 MG.COMPRIMIDO,3,COMPRIMIDO,1
69,UNIDAD DE TRANSPLANTE,KETOROLAC  20 MG.COMPRIMIDO,3,COMPRIMIDO,20
59,RADIOTERAPIA,KETOROLAC  20 MG.COMPRIMIDO,3,COMPRIMIDO,20
46,HEMODINAMIA,KETOROLAC  20 MG.COMPRIMIDO,3,COMPRIMIDO,20
204,UNIDAD DE OBSTETRICIA,KETOROLAC 60 MG (30 MG/ML),2,AMPOLLA,1
183,ONCOLOGIA PEDIATRICA,KETOROLAC 60 MG (30 MG/ML),2,AMPOLLA,1
58,MASTOLOGIA,KETOROLAC 60 MG (30 MG/ML),2,AMPOLLA,1
49,ONCOLOGIA,KETOROLAC 60 MG (30 MG/ML),2,AMPOLLA,1
2,HEMATOLOGIA,KETOROLAC 60 MG (30 MG/ML),2,AMPOLLA,1
35,HEMODIALISIS,KETOROLAC 60 MG (30 MG/ML),2,AMPOLLA,3
23,URGENCIAS CLINICA MEDICA,KETOROLAC 60 MG (30 MG/ML),2,AMPOLLA,1
160,CLIMATERIO,NITROGLICERINA 25 MG (5 MG/ML.) ,2,AMPOLLA,1
11,CLINICA MEDICA,NITROGLICERINA 25 MG (5 MG/ML.) ,2,AMPOLLA,1
66,NEUROLOGIA PEDIATRICA,BROMURO DE PIRIDOSTIGMINA 60 MG.,3,UNIDAD,240
48,TERAPIA INTENSIVA,BROMURO DE PIRIDOSTIGMINA 60 MG.,3,UNIDAD,1
24,NEUROCIRUGIA,BROMURO DE PIRIDOSTIGMINA 60 MG.,3,UNIDAD,20
10,GASTROENTEROLOGIA,BROMURO DE PIRIDOSTIGMINA 60 MG.,3,UNIDAD,1
3,NEUROLOGIA,BROMURO DE PIRIDOSTIGMINA 60 MG.,3,UNIDAD,20
3,NEUROLOGIA,BROMURO DE PIRIDOSTIGMINA 60 MG.,3,UNIDAD,20
160,CLIMATERIO,"NEOSTIGMINA 0,5 MG/ML.",2,AMPOLLA,1
5,CARDIOLOGIA PEDIATRICA,"NEOSTIGMINA 0,5 MG/ML.",2,AMPOLLA,1
204,UNIDAD DE OBSTETRICIA,ONDANSETRON 8 MG (2 MG/ML) ,2,AMPOLLA,1
183,ONCOLOGIA PEDIATRICA,ONDANSETRON 8 MG (2 MG/ML) ,2,AMPOLLA,1
69,UNIDAD DE TRANSPLANTE,ONDANSETRON 8 MG (2 MG/ML) ,2,AMPOLLA,1
59,RADIOTERAPIA,ONDANSETRON 8 MG (2 MG/ML) ,2,AMPOLLA,1
50,NEFROLOGIA,ONDANSETRON 8 MG (2 MG/ML) ,2,AMPOLLA,1
49,ONCOLOGIA,ONDANSETRON 8 MG (2 MG/ML) ,2,AMPOLLA,1
6,NEFROLOGIA PEDIATRICA,ONDANSETRON 8 MG (2 MG/ML) ,2,AMPOLLA,1
15,URGENCIAS TRAUMATOLOGIA,ONDANSETRON 8 MG (2 MG/ML) ,2,AMPOLLA,1
14,URGENCIAS PEDIATRICAS,ONDANSETRON 8 MG (2 MG/ML) ,2,AMPOLLA,1
204,UNIDAD DE OBSTETRICIA,LACTULOSA,11,FRASCO,1
199,TELESALUD HV,LACTULOSA,11,FRASCO,1
182,NUTRIOLOGIA PEDIATRICA,LACTULOSA,11,FRASCO,1
181,NEURODESARROLLO ,LACTULOSA,11,FRASCO,1
150,FISIATRA (NIÑOS) ,LACTULOSA,11,FRASCO,1
91,TERAPIA DEL DOLOR Y MEDICINA PALIATIVA ,LACTULOSA,11,FRASCO,1
91,TERAPIA DEL DOLOR Y MEDICINA PALIATIVA ,LACTULOSA,11,FRASCO,1
89,GERIATRIA,LACTULOSA,11,FRASCO,1
60,GASTROENTEROLOGIA PEDIATRICA,LACTULOSA,11,FRASCO,1
58,MASTOLOGIA,LACTULOSA,11,FRASCO,1
49,ONCOLOGIA,LACTULOSA,11,FRASCO,1
48,TERAPIA INTENSIVA,LACTULOSA,11,FRASCO,1
37,PEDIATRIA,LACTULOSA,11,FRASCO,1
31,OBSTETRICIA,LACTULOSA,11,FRASCO,1
29,PROCTOLOGIA,LACTULOSA,11,FRASCO,1
28,CIRUGIA GENERAL,LACTULOSA,11,FRASCO,1
24,NEUROCIRUGIA,LACTULOSA,11,FRASCO,1
18,FISIATRIA ADULTO,LACTULOSA,11,FRASCO,1
11,CLINICA MEDICA,LACTULOSA,11,FRASCO,1
10,GASTROENTEROLOGIA,LACTULOSA,11,FRASCO,1
6,NEFROLOGIA PEDIATRICA,LACTULOSA,11,FRASCO,1
110,HEMATOLOGIA CRONICOS,ENOXAPARINA 40 MG (4.000 UI),2,JER PRELL NO RET.C/DISP.BIOS.,1
109,HEMATOLOGIA PEDIATRICA,ENOXAPARINA 40 MG (4.000 UI),2,JER PRELL NO RET.C/DISP.BIOS.,1
109,HEMATOLOGIA PEDIATRICA,ENOXAPARINA 40 MG (4.000 UI),2,JER PRELL NO RET.C/DISP.BIOS.,1
84,ANTICOAGULADOS,ENOXAPARINA 40 MG (4.000 UI),2,JER PRELL NO RET.C/DISP.BIOS.,1
55,CARDIOCIRUGIA,ENOXAPARINA 40 MG (4.000 UI),2,JER PRELL NO RET.C/DISP.BIOS.,1
34,GINECOLOGIA,ENOXAPARINA 40 MG (4.000 UI),2,JER PRELL NO RET.C/DISP.BIOS.,1
31,OBSTETRICIA,ENOXAPARINA 40 MG (4.000 UI),2,JER PRELL NO RET.C/DISP.BIOS.,1
12,CARDIOLOGIA,ENOXAPARINA 40 MG (4.000 UI),2,JER PRELL NO RET.C/DISP.BIOS.,1
5,CARDIOLOGIA PEDIATRICA,ENOXAPARINA 40 MG (4.000 UI),2,JER PRELL NO RET.C/DISP.BIOS.,20
2,HEMATOLOGIA,ENOXAPARINA 40 MG (4.000 UI),2,JER PRELL NO RET.C/DISP.BIOS.,1
35,HEMODIALISIS,ENOXAPARINA 40 MG (4.000 UI),2,JER PRELL NO RET.C/DISP.BIOS.,1
23,URGENCIAS CLINICA MEDICA,ENOXAPARINA 40 MG (4.000 UI),2,JER PRELL NO RET.C/DISP.BIOS.,1
204,UNIDAD DE OBSTETRICIA,ACIDO FOLICO 10 MG.COMPRIMIDOS,3,COMPRIMIDO,20
199,TELESALUD HV,ACIDO FOLICO 10 MG.COMPRIMIDOS,3,COMPRIMIDO,30
183,ONCOLOGIA PEDIATRICA,ACIDO FOLICO 10 MG.COMPRIMIDOS,3,COMPRIMIDO,20
182,NUTRIOLOGIA PEDIATRICA,ACIDO FOLICO 10 MG.COMPRIMIDOS,3,COMPRIMIDO,20
181,NEURODESARROLLO ,ACIDO FOLICO 10 MG.COMPRIMIDOS,3,COMPRIMIDO,20
160,CLIMATERIO,ACIDO FOLICO 10 MG.COMPRIMIDOS,3,COMPRIMIDO,20
139,INFECTOLOGIA PEDIATRICA,ACIDO FOLICO 10 MG.COMPRIMIDOS,3,COMPRIMIDO,20
110,HEMATOLOGIA CRONICOS,ACIDO FOLICO 10 MG.COMPRIMIDOS,3,COMPRIMIDO,20
109,HEMATOLOGIA PEDIATRICA,ACIDO FOLICO 10 MG.COMPRIMIDOS,3,COMPRIMIDO,20
101,MEDICINA FAMILIAR,ACIDO FOLICO 10 MG.COMPRIMIDOS,3,COMPRIMIDO,20
101,MEDICINA FAMILIAR,ACIDO FOLICO 10 MG.COMPRIMIDOS,3,COMPRIMIDO,20
89,GERIATRIA,ACIDO FOLICO 10 MG.COMPRIMIDOS,3,COMPRIMIDO,20
87,REUMATOLOGIA PEDIATRICA,ACIDO FOLICO 10 MG.COMPRIMIDOS,3,COMPRIMIDO,20
86,NEUMOLOGIA PEDIATRICA,ACIDO FOLICO 10 MG.COMPRIMIDOS,3,COMPRIMIDO,20
69,UNIDAD DE TRANSPLANTE,ACIDO FOLICO 10 MG.COMPRIMIDOS,3,COMPRIMIDO,20
66,NEUROLOGIA PEDIATRICA,ACIDO FOLICO 10 MG.COMPRIMIDOS,3,COMPRIMIDO,60
60,GASTROENTEROLOGIA PEDIATRICA,ACIDO FOLICO 10 MG.COMPRIMIDOS,3,COMPRIMIDO,20
58,MASTOLOGIA,ACIDO FOLICO 10 MG.COMPRIMIDOS,3,COMPRIMIDO,20
57,DIABETOLOGIA,ACIDO FOLICO 10 MG.COMPRIMIDOS,3,COMPRIMIDO,20
56,NEUMOLOGIA,ACIDO FOLICO 10 MG.COMPRIMIDOS,3,COMPRIMIDO,20
52,SALUD REPRODUCTIVA,ACIDO FOLICO 10 MG.COMPRIMIDOS,3,COMPRIMIDO,20
50,NEFROLOGIA,ACIDO FOLICO 10 MG.COMPRIMIDOS,3,COMPRIMIDO,20
49,ONCOLOGIA,ACIDO FOLICO 10 MG.COMPRIMIDOS,3,COMPRIMIDO,20
44,ENDOCRINOLOGIA PEDIATRICA,ACIDO FOLICO 10 MG.COMPRIMIDOS,3,COMPRIMIDO,20
37,PEDIATRIA,ACIDO FOLICO 10 MG.COMPRIMIDOS,3,COMPRIMIDO,20
34,GINECOLOGIA,ACIDO FOLICO 10 MG.COMPRIMIDOS,3,COMPRIMIDO,20
34,GINECOLOGIA,ACIDO FOLICO 10 MG.COMPRIMIDOS,3,COMPRIMIDO,30
34,GINECOLOGIA,ACIDO FOLICO 10 MG.COMPRIMIDOS,3,COMPRIMIDO,20
34,GINECOLOGIA,ACIDO FOLICO 10 MG.COMPRIMIDOS,3,COMPRIMIDO,20
33,GINECO-OBSTETRICIA,ACIDO FOLICO 10 MG.COMPRIMIDOS,3,COMPRIMIDO,30
31,OBSTETRICIA,ACIDO FOLICO 10 MG.COMPRIMIDOS,3,COMPRIMIDO,20
12,CARDIOLOGIA,ACIDO FOLICO 10 MG.COMPRIMIDOS,3,COMPRIMIDO,20
11,CLINICA MEDICA,ACIDO FOLICO 10 MG.COMPRIMIDOS,3,COMPRIMIDO,20
10,GASTROENTEROLOGIA,ACIDO FOLICO 10 MG.COMPRIMIDOS,3,COMPRIMIDO,20
9,ALERGIA E INMUNOLOGIA,ACIDO FOLICO 10 MG.COMPRIMIDOS,3,COMPRIMIDO,20
8,DERMATOLOGIA,ACIDO FOLICO 10 MG.COMPRIMIDOS,3,COMPRIMIDO,20
7,SIQUIATRIA,ACIDO FOLICO 10 MG.COMPRIMIDOS,3,COMPRIMIDO,20
6,NEFROLOGIA PEDIATRICA,ACIDO FOLICO 10 MG.COMPRIMIDOS,3,COMPRIMIDO,20
6,NEFROLOGIA PEDIATRICA,ACIDO FOLICO 10 MG.COMPRIMIDOS,3,COMPRIMIDO,20
5,CARDIOLOGIA PEDIATRICA,ACIDO FOLICO 10 MG.COMPRIMIDOS,3,COMPRIMIDO,20
4,ENDOCRINOLOGIA,ACIDO FOLICO 10 MG.COMPRIMIDOS,3,COMPRIMIDO,20
3,NEUROLOGIA,ACIDO FOLICO 10 MG.COMPRIMIDOS,3,COMPRIMIDO,20
2,HEMATOLOGIA,ACIDO FOLICO 10 MG.COMPRIMIDOS,3,COMPRIMIDO,20
1,REUMATOLOGIA,ACIDO FOLICO 10 MG.COMPRIMIDOS,3,COMPRIMIDO,20
177,PSIQUIATRIA INFANTIL,ACIDO FOLICO 10 MG.COMPRIMIDOS,3,COMPRIMIDO,20
170,ESTUDIOS HEMODINAMIA ,ACIDO FOLICO 10 MG.COMPRIMIDOS,3,COMPRIMIDO,20
44,ENDOCRINOLOGIA PEDIATRICA,HORMONA DE CRECIMIENTO (SOMATOTROPINA) INYECTABLE,2,AMPOLLA 4UI/ML,1
44,ENDOCRINOLOGIA PEDIATRICA,HORMONA DE CRECIMIENTO (SOMATOTROPINA) INYECTABLE,2,AMPOLLA 4UI/ML,1
4,ENDOCRINOLOGIA,HORMONA DE CRECIMIENTO (SOMATOTROPINA) INYECTABLE,2,AMPOLLA 4UI/ML,1
4,ENDOCRINOLOGIA,HORMONA DE CRECIMIENTO (SOMATOTROPINA) INYECTABLE,2,AMPOLLA 4UI/ML,1
199,TELESALUD HV,DESMOPRESINA,19,UNIDAD,30
69,UNIDAD DE TRANSPLANTE,DESMOPRESINA,19,UNIDAD,1
48,TERAPIA INTENSIVA,DESMOPRESINA,19,UNIDAD,1
44,ENDOCRINOLOGIA PEDIATRICA,DESMOPRESINA,19,UNIDAD,1
24,NEUROCIRUGIA,DESMOPRESINA,19,UNIDAD,1
4,ENDOCRINOLOGIA,DESMOPRESINA,19,UNIDAD,1
2,HEMATOLOGIA,DESMOPRESINA,19,UNIDAD,1
183,ONCOLOGIA PEDIATRICA,DESMOPRESINA,20,FRASCO  ,1
109,HEMATOLOGIA PEDIATRICA,DESMOPRESINA,20,FRASCO  ,1
4,ENDOCRINOLOGIA,GLUCAGON 1MG(1UI)INYECTABLE.,2, FRASCO AMPOLLA/JERINGA PRELL,1
59,RADIOTERAPIA,"TRIPTORELINA 3,75 MG INYECTABLE",2,AMPOLLA + SOLVENTE,1
49,ONCOLOGIA,"TRIPTORELINA 3,75 MG INYECTABLE",2,AMPOLLA + SOLVENTE,1
34,GINECOLOGIA,"TRIPTORELINA 3,75 MG INYECTABLE",2,AMPOLLA + SOLVENTE,1
33,GINECO-OBSTETRICIA,"TRIPTORELINA 3,75 MG INYECTABLE",2,AMPOLLA + SOLVENTE,1
31,OBSTETRICIA,"TRIPTORELINA 3,75 MG INYECTABLE",2,AMPOLLA + SOLVENTE,1
21,UROLOGIA,"TRIPTORELINA 3,75 MG INYECTABLE",2,AMPOLLA + SOLVENTE,1
160,CLIMATERIO,"LEUPROLIDE (LEUPRORELINA)3,75MG INYECTABLE.",1,VIAL+SOLVENTE/JER. PRELLENADA,1
49,ONCOLOGIA,"LEUPROLIDE (LEUPRORELINA)3,75MG INYECTABLE.",1,VIAL+SOLVENTE/JER. PRELLENADA,1
44,ENDOCRINOLOGIA PEDIATRICA,"LEUPROLIDE (LEUPRORELINA)3,75MG INYECTABLE.",1,VIAL+SOLVENTE/JER. PRELLENADA,1
34,GINECOLOGIA,"LEUPROLIDE (LEUPRORELINA)3,75MG INYECTABLE.",1,VIAL+SOLVENTE/JER. PRELLENADA,1
34,GINECOLOGIA,"LEUPROLIDE (LEUPRORELINA)3,75MG INYECTABLE.",1,VIAL+SOLVENTE/JER. PRELLENADA,1
33,GINECO-OBSTETRICIA,"LEUPROLIDE (LEUPRORELINA)3,75MG INYECTABLE.",1,VIAL+SOLVENTE/JER. PRELLENADA,1
21,UROLOGIA,"LEUPROLIDE (LEUPRORELINA)3,75MG INYECTABLE.",1,VIAL+SOLVENTE/JER. PRELLENADA,1
21,UROLOGIA,"LEUPROLIDE (LEUPRORELINA)3,75MG INYECTABLE.",1,VIAL+SOLVENTE/JER. PRELLENADA,1
4,ENDOCRINOLOGIA,"LEUPROLIDE (LEUPRORELINA)3,75MG INYECTABLE.",1,VIAL+SOLVENTE/JER. PRELLENADA,1
183,ONCOLOGIA PEDIATRICA,OCTREOTIDA ACETATO INYECTABLE,2,AMPOLLA ,1
60,GASTROENTEROLOGIA PEDIATRICA,OCTREOTIDA ACETATO INYECTABLE,2,AMPOLLA ,1
49,ONCOLOGIA,OCTREOTIDA ACETATO INYECTABLE,2,AMPOLLA ,1
44,ENDOCRINOLOGIA PEDIATRICA,OCTREOTIDA ACETATO INYECTABLE,2,AMPOLLA ,1
10,GASTROENTEROLOGIA,OCTREOTIDA ACETATO INYECTABLE,2,AMPOLLA ,1
10,GASTROENTEROLOGIA,OCTREOTIDA ACETATO INYECTABLE,2,AMPOLLA ,1
4,ENDOCRINOLOGIA,OCTREOTIDA ACETATO INYECTABLE,2,AMPOLLA ,1
4,ENDOCRINOLOGIA,OCTREOTIDA ACETATO INYECTABLE,2,AMPOLLA ,1
183,ONCOLOGIA PEDIATRICA,OCTREOTIDA ACETATO INYECTABLE,3,AMPOLLA 20 MG ,1
10,GASTROENTEROLOGIA,OCTREOTIDA ACETATO INYECTABLE,3,AMPOLLA 20 MG ,1
4,ENDOCRINOLOGIA,OCTREOTIDA ACETATO INYECTABLE,3,AMPOLLA 20 MG ,1
199,TELESALUD HV,FENOBARBITAL 15 MG,3,COMPRIMIDO,30
181,NEURODESARROLLO ,FENOBARBITAL 15 MG,3,COMPRIMIDO,20
101,MEDICINA FAMILIAR,FENOBARBITAL 15 MG,3,COMPRIMIDO,20
97,SALUD OCUPACIONAL,FENOBARBITAL 15 MG,3,COMPRIMIDO,1
89,GERIATRIA,FENOBARBITAL 15 MG,3,COMPRIMIDO,1
86,NEUMOLOGIA PEDIATRICA,FENOBARBITAL 15 MG,3,COMPRIMIDO,1
66,NEUROLOGIA PEDIATRICA,FENOBARBITAL 15 MG,3,COMPRIMIDO,100
37,PEDIATRIA,FENOBARBITAL 15 MG,3,COMPRIMIDO,20
24,NEUROCIRUGIA,FENOBARBITAL 15 MG,3,COMPRIMIDO,20
7,SIQUIATRIA,FENOBARBITAL 15 MG,3,COMPRIMIDO,20
3,NEUROLOGIA,FENOBARBITAL 15 MG,3,COMPRIMIDO,20
177,PSIQUIATRIA INFANTIL,FENOBARBITAL 15 MG,3,COMPRIMIDO,20
199,TELESALUD HV,DIFENIL HIDANTOINATO SODICO 100 MG/5 ML JARABE.,9,FRASCO X 100 A 125ML,3
183,ONCOLOGIA PEDIATRICA,DIFENIL HIDANTOINATO SODICO 100 MG/5 ML JARABE.,9,FRASCO X 100 A 125ML,1
139,INFECTOLOGIA PEDIATRICA,DIFENIL HIDANTOINATO SODICO 100 MG/5 ML JARABE.,9,FRASCO X 100 A 125ML,1
101,MEDICINA FAMILIAR,DIFENIL HIDANTOINATO SODICO 100 MG/5 ML JARABE.,9,FRASCO X 100 A 125ML,1
91,TERAPIA DEL DOLOR Y MEDICINA PALIATIVA ,DIFENIL HIDANTOINATO SODICO 100 MG/5 ML JARABE.,9,FRASCO X 100 A 125ML,1
89,GERIATRIA,DIFENIL HIDANTOINATO SODICO 100 MG/5 ML JARABE.,9,FRASCO X 100 A 125ML,1
66,NEUROLOGIA PEDIATRICA,DIFENIL HIDANTOINATO SODICO 100 MG/5 ML JARABE.,9,FRASCO X 100 A 125ML,6
59,RADIOTERAPIA,DIFENIL HIDANTOINATO SODICO 100 MG/5 ML JARABE.,9,FRASCO X 100 A 125ML,1
49,ONCOLOGIA,DIFENIL HIDANTOINATO SODICO 100 MG/5 ML JARABE.,9,FRASCO X 100 A 125ML,1
49,ONCOLOGIA,DIFENIL HIDANTOINATO SODICO 100 MG/5 ML JARABE.,9,FRASCO X 100 A 125ML,1
47,INFECTOLOGIA,DIFENIL HIDANTOINATO SODICO 100 MG/5 ML JARABE.,9,FRASCO X 100 A 125ML,1
37,PEDIATRIA,DIFENIL HIDANTOINATO SODICO 100 MG/5 ML JARABE.,9,FRASCO X 100 A 125ML,1
37,PEDIATRIA,DIFENIL HIDANTOINATO SODICO 100 MG/5 ML JARABE.,9,FRASCO X 100 A 125ML,1
24,NEUROCIRUGIA,DIFENIL HIDANTOINATO SODICO 100 MG/5 ML JARABE.,9,FRASCO X 100 A 125ML,1
11,CLINICA MEDICA,DIFENIL HIDANTOINATO SODICO 100 MG/5 ML JARABE.,9,FRASCO X 100 A 125ML,1
7,SIQUIATRIA,DIFENIL HIDANTOINATO SODICO 100 MG/5 ML JARABE.,9,FRASCO X 100 A 125ML,1
3,NEUROLOGIA,DIFENIL HIDANTOINATO SODICO 100 MG/5 ML JARABE.,9,FRASCO X 100 A 125ML,1
199,TELESALUD HV,"CLONAZEPAM 2,5 MG/ML.",8,FRASCO GOTERO,2
183,ONCOLOGIA PEDIATRICA,"CLONAZEPAM 2,5 MG/ML.",8,FRASCO GOTERO,1
181,NEURODESARROLLO ,"CLONAZEPAM 2,5 MG/ML.",8,FRASCO GOTERO,1
150,FISIATRA (NIÑOS) ,"CLONAZEPAM 2,5 MG/ML.",8,FRASCO GOTERO,1
110,HEMATOLOGIA CRONICOS,"CLONAZEPAM 2,5 MG/ML.",8,FRASCO GOTERO,1
109,HEMATOLOGIA PEDIATRICA,"CLONAZEPAM 2,5 MG/ML.",8,FRASCO GOTERO,1
91,TERAPIA DEL DOLOR Y MEDICINA PALIATIVA ,"CLONAZEPAM 2,5 MG/ML.",8,FRASCO GOTERO,1
89,GERIATRIA,"CLONAZEPAM 2,5 MG/ML.",8,FRASCO GOTERO,1
69,UNIDAD DE TRANSPLANTE,"CLONAZEPAM 2,5 MG/ML.",8,FRASCO GOTERO,1
66,NEUROLOGIA PEDIATRICA,"CLONAZEPAM 2,5 MG/ML.",8,FRASCO GOTERO,6
59,RADIOTERAPIA,"CLONAZEPAM 2,5 MG/ML.",8,FRASCO GOTERO,1
55,CARDIOCIRUGIA,"CLONAZEPAM 2,5 MG/ML.",8,FRASCO GOTERO,1
50,NEFROLOGIA,"CLONAZEPAM 2,5 MG/ML.",8,FRASCO GOTERO,1
49,ONCOLOGIA,"CLONAZEPAM 2,5 MG/ML.",8,FRASCO GOTERO,1
49,ONCOLOGIA,"CLONAZEPAM 2,5 MG/ML.",8,FRASCO GOTERO,1
24,NEUROCIRUGIA,"CLONAZEPAM 2,5 MG/ML.",8,FRASCO GOTERO,1
22,OTORRINOLARINGOLOGIA,"CLONAZEPAM 2,5 MG/ML.",8,FRASCO GOTERO,1
18,FISIATRIA ADULTO,"CLONAZEPAM 2,5 MG/ML.",8,FRASCO GOTERO,1
12,CARDIOLOGIA,"CLONAZEPAM 2,5 MG/ML.",8,FRASCO GOTERO,1
11,CLINICA MEDICA,"CLONAZEPAM 2,5 MG/ML.",8,FRASCO GOTERO,1
7,SIQUIATRIA,"CLONAZEPAM 2,5 MG/ML.",8,FRASCO GOTERO,1
6,NEFROLOGIA PEDIATRICA,"CLONAZEPAM 2,5 MG/ML.",8,FRASCO GOTERO,1
5,CARDIOLOGIA PEDIATRICA,"CLONAZEPAM 2,5 MG/ML.",8,FRASCO GOTERO,1
3,NEUROLOGIA,"CLONAZEPAM 2,5 MG/ML.",8,FRASCO GOTERO,1
2,HEMATOLOGIA,"CLONAZEPAM 2,5 MG/ML.",8,FRASCO GOTERO,1
177,PSIQUIATRIA INFANTIL,"CLONAZEPAM 2,5 MG/ML.",8,FRASCO GOTERO,1
46,HEMODINAMIA,"CLONAZEPAM 2,5 MG/ML.",8,FRASCO GOTERO,1
150,FISIATRA (NIÑOS) ,OXCARBAZEPINA 600 MG.,3,COMPRIMIDO,1
91,TERAPIA DEL DOLOR Y MEDICINA PALIATIVA ,OXCARBAZEPINA 600 MG.,3,COMPRIMIDO,1
66,NEUROLOGIA PEDIATRICA,OXCARBAZEPINA 600 MG.,3,COMPRIMIDO,120
49,ONCOLOGIA,OXCARBAZEPINA 600 MG.,3,COMPRIMIDO,1
24,NEUROCIRUGIA,OXCARBAZEPINA 600 MG.,3,COMPRIMIDO,20
18,FISIATRIA ADULTO,OXCARBAZEPINA 600 MG.,3,COMPRIMIDO,1
7,SIQUIATRIA,OXCARBAZEPINA 600 MG.,3,COMPRIMIDO,1
3,NEUROLOGIA,OXCARBAZEPINA 600 MG.,3,COMPRIMIDO,20
177,PSIQUIATRIA INFANTIL,OXCARBAZEPINA 600 MG.,3,COMPRIMIDO,20
160,CLIMATERIO,EXPECT/MUCOLIT ADULTO AMBROXOL/BROMEXINA 30MG-8MG/5ML JBE ,9,"9-FCO 100/150 ML",1
139,INFECTOLOGIA PEDIATRICA,EXPECT/MUCOLIT ADULTO AMBROXOL/BROMEXINA 30MG-8MG/5ML JBE ,9,"9-FCO 100/150 ML",1
86,NEUMOLOGIA PEDIATRICA,EXPECT/MUCOLIT ADULTO AMBROXOL/BROMEXINA 30MG-8MG/5ML JBE ,9,"9-FCO 100/150 ML",1
56,NEUMOLOGIA,EXPECT/MUCOLIT ADULTO AMBROXOL/BROMEXINA 30MG-8MG/5ML JBE ,9,"9-FCO 100/150 ML",1
42,DERMATOLOGIA PEDIATRICA,EXPECT/MUCOLIT ADULTO AMBROXOL/BROMEXINA 30MG-8MG/5ML JBE ,9,"9-FCO 100/150 ML",1
11,CLINICA MEDICA,EXPECT/MUCOLIT ADULTO AMBROXOL/BROMEXINA 30MG-8MG/5ML JBE ,9,"9-FCO 100/150 ML",1
170,ESTUDIOS HEMODINAMIA ,EXPECT/MUCOLIT ADULTO AMBROXOL/BROMEXINA 30MG-8MG/5ML JBE ,9,"9-FCO 100/150 ML",2
66,NEUROLOGIA PEDIATRICA,HALOPERIDOL DECANOATO 50 MG/ML,2,AMPOLLA,1
24,NEUROCIRUGIA,HALOPERIDOL DECANOATO 50 MG/ML,2,AMPOLLA,1
7,SIQUIATRIA,HALOPERIDOL DECANOATO 50 MG/ML,2,AMPOLLA,1
3,NEUROLOGIA,HALOPERIDOL DECANOATO 50 MG/ML,2,AMPOLLA,1
177,PSIQUIATRIA INFANTIL,HALOPERIDOL DECANOATO 50 MG/ML,2,AMPOLLA,1
22,OTORRINOLARINGOLOGIA,B-HISTINA 16 MG ,3,COMPRIMIDO,1
11,CLINICA MEDICA,B-HISTINA 16 MG ,3,COMPRIMIDO,1
199,TELESALUD HV,"ALPRAZOLAM 0,5 MG. ",3,COMPRIMIDO,30
183,ONCOLOGIA PEDIATRICA,"ALPRAZOLAM 0,5 MG. ",3,COMPRIMIDO,20
181,NEURODESARROLLO ,"ALPRAZOLAM 0,5 MG. ",3,COMPRIMIDO,20
160,CLIMATERIO,"ALPRAZOLAM 0,5 MG. ",3,COMPRIMIDO,20
110,HEMATOLOGIA CRONICOS,"ALPRAZOLAM 0,5 MG. ",3,COMPRIMIDO,20
109,HEMATOLOGIA PEDIATRICA,"ALPRAZOLAM 0,5 MG. ",3,COMPRIMIDO,20
101,MEDICINA FAMILIAR,"ALPRAZOLAM 0,5 MG. ",3,COMPRIMIDO,20
101,MEDICINA FAMILIAR,"ALPRAZOLAM 0,5 MG. ",3,COMPRIMIDO,20
91,TERAPIA DEL DOLOR Y MEDICINA PALIATIVA ,"ALPRAZOLAM 0,5 MG. ",3,COMPRIMIDO,20
89,GERIATRIA,"ALPRAZOLAM 0,5 MG. ",3,COMPRIMIDO,20
87,REUMATOLOGIA PEDIATRICA,"ALPRAZOLAM 0,5 MG. ",3,COMPRIMIDO,20
66,NEUROLOGIA PEDIATRICA,"ALPRAZOLAM 0,5 MG. ",3,COMPRIMIDO,60
60,GASTROENTEROLOGIA PEDIATRICA,"ALPRAZOLAM 0,5 MG. ",3,COMPRIMIDO,20
58,MASTOLOGIA,"ALPRAZOLAM 0,5 MG. ",3,COMPRIMIDO,20
57,DIABETOLOGIA,"ALPRAZOLAM 0,5 MG. ",3,COMPRIMIDO,20
56,NEUMOLOGIA,"ALPRAZOLAM 0,5 MG. ",3,COMPRIMIDO,20
56,NEUMOLOGIA,"ALPRAZOLAM 0,5 MG. ",3,COMPRIMIDO,1
50,NEFROLOGIA,"ALPRAZOLAM 0,5 MG. ",3,COMPRIMIDO,20
50,NEFROLOGIA,"ALPRAZOLAM 0,5 MG. ",3,COMPRIMIDO,20
49,ONCOLOGIA,"ALPRAZOLAM 0,5 MG. ",3,COMPRIMIDO,20
49,ONCOLOGIA,"ALPRAZOLAM 0,5 MG. ",3,COMPRIMIDO,20
42,DERMATOLOGIA PEDIATRICA,"ALPRAZOLAM 0,5 MG. ",3,COMPRIMIDO,20
34,GINECOLOGIA,"ALPRAZOLAM 0,5 MG. ",3,COMPRIMIDO,20
34,GINECOLOGIA,"ALPRAZOLAM 0,5 MG. ",3,COMPRIMIDO,20
33,GINECO-OBSTETRICIA,"ALPRAZOLAM 0,5 MG. ",3,COMPRIMIDO,20
31,OBSTETRICIA,"ALPRAZOLAM 0,5 MG. ",3,COMPRIMIDO,20
21,UROLOGIA,"ALPRAZOLAM 0,5 MG. ",3,COMPRIMIDO,20
18,FISIATRIA ADULTO,"ALPRAZOLAM 0,5 MG. ",3,COMPRIMIDO,20
12,CARDIOLOGIA,"ALPRAZOLAM 0,5 MG. ",3,COMPRIMIDO,20
11,CLINICA MEDICA,"ALPRAZOLAM 0,5 MG. ",3,COMPRIMIDO,20
11,CLINICA MEDICA,"ALPRAZOLAM 0,5 MG. ",3,COMPRIMIDO,20
9,ALERGIA E INMUNOLOGIA,"ALPRAZOLAM 0,5 MG. ",3,COMPRIMIDO,20
7,SIQUIATRIA,"ALPRAZOLAM 0,5 MG. ",3,COMPRIMIDO,20
7,SIQUIATRIA,"ALPRAZOLAM 0,5 MG. ",3,COMPRIMIDO,1
6,NEFROLOGIA PEDIATRICA,"ALPRAZOLAM 0,5 MG. ",3,COMPRIMIDO,20
5,CARDIOLOGIA PEDIATRICA,"ALPRAZOLAM 0,5 MG. ",3,COMPRIMIDO,20
4,ENDOCRINOLOGIA,"ALPRAZOLAM 0,5 MG. ",3,COMPRIMIDO,20
3,NEUROLOGIA,"ALPRAZOLAM 0,5 MG. ",3,COMPRIMIDO,20
2,HEMATOLOGIA,"ALPRAZOLAM 0,5 MG. ",3,COMPRIMIDO,20
1,REUMATOLOGIA,"ALPRAZOLAM 0,5 MG. ",3,COMPRIMIDO,20
177,PSIQUIATRIA INFANTIL,"ALPRAZOLAM 0,5 MG. ",3,COMPRIMIDO,20
170,ESTUDIOS HEMODINAMIA ,"ALPRAZOLAM 0,5 MG. ",3,COMPRIMIDO,20
199,TELESALUD HV,SALBUTAMOL 5 MG/ML,1,FRASCO-GOTERO ,1
101,MEDICINA FAMILIAR,SALBUTAMOL 5 MG/ML,1,FRASCO-GOTERO ,1
97,SALUD OCUPACIONAL,SALBUTAMOL 5 MG/ML,1,FRASCO-GOTERO ,1
91,TERAPIA DEL DOLOR Y MEDICINA PALIATIVA ,SALBUTAMOL 5 MG/ML,1,FRASCO-GOTERO ,1
89,GERIATRIA,SALBUTAMOL 5 MG/ML,1,FRASCO-GOTERO ,1
86,NEUMOLOGIA PEDIATRICA,SALBUTAMOL 5 MG/ML,1,FRASCO-GOTERO ,1
69,UNIDAD DE TRANSPLANTE,SALBUTAMOL 5 MG/ML,1,FRASCO-GOTERO ,1
56,NEUMOLOGIA,SALBUTAMOL 5 MG/ML,1,FRASCO-GOTERO ,1
50,NEFROLOGIA,SALBUTAMOL 5 MG/ML,1,FRASCO-GOTERO ,1
48,TERAPIA INTENSIVA,SALBUTAMOL 5 MG/ML,1,FRASCO-GOTERO ,1
43,OTORRINOLARINGOLOGIA PEDIATRICA,SALBUTAMOL 5 MG/ML,1,FRASCO-GOTERO ,1
37,PEDIATRIA,SALBUTAMOL 5 MG/ML,1,FRASCO-GOTERO ,1
34,GINECOLOGIA,SALBUTAMOL 5 MG/ML,1,FRASCO-GOTERO ,1
33,GINECO-OBSTETRICIA,SALBUTAMOL 5 MG/ML,1,FRASCO-GOTERO ,1
31,OBSTETRICIA,SALBUTAMOL 5 MG/ML,1,FRASCO-GOTERO ,1
22,OTORRINOLARINGOLOGIA,SALBUTAMOL 5 MG/ML,1,FRASCO-GOTERO ,1
11,CLINICA MEDICA,SALBUTAMOL 5 MG/ML,1,FRASCO-GOTERO ,1
9,ALERGIA E INMUNOLOGIA,SALBUTAMOL 5 MG/ML,1,FRASCO-GOTERO ,1
6,NEFROLOGIA PEDIATRICA,SALBUTAMOL 5 MG/ML,1,FRASCO-GOTERO ,1
23,URGENCIAS CLINICA MEDICA,SALBUTAMOL 5 MG/ML,1,FRASCO-GOTERO ,1
14,URGENCIAS PEDIATRICAS,SALBUTAMOL 5 MG/ML,1,FRASCO-GOTERO ,1
89,GERIATRIA,SALBUTAMOL +IPRATROPIO(C/PROPELENTE LIBRE DE CL Y/O BR) AER,13,FRASCO CON ADAPTADOR BUCAL,1
89,GERIATRIA,SALBUTAMOL +IPRATROPIO(C/PROPELENTE LIBRE DE CL Y/O BR) AER,13,FRASCO CON ADAPTADOR BUCAL,1
86,NEUMOLOGIA PEDIATRICA,SALBUTAMOL +IPRATROPIO(C/PROPELENTE LIBRE DE CL Y/O BR) AER,13,FRASCO CON ADAPTADOR BUCAL,1
69,UNIDAD DE TRANSPLANTE,SALBUTAMOL +IPRATROPIO(C/PROPELENTE LIBRE DE CL Y/O BR) AER,13,FRASCO CON ADAPTADOR BUCAL,1
56,NEUMOLOGIA,SALBUTAMOL +IPRATROPIO(C/PROPELENTE LIBRE DE CL Y/O BR) AER,13,FRASCO CON ADAPTADOR BUCAL,1
22,OTORRINOLARINGOLOGIA,SALBUTAMOL +IPRATROPIO(C/PROPELENTE LIBRE DE CL Y/O BR) AER,13,FRASCO CON ADAPTADOR BUCAL,1
11,CLINICA MEDICA,SALBUTAMOL +IPRATROPIO(C/PROPELENTE LIBRE DE CL Y/O BR) AER,13,FRASCO CON ADAPTADOR BUCAL,1
9,ALERGIA E INMUNOLOGIA,SALBUTAMOL +IPRATROPIO(C/PROPELENTE LIBRE DE CL Y/O BR) AER,13,FRASCO CON ADAPTADOR BUCAL,1
6,NEFROLOGIA PEDIATRICA,SALBUTAMOL +IPRATROPIO(C/PROPELENTE LIBRE DE CL Y/O BR) AER,13,FRASCO CON ADAPTADOR BUCAL,1
23,URGENCIAS CLINICA MEDICA,SALBUTAMOL +IPRATROPIO(C/PROPELENTE LIBRE DE CL Y/O BR) AER,13,FRASCO CON ADAPTADOR BUCAL,1
14,URGENCIAS PEDIATRICAS,SALBUTAMOL +IPRATROPIO(C/PROPELENTE LIBRE DE CL Y/O BR) AER,13,FRASCO CON ADAPTADOR BUCAL,1
183,ONCOLOGIA PEDIATRICA,VITAMINA A + VIT. D(C/ O S/ AGREGADOS)S/ ANTIBIOTICOS,7,POMO,1
181,NEURODESARROLLO ,VITAMINA A + VIT. D(C/ O S/ AGREGADOS)S/ ANTIBIOTICOS,7,POMO,1
160,CLIMATERIO,VITAMINA A + VIT. D(C/ O S/ AGREGADOS)S/ ANTIBIOTICOS,7,POMO,1
139,INFECTOLOGIA PEDIATRICA,VITAMINA A + VIT. D(C/ O S/ AGREGADOS)S/ ANTIBIOTICOS,7,POMO,1
109,HEMATOLOGIA PEDIATRICA,VITAMINA A + VIT. D(C/ O S/ AGREGADOS)S/ ANTIBIOTICOS,7,POMO,1
101,MEDICINA FAMILIAR,VITAMINA A + VIT. D(C/ O S/ AGREGADOS)S/ ANTIBIOTICOS,7,POMO,1
87,REUMATOLOGIA PEDIATRICA,VITAMINA A + VIT. D(C/ O S/ AGREGADOS)S/ ANTIBIOTICOS,7,POMO,1
86,NEUMOLOGIA PEDIATRICA,VITAMINA A + VIT. D(C/ O S/ AGREGADOS)S/ ANTIBIOTICOS,7,POMO,1
66,NEUROLOGIA PEDIATRICA,VITAMINA A + VIT. D(C/ O S/ AGREGADOS)S/ ANTIBIOTICOS,7,POMO,2
60,GASTROENTEROLOGIA PEDIATRICA,VITAMINA A + VIT. D(C/ O S/ AGREGADOS)S/ ANTIBIOTICOS,7,POMO,1
58,MASTOLOGIA,VITAMINA A + VIT. D(C/ O S/ AGREGADOS)S/ ANTIBIOTICOS,7,POMO,1
42,DERMATOLOGIA PEDIATRICA,VITAMINA A + VIT. D(C/ O S/ AGREGADOS)S/ ANTIBIOTICOS,7,POMO,1
37,PEDIATRIA,VITAMINA A + VIT. D(C/ O S/ AGREGADOS)S/ ANTIBIOTICOS,7,POMO,1
22,OTORRINOLARINGOLOGIA,VITAMINA A + VIT. D(C/ O S/ AGREGADOS)S/ ANTIBIOTICOS,7,POMO,1
11,CLINICA MEDICA,VITAMINA A + VIT. D(C/ O S/ AGREGADOS)S/ ANTIBIOTICOS,7,POMO,1
11,CLINICA MEDICA,VITAMINA A + VIT. D(C/ O S/ AGREGADOS)S/ ANTIBIOTICOS,7,POMO,1
8,DERMATOLOGIA,VITAMINA A + VIT. D(C/ O S/ AGREGADOS)S/ ANTIBIOTICOS,7,POMO,1
5,CARDIOLOGIA PEDIATRICA,VITAMINA A + VIT. D(C/ O S/ AGREGADOS)S/ ANTIBIOTICOS,7,POMO,1
4,ENDOCRINOLOGIA,VITAMINA A + VIT. D(C/ O S/ AGREGADOS)S/ ANTIBIOTICOS,7,POMO,1
177,PSIQUIATRIA INFANTIL,VITAMINA A + VIT. D(C/ O S/ AGREGADOS)S/ ANTIBIOTICOS,7,POMO,1
170,ESTUDIOS HEMODINAMIA ,VITAMINA A + VIT. D(C/ O S/ AGREGADOS)S/ ANTIBIOTICOS,7,POMO,2
183,ONCOLOGIA PEDIATRICA,MITOMICINA 20 MG INYECTABLE,2,FRASCO AMPOLLA,1
109,HEMATOLOGIA PEDIATRICA,MITOMICINA 20 MG INYECTABLE,2,FRASCO AMPOLLA,1
87,REUMATOLOGIA PEDIATRICA,MITOMICINA 20 MG INYECTABLE,2,FRASCO AMPOLLA,1
49,ONCOLOGIA,MITOMICINA 20 MG INYECTABLE,2,FRASCO AMPOLLA,1
25,OFTALMOLOGIA,MITOMICINA 20 MG INYECTABLE,2,FRASCO AMPOLLA,1
21,UROLOGIA,MITOMICINA 20 MG INYECTABLE,2,FRASCO AMPOLLA,1
2,HEMATOLOGIA,MITOMICINA 20 MG INYECTABLE,2,FRASCO AMPOLLA,1
107,QUIMIOTERAPIA,MITOMICINA 20 MG INYECTABLE,2,FRASCO AMPOLLA,1
110,HEMATOLOGIA CRONICOS,HIDROXIUREA 500MG,3,CAPSULA ,20
109,HEMATOLOGIA PEDIATRICA,HIDROXIUREA 500MG,3,CAPSULA ,20
59,RADIOTERAPIA,HIDROXIUREA 500MG,3,CAPSULA ,20
2,HEMATOLOGIA,HIDROXIUREA 500MG,3,CAPSULA ,20
183,ONCOLOGIA PEDIATRICA,PACLITAXEL 30 MG INYECTABLE,2,FRASCO AMPOLLA,1
49,ONCOLOGIA,PACLITAXEL 30 MG INYECTABLE,2,FRASCO AMPOLLA,1
107,QUIMIOTERAPIA,PACLITAXEL 30 MG INYECTABLE,2,FRASCO AMPOLLA,1
183,ONCOLOGIA PEDIATRICA,FILGRASTIM  30.000.000 UI/ML INYECTABLE.,2,AMPOLLA,1
110,HEMATOLOGIA CRONICOS,FILGRASTIM  30.000.000 UI/ML INYECTABLE.,2,AMPOLLA,1
109,HEMATOLOGIA PEDIATRICA,FILGRASTIM  30.000.000 UI/ML INYECTABLE.,2,AMPOLLA,1
69,UNIDAD DE TRANSPLANTE,FILGRASTIM  30.000.000 UI/ML INYECTABLE.,2,AMPOLLA,1
69,UNIDAD DE TRANSPLANTE,FILGRASTIM  30.000.000 UI/ML INYECTABLE.,2,AMPOLLA,1
66,NEUROLOGIA PEDIATRICA,FILGRASTIM  30.000.000 UI/ML INYECTABLE.,2,AMPOLLA,1
50,NEFROLOGIA,FILGRASTIM  30.000.000 UI/ML INYECTABLE.,2,AMPOLLA,1
49,ONCOLOGIA,FILGRASTIM  30.000.000 UI/ML INYECTABLE.,2,AMPOLLA,1
6,NEFROLOGIA PEDIATRICA,FILGRASTIM  30.000.000 UI/ML INYECTABLE.,2,AMPOLLA,1
3,NEUROLOGIA,FILGRASTIM  30.000.000 UI/ML INYECTABLE.,2,AMPOLLA,1
2,HEMATOLOGIA,FILGRASTIM  30.000.000 UI/ML INYECTABLE.,2,AMPOLLA,1
107,QUIMIOTERAPIA,FILGRASTIM  30.000.000 UI/ML INYECTABLE.,2,AMPOLLA,1
69,UNIDAD DE TRANSPLANTE,IL 2- INTERLEUCINA 18.000.000 U.I/ML INYECTABLE.,2,FRASCO AMPOLLA,1
2,HEMATOLOGIA,IL 2- INTERLEUCINA 18.000.000 U.I/ML INYECTABLE.,2,FRASCO AMPOLLA,1
199,TELESALUD HV,AMINOACIDOS:AMINOA ESEN.Y NO ESEN 90% POLVO ORAL P/RECO,9,FRASCO,2
182,NUTRIOLOGIA PEDIATRICA,AMINOACIDOS:AMINOA ESEN.Y NO ESEN 90% POLVO ORAL P/RECO,9,FRASCO,1
66,NEUROLOGIA PEDIATRICA,AMINOACIDOS:AMINOA ESEN.Y NO ESEN 90% POLVO ORAL P/RECO,9,FRASCO,1
57,DIABETOLOGIA,AMINOACIDOS:AMINOA ESEN.Y NO ESEN 90% POLVO ORAL P/RECO,9,FRASCO,1
50,NEFROLOGIA,AMINOACIDOS:AMINOA ESEN.Y NO ESEN 90% POLVO ORAL P/RECO,9,FRASCO,20
44,ENDOCRINOLOGIA PEDIATRICA,AMINOACIDOS:AMINOA ESEN.Y NO ESEN 90% POLVO ORAL P/RECO,9,FRASCO,1
42,DERMATOLOGIA PEDIATRICA,AMINOACIDOS:AMINOA ESEN.Y NO ESEN 90% POLVO ORAL P/RECO,9,FRASCO,1
42,DERMATOLOGIA PEDIATRICA,AMINOACIDOS:AMINOA ESEN.Y NO ESEN 90% POLVO ORAL P/RECO,9,FRASCO,1
37,PEDIATRIA,AMINOACIDOS:AMINOA ESEN.Y NO ESEN 90% POLVO ORAL P/RECO,9,FRASCO,1
34,GINECOLOGIA,AMINOACIDOS:AMINOA ESEN.Y NO ESEN 90% POLVO ORAL P/RECO,9,FRASCO,1
33,GINECO-OBSTETRICIA,AMINOACIDOS:AMINOA ESEN.Y NO ESEN 90% POLVO ORAL P/RECO,9,FRASCO,1
31,OBSTETRICIA,AMINOACIDOS:AMINOA ESEN.Y NO ESEN 90% POLVO ORAL P/RECO,9,FRASCO,1
28,CIRUGIA GENERAL,AMINOACIDOS:AMINOA ESEN.Y NO ESEN 90% POLVO ORAL P/RECO,9,FRASCO,1
24,NEUROCIRUGIA,AMINOACIDOS:AMINOA ESEN.Y NO ESEN 90% POLVO ORAL P/RECO,9,FRASCO,1
11,CLINICA MEDICA,AMINOACIDOS:AMINOA ESEN.Y NO ESEN 90% POLVO ORAL P/RECO,9,FRASCO,1
8,DERMATOLOGIA,AMINOACIDOS:AMINOA ESEN.Y NO ESEN 90% POLVO ORAL P/RECO,9,FRASCO,1
7,SIQUIATRIA,AMINOACIDOS:AMINOA ESEN.Y NO ESEN 90% POLVO ORAL P/RECO,9,FRASCO,20
6,NEFROLOGIA PEDIATRICA,AMINOACIDOS:AMINOA ESEN.Y NO ESEN 90% POLVO ORAL P/RECO,9,FRASCO,1
4,ENDOCRINOLOGIA,AMINOACIDOS:AMINOA ESEN.Y NO ESEN 90% POLVO ORAL P/RECO,9,FRASCO,1
4,ENDOCRINOLOGIA,AMINOACIDOS:AMINOA ESEN.Y NO ESEN 90% POLVO ORAL P/RECO,9,FRASCO,1
3,NEUROLOGIA,AMINOACIDOS:AMINOA ESEN.Y NO ESEN 90% POLVO ORAL P/RECO,9,FRASCO,1
177,PSIQUIATRIA INFANTIL,AMINOACIDOS:AMINOA ESEN.Y NO ESEN 90% POLVO ORAL P/RECO,9,FRASCO,1
51,ANESTESIOLOGIA,ISOFLURANO 100% (1 ML/ML),4,FRASCO MD 100-200ML,1
28,CIRUGIA GENERAL,ISOFLURANO 100% (1 ML/ML),4,FRASCO MD 100-200ML,1
51,ANESTESIOLOGIA,PANCURONIO BROMURO 4 MG (2 MG/ML.),2,AMPOLLA,1
28,CIRUGIA GENERAL,PANCURONIO BROMURO 4 MG (2 MG/ML.),2,AMPOLLA,1
28,CIRUGIA GENERAL,ALFENTANILO 1MG(0.5MG/ML),2,AMPOLLA,1
60,GASTROENTEROLOGIA PEDIATRICA,"FLUMAZENIL 0,5 MG (0,1 MG/ML)",2,AMPOLLA,1
51,ANESTESIOLOGIA,"FLUMAZENIL 0,5 MG (0,1 MG/ML)",2,AMPOLLA,1
48,TERAPIA INTENSIVA,"FLUMAZENIL 0,5 MG (0,1 MG/ML)",2,AMPOLLA,1
28,CIRUGIA GENERAL,"FLUMAZENIL 0,5 MG (0,1 MG/ML)",2,AMPOLLA,1
10,GASTROENTEROLOGIA,"FLUMAZENIL 0,5 MG (0,1 MG/ML)",2,AMPOLLA,1
199,TELESALUD HV,DOXICICLINA 100 MG,3,UNIDAD ,30
139,INFECTOLOGIA PEDIATRICA,DOXICICLINA 100 MG,3,UNIDAD ,20
86,NEUMOLOGIA PEDIATRICA,DOXICICLINA 100 MG,3,UNIDAD ,20
56,NEUMOLOGIA,DOXICICLINA 100 MG,3,UNIDAD ,1
47,INFECTOLOGIA,DOXICICLINA 100 MG,3,UNIDAD ,20
42,DERMATOLOGIA PEDIATRICA,DOXICICLINA 100 MG,3,UNIDAD ,20
42,DERMATOLOGIA PEDIATRICA,DOXICICLINA 100 MG,3,UNIDAD ,20
34,GINECOLOGIA,DOXICICLINA 100 MG,3,UNIDAD ,1
33,GINECO-OBSTETRICIA,DOXICICLINA 100 MG,3,UNIDAD ,1
31,OBSTETRICIA,DOXICICLINA 100 MG,3,UNIDAD ,20
21,UROLOGIA,DOXICICLINA 100 MG,3,UNIDAD ,1
11,CLINICA MEDICA,DOXICICLINA 100 MG,3,UNIDAD ,1
9,ALERGIA E INMUNOLOGIA,DOXICICLINA 100 MG,3,UNIDAD ,1
8,DERMATOLOGIA,DOXICICLINA 100 MG,3,UNIDAD ,20
23,URGENCIAS CLINICA MEDICA,DOXICICLINA 100 MG,3,UNIDAD ,1
183,ONCOLOGIA PEDIATRICA,CARBOPLATINO 450 MG.INYECTABLE,22,VIAL,1
49,ONCOLOGIA,CARBOPLATINO 450 MG.INYECTABLE,22,VIAL,1
2,HEMATOLOGIA,CARBOPLATINO 450 MG.INYECTABLE,22,VIAL,1
2,HEMATOLOGIA,CARBOPLATINO 450 MG.INYECTABLE,22,VIAL,1
107,QUIMIOTERAPIA,CARBOPLATINO 450 MG.INYECTABLE,22,VIAL,1
199,TELESALUD HV,"COLAGENASA + CLORANFENICOL 0,6 UI + 0,01 G",7,POMO,2
89,GERIATRIA,"COLAGENASA + CLORANFENICOL 0,6 UI + 0,01 G",7,POMO,1
78,TERAPIA INTENSIVA NINOS,"COLAGENASA + CLORANFENICOL 0,6 UI + 0,01 G",7,POMO,1
57,DIABETOLOGIA,"COLAGENASA + CLORANFENICOL 0,6 UI + 0,01 G",7,POMO,1
48,TERAPIA INTENSIVA,"COLAGENASA + CLORANFENICOL 0,6 UI + 0,01 G",7,POMO,1
44,ENDOCRINOLOGIA PEDIATRICA,"COLAGENASA + CLORANFENICOL 0,6 UI + 0,01 G",7,POMO,1
42,DERMATOLOGIA PEDIATRICA,"COLAGENASA + CLORANFENICOL 0,6 UI + 0,01 G",7,POMO,1
42,DERMATOLOGIA PEDIATRICA,"COLAGENASA + CLORANFENICOL 0,6 UI + 0,01 G",7,POMO,1
27,CIRUGIA VASCULAR PERIFERICA,"COLAGENASA + CLORANFENICOL 0,6 UI + 0,01 G",7,POMO,1
17,CIRUGIA RECONSTRUCTIVA,"COLAGENASA + CLORANFENICOL 0,6 UI + 0,01 G",7,POMO,1
11,CLINICA MEDICA,"COLAGENASA + CLORANFENICOL 0,6 UI + 0,01 G",7,POMO,1
8,DERMATOLOGIA,"COLAGENASA + CLORANFENICOL 0,6 UI + 0,01 G",7,POMO,1
4,ENDOCRINOLOGIA,"COLAGENASA + CLORANFENICOL 0,6 UI + 0,01 G",7,POMO,1
86,NEUMOLOGIA PEDIATRICA,PENICILINA G SODICA 1.000.000 UI,2,AMPOLLA,1
78,TERAPIA INTENSIVA NINOS,PENICILINA G SODICA 1.000.000 UI,2,AMPOLLA,1
77,NEONATOLOGIA,PENICILINA G SODICA 1.000.000 UI,2,AMPOLLA,1
69,UNIDAD DE TRANSPLANTE,PENICILINA G SODICA 1.000.000 UI,2,AMPOLLA,1
50,NEFROLOGIA,PENICILINA G SODICA 1.000.000 UI,2,AMPOLLA,1
37,PEDIATRIA,PENICILINA G SODICA 1.000.000 UI,2,AMPOLLA,1
6,NEFROLOGIA PEDIATRICA,PENICILINA G SODICA 1.000.000 UI,2,AMPOLLA,1
160,CLIMATERIO,PENICILINA G SODICA 10.000.000 UI INYECTABLE,2,AMPOLLA,1
139,INFECTOLOGIA PEDIATRICA,PENICILINA G SODICA 10.000.000 UI INYECTABLE,2,AMPOLLA,1
9,ALERGIA E INMUNOLOGIA,PENICILINA G SODICA 10.000.000 UI INYECTABLE,2,AMPOLLA,1
160,CLIMATERIO,PENICILINA G BENZATINICA 1.200.000 UI,2,AMPOLLA,1
139,INFECTOLOGIA PEDIATRICA,PENICILINA G BENZATINICA 1.200.000 UI,2,AMPOLLA,1
22,OTORRINOLARINGOLOGIA,PENICILINA G BENZATINICA 1.200.000 UI,2,AMPOLLA,1
9,ALERGIA E INMUNOLOGIA,PENICILINA G BENZATINICA 1.200.000 UI,2,AMPOLLA,1
5,CARDIOLOGIA PEDIATRICA,PENICILINA G BENZATINICA 1.200.000 UI,2,AMPOLLA,1
170,ESTUDIOS HEMODINAMIA ,PENICILINA G BENZATINICA 1.200.000 UI,2,AMPOLLA,5
204,UNIDAD DE OBSTETRICIA,AMPICILINA 1G,2,VIAL,4
160,CLIMATERIO,AMPICILINA 1G,2,VIAL,1
139,INFECTOLOGIA PEDIATRICA,AMPICILINA 1G,2,VIAL,1
204,UNIDAD DE OBSTETRICIA,AMOXICILINA 500 MG.  ,3,UNIDAD,30
160,CLIMATERIO,AMOXICILINA 500 MG.  ,3,UNIDAD,20
139,INFECTOLOGIA PEDIATRICA,AMOXICILINA 500 MG.  ,3,UNIDAD,20
112,CIRUGIA MINIMA INVASIVA,AMOXICILINA 500 MG.  ,3,UNIDAD,30
109,HEMATOLOGIA PEDIATRICA,AMOXICILINA 500 MG.  ,3,UNIDAD,20
60,GASTROENTEROLOGIA PEDIATRICA,AMOXICILINA 500 MG.  ,3,UNIDAD,20
58,MASTOLOGIA,AMOXICILINA 500 MG.  ,3,UNIDAD,20
49,ONCOLOGIA,AMOXICILINA 500 MG.  ,3,UNIDAD,20
42,DERMATOLOGIA PEDIATRICA,AMOXICILINA 500 MG.  ,3,UNIDAD,20
37,PEDIATRIA,AMOXICILINA 500 MG.  ,3,UNIDAD,20
34,GINECOLOGIA,AMOXICILINA 500 MG.  ,3,UNIDAD,30
34,GINECOLOGIA,AMOXICILINA 500 MG.  ,3,UNIDAD,20
33,GINECO-OBSTETRICIA,AMOXICILINA 500 MG.  ,3,UNIDAD,30
31,OBSTETRICIA,AMOXICILINA 500 MG.  ,3,UNIDAD,20
12,CARDIOLOGIA,AMOXICILINA 500 MG.  ,3,UNIDAD,20
11,CLINICA MEDICA,AMOXICILINA 500 MG.  ,3,UNIDAD,20
11,CLINICA MEDICA,AMOXICILINA 500 MG.  ,3,UNIDAD,20
10,GASTROENTEROLOGIA,AMOXICILINA 500 MG.  ,3,UNIDAD,20
6,NEFROLOGIA PEDIATRICA,AMOXICILINA 500 MG.  ,3,UNIDAD,20
4,ENDOCRINOLOGIA,AMOXICILINA 500 MG.  ,3,UNIDAD,20
170,ESTUDIOS HEMODINAMIA ,AMOXICILINA 500 MG.  ,3,UNIDAD,20
204,UNIDAD DE OBSTETRICIA,CEFALEXINA 500 MG ,3,UNIDAD,20
204,UNIDAD DE OBSTETRICIA,CEFALEXINA 500 MG ,3,UNIDAD,14
199,TELESALUD HV,CEFALEXINA 500 MG ,3,UNIDAD,20
160,CLIMATERIO,CEFALEXINA 500 MG ,3,UNIDAD,20
139,INFECTOLOGIA PEDIATRICA,CEFALEXINA 500 MG ,3,UNIDAD,20
112,CIRUGIA MINIMA INVASIVA,CEFALEXINA 500 MG ,3,UNIDAD,20
49,ONCOLOGIA,CEFALEXINA 500 MG ,3,UNIDAD,20
34,GINECOLOGIA,CEFALEXINA 500 MG ,3,UNIDAD,20
34,GINECOLOGIA,CEFALEXINA 500 MG ,3,UNIDAD,1
21,UROLOGIA,CEFALEXINA 500 MG ,3,UNIDAD,20
12,CARDIOLOGIA,CEFALEXINA 500 MG ,3,UNIDAD,20
11,CLINICA MEDICA,CEFALEXINA 500 MG ,3,UNIDAD,20
170,ESTUDIOS HEMODINAMIA ,CEFALEXINA 500 MG ,3,UNIDAD,20
204,UNIDAD DE OBSTETRICIA,CEFAZOLINA 1G,2,VIAL,3
160,CLIMATERIO,CEFAZOLINA 1G,2,VIAL,1
139,INFECTOLOGIA PEDIATRICA,CEFAZOLINA 1G,2,VIAL,1
21,UROLOGIA,CEFAZOLINA 1G,2,VIAL,1
12,CARDIOLOGIA,CEFAZOLINA 1G,2,VIAL,1
160,CLIMATERIO,CEFOTAXIMA 1 GR.,2,VIAL,1
139,INFECTOLOGIA PEDIATRICA,CEFOTAXIMA 1 GR.,2,VIAL,1
12,CARDIOLOGIA,CEFOTAXIMA 1 GR.,2,VIAL,1
23,URGENCIAS CLINICA MEDICA,CEFOTAXIMA 1 GR.,2,VIAL,1
14,URGENCIAS PEDIATRICAS,CEFOTAXIMA 1 GR.,2,VIAL,1
199,TELESALUD HV,CEFTRIAXONA 1G ,2,VIAL,30
160,CLIMATERIO,CEFTRIAXONA 1G ,2,VIAL,1
139,INFECTOLOGIA PEDIATRICA,CEFTRIAXONA 1G ,2,VIAL,1
23,URGENCIAS CLINICA MEDICA,CEFTRIAXONA 1G ,2,VIAL,2
23,URGENCIAS CLINICA MEDICA,CEFTRIAXONA 1G ,2,VIAL,1
14,URGENCIAS PEDIATRICAS,CEFTRIAXONA 1G ,2,VIAL,1
160,CLIMATERIO,CEFTAZIDIMA 1G,2,VIAL,1
139,INFECTOLOGIA PEDIATRICA,CEFTAZIDIMA 1G,2,VIAL,1
23,URGENCIAS CLINICA MEDICA,CEFTAZIDIMA 1G,2,VIAL,1
14,URGENCIAS PEDIATRICAS,CEFTAZIDIMA 1G,2,VIAL,1
139,INFECTOLOGIA PEDIATRICA,IMIPENEN + CILASTATINA 500 MG + 500 MG ,2,AMPOLLA,1
48,TERAPIA INTENSIVA,IMIPENEN + CILASTATINA 500 MG + 500 MG ,2,AMPOLLA,1
47,INFECTOLOGIA,IMIPENEN + CILASTATINA 500 MG + 500 MG ,2,AMPOLLA,1
182,NUTRIOLOGIA PEDIATRICA,CIPROFLOXACINA 500 MG,3,UNIDAD,20
160,CLIMATERIO,CIPROFLOXACINA 500 MG,3,UNIDAD,20
42,DERMATOLOGIA PEDIATRICA,CIPROFLOXACINA 500 MG,3,UNIDAD,20
34,GINECOLOGIA,CIPROFLOXACINA 500 MG,3,UNIDAD,20
34,GINECOLOGIA,CIPROFLOXACINA 500 MG,3,UNIDAD,20
31,OBSTETRICIA,CIPROFLOXACINA 500 MG,3,UNIDAD,20
12,CARDIOLOGIA,CIPROFLOXACINA 500 MG,3,UNIDAD,20
11,CLINICA MEDICA,CIPROFLOXACINA 500 MG,3,UNIDAD,20
9,ALERGIA E INMUNOLOGIA,CIPROFLOXACINA 500 MG,3,UNIDAD,20
4,ENDOCRINOLOGIA,CIPROFLOXACINA 500 MG,3,UNIDAD,20
170,ESTUDIOS HEMODINAMIA ,CIPROFLOXACINA 500 MG,3,UNIDAD,20
199,TELESALUD HV,CIPROFLOXACINA 200 MG (2 MG/ML),2, FRASCO / VIAL,1
160,CLIMATERIO,CIPROFLOXACINA 200 MG (2 MG/ML),2, FRASCO / VIAL,1
139,INFECTOLOGIA PEDIATRICA,CIPROFLOXACINA 200 MG (2 MG/ML),2, FRASCO / VIAL,1
23,URGENCIAS CLINICA MEDICA,CIPROFLOXACINA 200 MG (2 MG/ML),2, FRASCO / VIAL,1
14,URGENCIAS PEDIATRICAS,CIPROFLOXACINA 200 MG (2 MG/ML),2, FRASCO / VIAL,1
181,NEURODESARROLLO ,SULFAMETOXAZOL + TRIMETOPRIM 800 MG + 160 MG.,3,COMPRIMIDO,20
160,CLIMATERIO,SULFAMETOXAZOL + TRIMETOPRIM 800 MG + 160 MG.,3,COMPRIMIDO,20
42,DERMATOLOGIA PEDIATRICA,SULFAMETOXAZOL + TRIMETOPRIM 800 MG + 160 MG.,3,COMPRIMIDO,20
21,UROLOGIA,SULFAMETOXAZOL + TRIMETOPRIM 800 MG + 160 MG.,3,COMPRIMIDO,20
9,ALERGIA E INMUNOLOGIA,SULFAMETOXAZOL + TRIMETOPRIM 800 MG + 160 MG.,3,COMPRIMIDO,20
4,ENDOCRINOLOGIA,SULFAMETOXAZOL + TRIMETOPRIM 800 MG + 160 MG.,3,COMPRIMIDO,20
2,HEMATOLOGIA,SULFAMETOXAZOL + TRIMETOPRIM 800 MG + 160 MG.,3,COMPRIMIDO,20
170,ESTUDIOS HEMODINAMIA ,SULFAMETOXAZOL + TRIMETOPRIM 800 MG + 160 MG.,3,COMPRIMIDO,60
181,NEURODESARROLLO ,SULFAMETOXAZOL + TRIMETOPRIM 200MG + 40MG/5ML.,9,FRASCO,1
160,CLIMATERIO,SULFAMETOXAZOL + TRIMETOPRIM 200MG + 40MG/5ML.,9,FRASCO,1
42,DERMATOLOGIA PEDIATRICA,SULFAMETOXAZOL + TRIMETOPRIM 200MG + 40MG/5ML.,9,FRASCO,1
37,PEDIATRIA,SULFAMETOXAZOL + TRIMETOPRIM 200MG + 40MG/5ML.,9,FRASCO,1
21,UROLOGIA,SULFAMETOXAZOL + TRIMETOPRIM 200MG + 40MG/5ML.,9,FRASCO,1
9,ALERGIA E INMUNOLOGIA,SULFAMETOXAZOL + TRIMETOPRIM 200MG + 40MG/5ML.,9,FRASCO,1
4,ENDOCRINOLOGIA,SULFAMETOXAZOL + TRIMETOPRIM 200MG + 40MG/5ML.,9,FRASCO,1
2,HEMATOLOGIA,SULFAMETOXAZOL + TRIMETOPRIM 200MG + 40MG/5ML.,9,FRASCO,1
170,ESTUDIOS HEMODINAMIA ,SULFAMETOXAZOL + TRIMETOPRIM 200MG + 40MG/5ML.,9,FRASCO,2
204,UNIDAD DE OBSTETRICIA,GENTAMICINA 80 MG.INYECTABLE ,2,FRASCO AMPOLLA,1
21,UROLOGIA,GENTAMICINA 80 MG.INYECTABLE ,2,FRASCO AMPOLLA,1
170,ESTUDIOS HEMODINAMIA ,GENTAMICINA 80 MG.INYECTABLE ,2,FRASCO AMPOLLA,6
139,INFECTOLOGIA PEDIATRICA,AMIKACINA 500 MG.(250MG/ML),2,VIAL/AMPOLLA,1
89,GERIATRIA,AMIKACINA 500 MG.(250MG/ML),2,VIAL/AMPOLLA,1
69,UNIDAD DE TRANSPLANTE,AMIKACINA 500 MG.(250MG/ML),2,VIAL/AMPOLLA,1
50,NEFROLOGIA,AMIKACINA 500 MG.(250MG/ML),2,VIAL/AMPOLLA,1
47,INFECTOLOGIA,AMIKACINA 500 MG.(250MG/ML),2,VIAL/AMPOLLA,1
37,PEDIATRIA,AMIKACINA 500 MG.(250MG/ML),2,VIAL/AMPOLLA,1
11,CLINICA MEDICA,AMIKACINA 500 MG.(250MG/ML),2,VIAL/AMPOLLA,1
6,NEFROLOGIA PEDIATRICA,AMIKACINA 500 MG.(250MG/ML),2,VIAL/AMPOLLA,1
204,UNIDAD DE OBSTETRICIA,METRONIDAZOL 500 MG.,3,COMPRIMIDO,20
160,CLIMATERIO,METRONIDAZOL 500 MG.,3,COMPRIMIDO,20
42,DERMATOLOGIA PEDIATRICA,METRONIDAZOL 500 MG.,3,COMPRIMIDO,20
34,GINECOLOGIA,METRONIDAZOL 500 MG.,3,COMPRIMIDO,1
21,UROLOGIA,METRONIDAZOL 500 MG.,3,COMPRIMIDO,20
11,CLINICA MEDICA,METRONIDAZOL 500 MG.,3,COMPRIMIDO,20
9,ALERGIA E INMUNOLOGIA,METRONIDAZOL 500 MG.,3,COMPRIMIDO,20
170,ESTUDIOS HEMODINAMIA ,METRONIDAZOL 500 MG.,3,COMPRIMIDO,30
182,NUTRIOLOGIA PEDIATRICA,METRONIDAZOL 250 MG/5 ML,9,FRASCO,1
181,NEURODESARROLLO ,METRONIDAZOL 250 MG/5 ML,9,FRASCO,1
160,CLIMATERIO,METRONIDAZOL 250 MG/5 ML,9,FRASCO,1
47,INFECTOLOGIA,METRONIDAZOL 250 MG/5 ML,9,FRASCO,1
42,DERMATOLOGIA PEDIATRICA,METRONIDAZOL 250 MG/5 ML,9,FRASCO,1
37,PEDIATRIA,METRONIDAZOL 250 MG/5 ML,9,FRASCO,1
37,PEDIATRIA,METRONIDAZOL 250 MG/5 ML,9,FRASCO,1
37,PEDIATRIA,METRONIDAZOL 250 MG/5 ML,9,FRASCO,1
34,GINECOLOGIA,METRONIDAZOL 250 MG/5 ML,9,FRASCO,1
33,GINECO-OBSTETRICIA,METRONIDAZOL 250 MG/5 ML,9,FRASCO,1
21,UROLOGIA,METRONIDAZOL 250 MG/5 ML,9,FRASCO,1
11,CLINICA MEDICA,METRONIDAZOL 250 MG/5 ML,9,FRASCO,1
9,ALERGIA E INMUNOLOGIA,METRONIDAZOL 250 MG/5 ML,9,FRASCO,1
4,ENDOCRINOLOGIA,METRONIDAZOL 250 MG/5 ML,9,FRASCO,1
4,ENDOCRINOLOGIA,METRONIDAZOL 250 MG/5 ML,9,FRASCO,1
170,ESTUDIOS HEMODINAMIA ,METRONIDAZOL 250 MG/5 ML,9,FRASCO,2
182,NUTRIOLOGIA PEDIATRICA,METRONIDAZOL 500 MG (5 MG/ML.) ,2,FRASCO AMPOLLA,1
160,CLIMATERIO,METRONIDAZOL 500 MG (5 MG/ML.) ,2,FRASCO AMPOLLA,1
21,UROLOGIA,METRONIDAZOL 500 MG (5 MG/ML.) ,2,FRASCO AMPOLLA,1
11,CLINICA MEDICA,METRONIDAZOL 500 MG (5 MG/ML.) ,2,FRASCO AMPOLLA,1
4,ENDOCRINOLOGIA,METRONIDAZOL 500 MG (5 MG/ML.) ,2,FRASCO AMPOLLA,1
23,URGENCIAS CLINICA MEDICA,METRONIDAZOL 500 MG (5 MG/ML.) ,2,FRASCO AMPOLLA,1
14,URGENCIAS PEDIATRICAS,METRONIDAZOL 500 MG (5 MG/ML.) ,2,FRASCO AMPOLLA,1
139,INFECTOLOGIA PEDIATRICA,VANCOMICINA INYECTABLE  ,2,AMPOLLA 500MG,1
50,NEFROLOGIA,VANCOMICINA INYECTABLE  ,2,AMPOLLA 500MG,1
47,INFECTOLOGIA,VANCOMICINA INYECTABLE  ,2,AMPOLLA 500MG,1
6,NEFROLOGIA PEDIATRICA,VANCOMICINA INYECTABLE  ,2,AMPOLLA 500MG,1
6,NEFROLOGIA PEDIATRICA,VANCOMICINA INYECTABLE  ,2,AMPOLLA 500MG,1
23,URGENCIAS CLINICA MEDICA,VANCOMICINA INYECTABLE  ,2,AMPOLLA 500MG,1
23,URGENCIAS CLINICA MEDICA,VANCOMICINA INYECTABLE  ,2,AMPOLLA 500MG,1
14,URGENCIAS PEDIATRICAS,VANCOMICINA INYECTABLE  ,2,AMPOLLA 500MG,1
150,FISIATRA (NIÑOS) ,ACICLOVIR COMP.,3,COMPRIMIDO ,1
101,MEDICINA FAMILIAR,ACICLOVIR COMP.,3,COMPRIMIDO ,20
97,SALUD OCUPACIONAL,ACICLOVIR COMP.,3,COMPRIMIDO ,20
91,TERAPIA DEL DOLOR Y MEDICINA PALIATIVA ,ACICLOVIR COMP.,3,COMPRIMIDO ,20
89,GERIATRIA,ACICLOVIR COMP.,3,COMPRIMIDO ,20
69,UNIDAD DE TRANSPLANTE,ACICLOVIR COMP.,3,COMPRIMIDO ,20
59,RADIOTERAPIA,ACICLOVIR COMP.,3,COMPRIMIDO ,20
58,MASTOLOGIA,ACICLOVIR COMP.,3,COMPRIMIDO ,1
52,SALUD REPRODUCTIVA,ACICLOVIR COMP.,3,COMPRIMIDO ,20
50,NEFROLOGIA,ACICLOVIR COMP.,3,COMPRIMIDO ,20
47,INFECTOLOGIA,ACICLOVIR COMP.,3,COMPRIMIDO ,1
47,INFECTOLOGIA,ACICLOVIR COMP.,3,COMPRIMIDO ,20
42,DERMATOLOGIA PEDIATRICA,ACICLOVIR COMP.,3,COMPRIMIDO ,20
37,PEDIATRIA,ACICLOVIR COMP.,3,COMPRIMIDO ,1
37,PEDIATRIA,ACICLOVIR COMP.,3,COMPRIMIDO ,20
34,GINECOLOGIA,ACICLOVIR COMP.,3,COMPRIMIDO ,20
33,GINECO-OBSTETRICIA,ACICLOVIR COMP.,3,COMPRIMIDO ,20
31,OBSTETRICIA,ACICLOVIR COMP.,3,COMPRIMIDO ,20
25,OFTALMOLOGIA,ACICLOVIR COMP.,3,COMPRIMIDO ,20
24,NEUROCIRUGIA,ACICLOVIR COMP.,3,COMPRIMIDO ,1
21,UROLOGIA,ACICLOVIR COMP.,3,COMPRIMIDO ,20
11,CLINICA MEDICA,ACICLOVIR COMP.,3,COMPRIMIDO ,1
11,CLINICA MEDICA,ACICLOVIR COMP.,3,COMPRIMIDO ,20
8,DERMATOLOGIA,ACICLOVIR COMP.,3,COMPRIMIDO ,20
6,NEFROLOGIA PEDIATRICA,ACICLOVIR COMP.,3,COMPRIMIDO ,20
3,NEUROLOGIA,ACICLOVIR COMP.,3,COMPRIMIDO ,20
2,HEMATOLOGIA,ACICLOVIR COMP.,3,COMPRIMIDO ,20
1,REUMATOLOGIA,ACICLOVIR COMP.,3,COMPRIMIDO ,20
23,URGENCIAS CLINICA MEDICA,ACICLOVIR COMP.,3,COMPRIMIDO ,1
87,REUMATOLOGIA PEDIATRICA,ACICLOVIR COMP.,4,COMP. 400MG,20
18,FISIATRIA ADULTO,ACICLOVIR COMP.,4,COMP. 400MG,20
199,TELESALUD HV,RIFAMPICINA 300 MG.COMPRIMIDO/CAPSULAS,3,COMPRIMIDO-CAPSULAS,30
139,INFECTOLOGIA PEDIATRICA,RIFAMPICINA 300 MG.COMPRIMIDO/CAPSULAS,3,COMPRIMIDO-CAPSULAS,20
101,MEDICINA FAMILIAR,RIFAMPICINA 300 MG.COMPRIMIDO/CAPSULAS,3,COMPRIMIDO-CAPSULAS,20
101,MEDICINA FAMILIAR,RIFAMPICINA 300 MG.COMPRIMIDO/CAPSULAS,3,COMPRIMIDO-CAPSULAS,20
97,SALUD OCUPACIONAL,RIFAMPICINA 300 MG.COMPRIMIDO/CAPSULAS,3,COMPRIMIDO-CAPSULAS,20
91,TERAPIA DEL DOLOR Y MEDICINA PALIATIVA ,RIFAMPICINA 300 MG.COMPRIMIDO/CAPSULAS,3,COMPRIMIDO-CAPSULAS,1
89,GERIATRIA,RIFAMPICINA 300 MG.COMPRIMIDO/CAPSULAS,3,COMPRIMIDO-CAPSULAS,20
86,NEUMOLOGIA PEDIATRICA,RIFAMPICINA 300 MG.COMPRIMIDO/CAPSULAS,3,COMPRIMIDO-CAPSULAS,1
60,GASTROENTEROLOGIA PEDIATRICA,RIFAMPICINA 300 MG.COMPRIMIDO/CAPSULAS,3,COMPRIMIDO-CAPSULAS,20
56,NEUMOLOGIA,RIFAMPICINA 300 MG.COMPRIMIDO/CAPSULAS,3,COMPRIMIDO-CAPSULAS,20
47,INFECTOLOGIA,RIFAMPICINA 300 MG.COMPRIMIDO/CAPSULAS,3,COMPRIMIDO-CAPSULAS,1
37,PEDIATRIA,RIFAMPICINA 300 MG.COMPRIMIDO/CAPSULAS,3,COMPRIMIDO-CAPSULAS,20
11,CLINICA MEDICA,RIFAMPICINA 300 MG.COMPRIMIDO/CAPSULAS,3,COMPRIMIDO-CAPSULAS,20
10,GASTROENTEROLOGIA,RIFAMPICINA 300 MG.COMPRIMIDO/CAPSULAS,3,COMPRIMIDO-CAPSULAS,20
9,ALERGIA E INMUNOLOGIA,RIFAMPICINA 300 MG.COMPRIMIDO/CAPSULAS,3,COMPRIMIDO-CAPSULAS,20
101,MEDICINA FAMILIAR,RIFAMPICINA 20 MG/ML.SUSPENSION ORAL,9,FRASCO,1
89,GERIATRIA,RIFAMPICINA 20 MG/ML.SUSPENSION ORAL,9,FRASCO,1
56,NEUMOLOGIA,RIFAMPICINA 20 MG/ML.SUSPENSION ORAL,9,FRASCO,1
47,INFECTOLOGIA,RIFAMPICINA 20 MG/ML.SUSPENSION ORAL,9,FRASCO,1
37,PEDIATRIA,RIFAMPICINA 20 MG/ML.SUSPENSION ORAL,9,FRASCO,1
11,CLINICA MEDICA,RIFAMPICINA 20 MG/ML.SUSPENSION ORAL,9,FRASCO,1
9,ALERGIA E INMUNOLOGIA,RIFAMPICINA 20 MG/ML.SUSPENSION ORAL,9,FRASCO,1
101,MEDICINA FAMILIAR,ISONIACIDA 100 mg,3,COMPRIMIDO,20
160,CLIMATERIO,FLUCONAZOL 200 MG (2MG/ML),2,FRASCO AMPOLLA O SACHET,1
31,OBSTETRICIA,FLUCONAZOL 200 MG (2MG/ML),2,FRASCO AMPOLLA O SACHET,1
22,OTORRINOLARINGOLOGIA,FLUCONAZOL 200 MG (2MG/ML),2,FRASCO AMPOLLA O SACHET,1
21,UROLOGIA,FLUCONAZOL 200 MG (2MG/ML),2,FRASCO AMPOLLA O SACHET,1
11,CLINICA MEDICA,FLUCONAZOL 200 MG (2MG/ML),2,FRASCO AMPOLLA O SACHET,1
9,ALERGIA E INMUNOLOGIA,FLUCONAZOL 200 MG (2MG/ML),2,FRASCO AMPOLLA O SACHET,1
217,TRAUMATOLOGIA TUMORES,DICLOFENAC 50 MG.COMPRIMIDOS,3,COMPRIMIDO ,20
216,TRAUMATOLOGIA RODILLA,DICLOFENAC 50 MG.COMPRIMIDOS,3,COMPRIMIDO ,20
215,TRAUMATOLOGIA HOMBRO Y CODO,DICLOFENAC 50 MG.COMPRIMIDOS,3,COMPRIMIDO ,20
214,TRAUMATOLOGIA PIE Y TOBILLO,DICLOFENAC 50 MG.COMPRIMIDOS,3,COMPRIMIDO ,20
213,TRAUMATOLOGIA MANO Y ANTEBRAZO,DICLOFENAC 50 MG.COMPRIMIDOS,3,COMPRIMIDO ,20
212,TRAUMATOLOGIA CADERA,DICLOFENAC 50 MG.COMPRIMIDOS,3,COMPRIMIDO ,20
211,TRAUMATOLOGIA COLUMNA,DICLOFENAC 50 MG.COMPRIMIDOS,3,COMPRIMIDO ,20
204,UNIDAD DE OBSTETRICIA,DICLOFENAC 50 MG.COMPRIMIDOS,3,COMPRIMIDO ,30
199,TELESALUD HV,DICLOFENAC 50 MG.COMPRIMIDOS,3,COMPRIMIDO ,30
160,CLIMATERIO,DICLOFENAC 50 MG.COMPRIMIDOS,3,COMPRIMIDO ,20
101,MEDICINA FAMILIAR,DICLOFENAC 50 MG.COMPRIMIDOS,3,COMPRIMIDO ,20
91,TERAPIA DEL DOLOR Y MEDICINA PALIATIVA ,DICLOFENAC 50 MG.COMPRIMIDOS,3,COMPRIMIDO ,20
89,GERIATRIA,DICLOFENAC 50 MG.COMPRIMIDOS,3,COMPRIMIDO ,20
69,UNIDAD DE TRANSPLANTE,DICLOFENAC 50 MG.COMPRIMIDOS,3,COMPRIMIDO ,20
57,DIABETOLOGIA,DICLOFENAC 50 MG.COMPRIMIDOS,3,COMPRIMIDO ,30
56,NEUMOLOGIA,DICLOFENAC 50 MG.COMPRIMIDOS,3,COMPRIMIDO ,20
56,NEUMOLOGIA,DICLOFENAC 50 MG.COMPRIMIDOS,3,COMPRIMIDO ,1
50,NEFROLOGIA,DICLOFENAC 50 MG.COMPRIMIDOS,3,COMPRIMIDO ,20
49,ONCOLOGIA,DICLOFENAC 50 MG.COMPRIMIDOS,3,COMPRIMIDO ,1
34,GINECOLOGIA,DICLOFENAC 50 MG.COMPRIMIDOS,3,COMPRIMIDO ,20
34,GINECOLOGIA,DICLOFENAC 50 MG.COMPRIMIDOS,3,COMPRIMIDO ,20
29,PROCTOLOGIA,DICLOFENAC 50 MG.COMPRIMIDOS,3,COMPRIMIDO ,20
27,CIRUGIA VASCULAR PERIFERICA,DICLOFENAC 50 MG.COMPRIMIDOS,3,COMPRIMIDO ,20
21,UROLOGIA,DICLOFENAC 50 MG.COMPRIMIDOS,3,COMPRIMIDO ,20
18,FISIATRIA ADULTO,DICLOFENAC 50 MG.COMPRIMIDOS,3,COMPRIMIDO ,20
16,TRAUMATOLOGIA GENERAL,DICLOFENAC 50 MG.COMPRIMIDOS,3,COMPRIMIDO ,20
12,CARDIOLOGIA,DICLOFENAC 50 MG.COMPRIMIDOS,3,COMPRIMIDO ,20
11,CLINICA MEDICA,DICLOFENAC 50 MG.COMPRIMIDOS,3,COMPRIMIDO ,20
11,CLINICA MEDICA,DICLOFENAC 50 MG.COMPRIMIDOS,3,COMPRIMIDO ,20
11,CLINICA MEDICA,DICLOFENAC 50 MG.COMPRIMIDOS,3,COMPRIMIDO ,20
10,GASTROENTEROLOGIA,DICLOFENAC 50 MG.COMPRIMIDOS,3,COMPRIMIDO ,20
10,GASTROENTEROLOGIA,DICLOFENAC 50 MG.COMPRIMIDOS,3,COMPRIMIDO ,20
4,ENDOCRINOLOGIA,DICLOFENAC 50 MG.COMPRIMIDOS,3,COMPRIMIDO ,20
4,ENDOCRINOLOGIA,DICLOFENAC 50 MG.COMPRIMIDOS,3,COMPRIMIDO ,20
3,NEUROLOGIA,DICLOFENAC 50 MG.COMPRIMIDOS,3,COMPRIMIDO ,20
1,REUMATOLOGIA,DICLOFENAC 50 MG.COMPRIMIDOS,3,COMPRIMIDO ,20
170,ESTUDIOS HEMODINAMIA ,DICLOFENAC 50 MG.COMPRIMIDOS,3,COMPRIMIDO ,30
217,TRAUMATOLOGIA TUMORES,DICLOFENAC SÓDICO 75 MG,2,AMPOLLA,1
216,TRAUMATOLOGIA RODILLA,DICLOFENAC SÓDICO 75 MG,2,AMPOLLA,1
215,TRAUMATOLOGIA HOMBRO Y CODO,DICLOFENAC SÓDICO 75 MG,2,AMPOLLA,1
214,TRAUMATOLOGIA PIE Y TOBILLO,DICLOFENAC SÓDICO 75 MG,2,AMPOLLA,1
213,TRAUMATOLOGIA MANO Y ANTEBRAZO,DICLOFENAC SÓDICO 75 MG,2,AMPOLLA,1
212,TRAUMATOLOGIA CADERA,DICLOFENAC SÓDICO 75 MG,2,AMPOLLA,1
211,TRAUMATOLOGIA COLUMNA,DICLOFENAC SÓDICO 75 MG,2,AMPOLLA,1
204,UNIDAD DE OBSTETRICIA,DICLOFENAC SÓDICO 75 MG,2,AMPOLLA,4
160,CLIMATERIO,DICLOFENAC SÓDICO 75 MG,2,AMPOLLA,1
89,GERIATRIA,DICLOFENAC SÓDICO 75 MG,2,AMPOLLA,1
50,NEFROLOGIA,DICLOFENAC SÓDICO 75 MG,2,AMPOLLA,1
21,UROLOGIA,DICLOFENAC SÓDICO 75 MG,2,AMPOLLA,1
16,TRAUMATOLOGIA GENERAL,DICLOFENAC SÓDICO 75 MG,2,AMPOLLA,1
11,CLINICA MEDICA,DICLOFENAC SÓDICO 75 MG,2,AMPOLLA,1
11,CLINICA MEDICA,DICLOFENAC SÓDICO 75 MG,2,AMPOLLA,1
4,ENDOCRINOLOGIA,DICLOFENAC SÓDICO 75 MG,2,AMPOLLA,1
1,REUMATOLOGIA,DICLOFENAC SÓDICO 75 MG,2,AMPOLLA,1
170,ESTUDIOS HEMODINAMIA ,DICLOFENAC SÓDICO 75 MG,2,AMPOLLA,6
35,HEMODIALISIS,DICLOFENAC SÓDICO 75 MG,2,AMPOLLA,3
183,ONCOLOGIA PEDIATRICA,PREDNISONA 50 MG.COMPRIMIDO  ,3,COMPRIMIDO,20
181,NEURODESARROLLO ,PREDNISONA 50 MG.COMPRIMIDO  ,3,COMPRIMIDO,20
160,CLIMATERIO,PREDNISONA 50 MG.COMPRIMIDO  ,3,COMPRIMIDO,20
139,INFECTOLOGIA PEDIATRICA,PREDNISONA 50 MG.COMPRIMIDO  ,3,COMPRIMIDO,20
110,HEMATOLOGIA CRONICOS,PREDNISONA 50 MG.COMPRIMIDO  ,3,COMPRIMIDO,20
109,HEMATOLOGIA PEDIATRICA,PREDNISONA 50 MG.COMPRIMIDO  ,3,COMPRIMIDO,20
101,MEDICINA FAMILIAR,PREDNISONA 50 MG.COMPRIMIDO  ,3,COMPRIMIDO,20
91,TERAPIA DEL DOLOR Y MEDICINA PALIATIVA ,PREDNISONA 50 MG.COMPRIMIDO  ,3,COMPRIMIDO,20
89,GERIATRIA,PREDNISONA 50 MG.COMPRIMIDO  ,3,COMPRIMIDO,20
87,REUMATOLOGIA PEDIATRICA,PREDNISONA 50 MG.COMPRIMIDO  ,3,COMPRIMIDO,20
86,NEUMOLOGIA PEDIATRICA,PREDNISONA 50 MG.COMPRIMIDO  ,3,COMPRIMIDO,20
66,NEUROLOGIA PEDIATRICA,PREDNISONA 50 MG.COMPRIMIDO  ,3,COMPRIMIDO,30
60,GASTROENTEROLOGIA PEDIATRICA,PREDNISONA 50 MG.COMPRIMIDO  ,3,COMPRIMIDO,20
58,MASTOLOGIA,PREDNISONA 50 MG.COMPRIMIDO  ,3,COMPRIMIDO,20
57,DIABETOLOGIA,PREDNISONA 50 MG.COMPRIMIDO  ,3,COMPRIMIDO,20
56,NEUMOLOGIA,PREDNISONA 50 MG.COMPRIMIDO  ,3,COMPRIMIDO,20
50,NEFROLOGIA,PREDNISONA 50 MG.COMPRIMIDO  ,3,COMPRIMIDO,20
49,ONCOLOGIA,PREDNISONA 50 MG.COMPRIMIDO  ,3,COMPRIMIDO,20
44,ENDOCRINOLOGIA PEDIATRICA,PREDNISONA 50 MG.COMPRIMIDO  ,3,COMPRIMIDO,20
42,DERMATOLOGIA PEDIATRICA,PREDNISONA 50 MG.COMPRIMIDO  ,3,COMPRIMIDO,20
37,PEDIATRIA,PREDNISONA 50 MG.COMPRIMIDO  ,3,COMPRIMIDO,20
34,GINECOLOGIA,PREDNISONA 50 MG.COMPRIMIDO  ,3,COMPRIMIDO,20
21,UROLOGIA,PREDNISONA 50 MG.COMPRIMIDO  ,3,COMPRIMIDO,20
11,CLINICA MEDICA,PREDNISONA 50 MG.COMPRIMIDO  ,3,COMPRIMIDO,20
11,CLINICA MEDICA,PREDNISONA 50 MG.COMPRIMIDO  ,3,COMPRIMIDO,20
9,ALERGIA E INMUNOLOGIA,PREDNISONA 50 MG.COMPRIMIDO  ,3,COMPRIMIDO,20
8,DERMATOLOGIA,PREDNISONA 50 MG.COMPRIMIDO  ,3,COMPRIMIDO,20
7,SIQUIATRIA,PREDNISONA 50 MG.COMPRIMIDO  ,3,COMPRIMIDO,20
6,NEFROLOGIA PEDIATRICA,PREDNISONA 50 MG.COMPRIMIDO  ,3,COMPRIMIDO,20
5,CARDIOLOGIA PEDIATRICA,PREDNISONA 50 MG.COMPRIMIDO  ,3,COMPRIMIDO,20
4,ENDOCRINOLOGIA,PREDNISONA 50 MG.COMPRIMIDO  ,3,COMPRIMIDO,20
4,ENDOCRINOLOGIA,PREDNISONA 50 MG.COMPRIMIDO  ,3,COMPRIMIDO,20
3,NEUROLOGIA,PREDNISONA 50 MG.COMPRIMIDO  ,3,COMPRIMIDO,20
2,HEMATOLOGIA,PREDNISONA 50 MG.COMPRIMIDO  ,3,COMPRIMIDO,20
1,REUMATOLOGIA,PREDNISONA 50 MG.COMPRIMIDO  ,3,COMPRIMIDO,20
177,PSIQUIATRIA INFANTIL,PREDNISONA 50 MG.COMPRIMIDO  ,3,COMPRIMIDO,20
170,ESTUDIOS HEMODINAMIA ,PREDNISONA 50 MG.COMPRIMIDO  ,3,COMPRIMIDO,30
183,ONCOLOGIA PEDIATRICA,PREDNISONA 5 MG.,3,COMPRIMIDO,20
181,NEURODESARROLLO ,PREDNISONA 5 MG.,3,COMPRIMIDO,20
160,CLIMATERIO,PREDNISONA 5 MG.,3,COMPRIMIDO,20
139,INFECTOLOGIA PEDIATRICA,PREDNISONA 5 MG.,3,COMPRIMIDO,20
110,HEMATOLOGIA CRONICOS,PREDNISONA 5 MG.,3,COMPRIMIDO,20
109,HEMATOLOGIA PEDIATRICA,PREDNISONA 5 MG.,3,COMPRIMIDO,20
101,MEDICINA FAMILIAR,PREDNISONA 5 MG.,3,COMPRIMIDO,20
91,TERAPIA DEL DOLOR Y MEDICINA PALIATIVA ,PREDNISONA 5 MG.,3,COMPRIMIDO,20
87,REUMATOLOGIA PEDIATRICA,PREDNISONA 5 MG.,3,COMPRIMIDO,20
86,NEUMOLOGIA PEDIATRICA,PREDNISONA 5 MG.,3,COMPRIMIDO,20
66,NEUROLOGIA PEDIATRICA,PREDNISONA 5 MG.,3,COMPRIMIDO,90
60,GASTROENTEROLOGIA PEDIATRICA,PREDNISONA 5 MG.,3,COMPRIMIDO,20
58,MASTOLOGIA,PREDNISONA 5 MG.,3,COMPRIMIDO,20
57,DIABETOLOGIA,PREDNISONA 5 MG.,3,COMPRIMIDO,20
56,NEUMOLOGIA,PREDNISONA 5 MG.,3,COMPRIMIDO,20
50,NEFROLOGIA,PREDNISONA 5 MG.,3,COMPRIMIDO,20
49,ONCOLOGIA,PREDNISONA 5 MG.,3,COMPRIMIDO,20
44,ENDOCRINOLOGIA PEDIATRICA,PREDNISONA 5 MG.,3,COMPRIMIDO,20
42,DERMATOLOGIA PEDIATRICA,PREDNISONA 5 MG.,3,COMPRIMIDO,20
37,PEDIATRIA,PREDNISONA 5 MG.,3,COMPRIMIDO,20
34,GINECOLOGIA,PREDNISONA 5 MG.,3,COMPRIMIDO,20
21,UROLOGIA,PREDNISONA 5 MG.,3,COMPRIMIDO,20
11,CLINICA MEDICA,PREDNISONA 5 MG.,3,COMPRIMIDO,20
11,CLINICA MEDICA,PREDNISONA 5 MG.,3,COMPRIMIDO,20
9,ALERGIA E INMUNOLOGIA,PREDNISONA 5 MG.,3,COMPRIMIDO,20
8,DERMATOLOGIA,PREDNISONA 5 MG.,3,COMPRIMIDO,20
7,SIQUIATRIA,PREDNISONA 5 MG.,3,COMPRIMIDO,20
6,NEFROLOGIA PEDIATRICA,PREDNISONA 5 MG.,3,COMPRIMIDO,20
5,CARDIOLOGIA PEDIATRICA,PREDNISONA 5 MG.,3,COMPRIMIDO,20
4,ENDOCRINOLOGIA,PREDNISONA 5 MG.,3,COMPRIMIDO,20
3,NEUROLOGIA,PREDNISONA 5 MG.,3,COMPRIMIDO,20
2,HEMATOLOGIA,PREDNISONA 5 MG.,3,COMPRIMIDO,20
1,REUMATOLOGIA,PREDNISONA 5 MG.,3,COMPRIMIDO,20
177,PSIQUIATRIA INFANTIL,PREDNISONA 5 MG.,3,COMPRIMIDO,20
170,ESTUDIOS HEMODINAMIA ,PREDNISONA 5 MG.,3,COMPRIMIDO,60
160,CLIMATERIO,HIDROCORTISONA 500 MG,2,FRASCO AMPOLLA,1
21,UROLOGIA,HIDROCORTISONA 500 MG,2,FRASCO AMPOLLA,1
9,ALERGIA E INMUNOLOGIA,HIDROCORTISONA 500 MG,2,FRASCO AMPOLLA,1
35,HEMODIALISIS,HIDROCORTISONA 500 MG,2,FRASCO AMPOLLA,1
199,TELESALUD HV,"BETAMETASONA 0,50 MG/ML.GOTAS ORALES. ",8,FRASCO GOTERO,2
183,ONCOLOGIA PEDIATRICA,"BETAMETASONA 0,50 MG/ML.GOTAS ORALES. ",8,FRASCO GOTERO,1
109,HEMATOLOGIA PEDIATRICA,"BETAMETASONA 0,50 MG/ML.GOTAS ORALES. ",8,FRASCO GOTERO,1
101,MEDICINA FAMILIAR,"BETAMETASONA 0,50 MG/ML.GOTAS ORALES. ",8,FRASCO GOTERO,1
89,GERIATRIA,"BETAMETASONA 0,50 MG/ML.GOTAS ORALES. ",8,FRASCO GOTERO,1
86,NEUMOLOGIA PEDIATRICA,"BETAMETASONA 0,50 MG/ML.GOTAS ORALES. ",8,FRASCO GOTERO,1
69,UNIDAD DE TRANSPLANTE,"BETAMETASONA 0,50 MG/ML.GOTAS ORALES. ",8,FRASCO GOTERO,1
59,RADIOTERAPIA,"BETAMETASONA 0,50 MG/ML.GOTAS ORALES. ",8,FRASCO GOTERO,1
56,NEUMOLOGIA,"BETAMETASONA 0,50 MG/ML.GOTAS ORALES. ",8,FRASCO GOTERO,1
50,NEFROLOGIA,"BETAMETASONA 0,50 MG/ML.GOTAS ORALES. ",8,FRASCO GOTERO,1
44,ENDOCRINOLOGIA PEDIATRICA,"BETAMETASONA 0,50 MG/ML.GOTAS ORALES. ",8,FRASCO GOTERO,1
43,OTORRINOLARINGOLOGIA PEDIATRICA,"BETAMETASONA 0,50 MG/ML.GOTAS ORALES. ",8,FRASCO GOTERO,1
37,PEDIATRIA,"BETAMETASONA 0,50 MG/ML.GOTAS ORALES. ",8,FRASCO GOTERO,1
22,OTORRINOLARINGOLOGIA,"BETAMETASONA 0,50 MG/ML.GOTAS ORALES. ",8,FRASCO GOTERO,1
11,CLINICA MEDICA,"BETAMETASONA 0,50 MG/ML.GOTAS ORALES. ",8,FRASCO GOTERO,1
9,ALERGIA E INMUNOLOGIA,"BETAMETASONA 0,50 MG/ML.GOTAS ORALES. ",8,FRASCO GOTERO,1
6,NEFROLOGIA PEDIATRICA,"BETAMETASONA 0,50 MG/ML.GOTAS ORALES. ",8,FRASCO GOTERO,1
4,ENDOCRINOLOGIA,"BETAMETASONA 0,50 MG/ML.GOTAS ORALES. ",8,FRASCO GOTERO,1
4,ENDOCRINOLOGIA,"BETAMETASONA 0,50 MG/ML.GOTAS ORALES. ",8,FRASCO GOTERO,1
2,HEMATOLOGIA,"BETAMETASONA 0,50 MG/ML.GOTAS ORALES. ",8,FRASCO GOTERO,1
2,HEMATOLOGIA,"BETAMETASONA 0,50 MG/ML.GOTAS ORALES. ",8,FRASCO GOTERO,1
46,HEMODINAMIA,"BETAMETASONA 0,50 MG/ML.GOTAS ORALES. ",8,FRASCO GOTERO,1
160,CLIMATERIO,DEXAMETASONA 8 MG/ML (4 MG/ML.),2,VIAL / AMPOLLA,1
21,UROLOGIA,DEXAMETASONA 8 MG/ML (4 MG/ML.),2,VIAL / AMPOLLA,1
9,ALERGIA E INMUNOLOGIA,DEXAMETASONA 8 MG/ML (4 MG/ML.),2,VIAL / AMPOLLA,1
4,ENDOCRINOLOGIA,DEXAMETASONA 8 MG/ML (4 MG/ML.),2,VIAL / AMPOLLA,1
1,REUMATOLOGIA,DEXAMETASONA 8 MG/ML (4 MG/ML.),2,VIAL / AMPOLLA,1
170,ESTUDIOS HEMODINAMIA ,DEXAMETASONA 8 MG/ML (4 MG/ML.),2,VIAL / AMPOLLA,6
217,TRAUMATOLOGIA TUMORES,DEXAMETASONA FOSFATO + DEXAMETASONA PIVALATO 4MG + 16MG,2,VIAL,1
216,TRAUMATOLOGIA RODILLA,DEXAMETASONA FOSFATO + DEXAMETASONA PIVALATO 4MG + 16MG,2,VIAL,1
215,TRAUMATOLOGIA HOMBRO Y CODO,DEXAMETASONA FOSFATO + DEXAMETASONA PIVALATO 4MG + 16MG,2,VIAL,1
214,TRAUMATOLOGIA PIE Y TOBILLO,DEXAMETASONA FOSFATO + DEXAMETASONA PIVALATO 4MG + 16MG,2,VIAL,1
213,TRAUMATOLOGIA MANO Y ANTEBRAZO,DEXAMETASONA FOSFATO + DEXAMETASONA PIVALATO 4MG + 16MG,2,VIAL,1
212,TRAUMATOLOGIA CADERA,DEXAMETASONA FOSFATO + DEXAMETASONA PIVALATO 4MG + 16MG,2,VIAL,1
211,TRAUMATOLOGIA COLUMNA,DEXAMETASONA FOSFATO + DEXAMETASONA PIVALATO 4MG + 16MG,2,VIAL,1
183,ONCOLOGIA PEDIATRICA,DEXAMETASONA FOSFATO + DEXAMETASONA PIVALATO 4MG + 16MG,2,VIAL,1
150,FISIATRA (NIÑOS) ,DEXAMETASONA FOSFATO + DEXAMETASONA PIVALATO 4MG + 16MG,2,VIAL,1
109,HEMATOLOGIA PEDIATRICA,DEXAMETASONA FOSFATO + DEXAMETASONA PIVALATO 4MG + 16MG,2,VIAL,1
101,MEDICINA FAMILIAR,DEXAMETASONA FOSFATO + DEXAMETASONA PIVALATO 4MG + 16MG,2,VIAL,1
91,TERAPIA DEL DOLOR Y MEDICINA PALIATIVA ,DEXAMETASONA FOSFATO + DEXAMETASONA PIVALATO 4MG + 16MG,2,VIAL,1
89,GERIATRIA,DEXAMETASONA FOSFATO + DEXAMETASONA PIVALATO 4MG + 16MG,2,VIAL,1
87,REUMATOLOGIA PEDIATRICA,DEXAMETASONA FOSFATO + DEXAMETASONA PIVALATO 4MG + 16MG,2,VIAL,1
86,NEUMOLOGIA PEDIATRICA,DEXAMETASONA FOSFATO + DEXAMETASONA PIVALATO 4MG + 16MG,2,VIAL,1
66,NEUROLOGIA PEDIATRICA,DEXAMETASONA FOSFATO + DEXAMETASONA PIVALATO 4MG + 16MG,2,VIAL,1
59,RADIOTERAPIA,DEXAMETASONA FOSFATO + DEXAMETASONA PIVALATO 4MG + 16MG,2,VIAL,1
56,NEUMOLOGIA,DEXAMETASONA FOSFATO + DEXAMETASONA PIVALATO 4MG + 16MG,2,VIAL,1
52,SALUD REPRODUCTIVA,DEXAMETASONA FOSFATO + DEXAMETASONA PIVALATO 4MG + 16MG,2,VIAL,1
43,OTORRINOLARINGOLOGIA PEDIATRICA,DEXAMETASONA FOSFATO + DEXAMETASONA PIVALATO 4MG + 16MG,2,VIAL,1
42,DERMATOLOGIA PEDIATRICA,DEXAMETASONA FOSFATO + DEXAMETASONA PIVALATO 4MG + 16MG,2,VIAL,1
42,DERMATOLOGIA PEDIATRICA,DEXAMETASONA FOSFATO + DEXAMETASONA PIVALATO 4MG + 16MG,2,VIAL,1
41,TRAUMATOLOGIA PEDIATRICA,DEXAMETASONA FOSFATO + DEXAMETASONA PIVALATO 4MG + 16MG,2,VIAL,1
37,PEDIATRIA,DEXAMETASONA FOSFATO + DEXAMETASONA PIVALATO 4MG + 16MG,2,VIAL,1
34,GINECOLOGIA,DEXAMETASONA FOSFATO + DEXAMETASONA PIVALATO 4MG + 16MG,2,VIAL,1
33,GINECO-OBSTETRICIA,DEXAMETASONA FOSFATO + DEXAMETASONA PIVALATO 4MG + 16MG,2,VIAL,1
31,OBSTETRICIA,DEXAMETASONA FOSFATO + DEXAMETASONA PIVALATO 4MG + 16MG,2,VIAL,1
24,NEUROCIRUGIA,DEXAMETASONA FOSFATO + DEXAMETASONA PIVALATO 4MG + 16MG,2,VIAL,1
22,OTORRINOLARINGOLOGIA,DEXAMETASONA FOSFATO + DEXAMETASONA PIVALATO 4MG + 16MG,2,VIAL,1
18,FISIATRIA ADULTO,DEXAMETASONA FOSFATO + DEXAMETASONA PIVALATO 4MG + 16MG,2,VIAL,1
17,CIRUGIA RECONSTRUCTIVA,DEXAMETASONA FOSFATO + DEXAMETASONA PIVALATO 4MG + 16MG,2,VIAL,1
16,TRAUMATOLOGIA GENERAL,DEXAMETASONA FOSFATO + DEXAMETASONA PIVALATO 4MG + 16MG,2,VIAL,1
11,CLINICA MEDICA,DEXAMETASONA FOSFATO + DEXAMETASONA PIVALATO 4MG + 16MG,2,VIAL,1
9,ALERGIA E INMUNOLOGIA,DEXAMETASONA FOSFATO + DEXAMETASONA PIVALATO 4MG + 16MG,2,VIAL,1
8,DERMATOLOGIA,DEXAMETASONA FOSFATO + DEXAMETASONA PIVALATO 4MG + 16MG,2,VIAL,1
3,NEUROLOGIA,DEXAMETASONA FOSFATO + DEXAMETASONA PIVALATO 4MG + 16MG,2,VIAL,1
2,HEMATOLOGIA,DEXAMETASONA FOSFATO + DEXAMETASONA PIVALATO 4MG + 16MG,2,VIAL,1
1,REUMATOLOGIA,DEXAMETASONA FOSFATO + DEXAMETASONA PIVALATO 4MG + 16MG,2,VIAL,1
98,PLANIFICACION FAMILIAR,DEXAMETASONA FOSFATO + DEXAMETASONA PIVALATO 4MG + 16MG,2,VIAL,1
7,SIQUIATRIA,ACIDO ACETIL SALICILICO 500 MG.,3,COMPRIMIDO RECUBIERTO,1
217,TRAUMATOLOGIA TUMORES,DIPIRONA 1 G (500 MG/ML),2,AMPOLLA,1
216,TRAUMATOLOGIA RODILLA,DIPIRONA 1 G (500 MG/ML),2,AMPOLLA,1
215,TRAUMATOLOGIA HOMBRO Y CODO,DIPIRONA 1 G (500 MG/ML),2,AMPOLLA,1
214,TRAUMATOLOGIA PIE Y TOBILLO,DIPIRONA 1 G (500 MG/ML),2,AMPOLLA,1
213,TRAUMATOLOGIA MANO Y ANTEBRAZO,DIPIRONA 1 G (500 MG/ML),2,AMPOLLA,1
212,TRAUMATOLOGIA CADERA,DIPIRONA 1 G (500 MG/ML),2,AMPOLLA,1
211,TRAUMATOLOGIA COLUMNA,DIPIRONA 1 G (500 MG/ML),2,AMPOLLA,1
204,UNIDAD DE OBSTETRICIA,DIPIRONA 1 G (500 MG/ML),2,AMPOLLA,4
21,UROLOGIA,DIPIRONA 1 G (500 MG/ML),2,AMPOLLA,1
16,TRAUMATOLOGIA GENERAL,DIPIRONA 1 G (500 MG/ML),2,AMPOLLA,1
11,CLINICA MEDICA,DIPIRONA 1 G (500 MG/ML),2,AMPOLLA,1
9,ALERGIA E INMUNOLOGIA,DIPIRONA 1 G (500 MG/ML),2,AMPOLLA,1
4,ENDOCRINOLOGIA,DIPIRONA 1 G (500 MG/ML),2,AMPOLLA,1
170,ESTUDIOS HEMODINAMIA ,DIPIRONA 1 G (500 MG/ML),2,AMPOLLA,3
217,TRAUMATOLOGIA TUMORES,PARACETAMOL 500 MG.   ,3,COMPRIMIDO,20
216,TRAUMATOLOGIA RODILLA,PARACETAMOL 500 MG.   ,3,COMPRIMIDO,20
215,TRAUMATOLOGIA HOMBRO Y CODO,PARACETAMOL 500 MG.   ,3,COMPRIMIDO,20
214,TRAUMATOLOGIA PIE Y TOBILLO,PARACETAMOL 500 MG.   ,3,COMPRIMIDO,20
213,TRAUMATOLOGIA MANO Y ANTEBRAZO,PARACETAMOL 500 MG.   ,3,COMPRIMIDO,20
212,TRAUMATOLOGIA CADERA,PARACETAMOL 500 MG.   ,3,COMPRIMIDO,20
211,TRAUMATOLOGIA COLUMNA,PARACETAMOL 500 MG.   ,3,COMPRIMIDO,20
204,UNIDAD DE OBSTETRICIA,PARACETAMOL 500 MG.   ,3,COMPRIMIDO,20
199,TELESALUD HV,PARACETAMOL 500 MG.   ,3,COMPRIMIDO,30
199,TELESALUD HV,PARACETAMOL 500 MG.   ,3,COMPRIMIDO,20
160,CLIMATERIO,PARACETAMOL 500 MG.   ,3,COMPRIMIDO,20
112,CIRUGIA MINIMA INVASIVA,PARACETAMOL 500 MG.   ,3,COMPRIMIDO,20
101,MEDICINA FAMILIAR,PARACETAMOL 500 MG.   ,3,COMPRIMIDO,20
101,MEDICINA FAMILIAR,PARACETAMOL 500 MG.   ,3,COMPRIMIDO,20
91,TERAPIA DEL DOLOR Y MEDICINA PALIATIVA ,PARACETAMOL 500 MG.   ,3,COMPRIMIDO,20
89,GERIATRIA,PARACETAMOL 500 MG.   ,3,COMPRIMIDO,20
57,DIABETOLOGIA,PARACETAMOL 500 MG.   ,3,COMPRIMIDO,30
56,NEUMOLOGIA,PARACETAMOL 500 MG.   ,3,COMPRIMIDO,20
56,NEUMOLOGIA,PARACETAMOL 500 MG.   ,3,COMPRIMIDO,1
50,NEFROLOGIA,PARACETAMOL 500 MG.   ,3,COMPRIMIDO,20
49,ONCOLOGIA,PARACETAMOL 500 MG.   ,3,COMPRIMIDO,20
37,PEDIATRIA,PARACETAMOL 500 MG.   ,3,COMPRIMIDO,20
34,GINECOLOGIA,PARACETAMOL 500 MG.   ,3,COMPRIMIDO,20
34,GINECOLOGIA,PARACETAMOL 500 MG.   ,3,COMPRIMIDO,20
29,PROCTOLOGIA,PARACETAMOL 500 MG.   ,3,COMPRIMIDO,20
21,UROLOGIA,PARACETAMOL 500 MG.   ,3,COMPRIMIDO,20
18,FISIATRIA ADULTO,PARACETAMOL 500 MG.   ,3,COMPRIMIDO,20
16,TRAUMATOLOGIA GENERAL,PARACETAMOL 500 MG.   ,3,COMPRIMIDO,20
12,CARDIOLOGIA,PARACETAMOL 500 MG.   ,3,COMPRIMIDO,20
11,CLINICA MEDICA,PARACETAMOL 500 MG.   ,3,COMPRIMIDO,20
11,CLINICA MEDICA,PARACETAMOL 500 MG.   ,3,COMPRIMIDO,20
10,GASTROENTEROLOGIA,PARACETAMOL 500 MG.   ,3,COMPRIMIDO,20
9,ALERGIA E INMUNOLOGIA,PARACETAMOL 500 MG.   ,3,COMPRIMIDO,20
8,DERMATOLOGIA,PARACETAMOL 500 MG.   ,3,COMPRIMIDO,20
7,SIQUIATRIA,PARACETAMOL 500 MG.   ,3,COMPRIMIDO,1
4,ENDOCRINOLOGIA,PARACETAMOL 500 MG.   ,3,COMPRIMIDO,20
3,NEUROLOGIA,PARACETAMOL 500 MG.   ,3,COMPRIMIDO,20
2,HEMATOLOGIA,PARACETAMOL 500 MG.   ,3,COMPRIMIDO,20
1,REUMATOLOGIA,PARACETAMOL 500 MG.   ,3,COMPRIMIDO,20
170,ESTUDIOS HEMODINAMIA ,PARACETAMOL 500 MG.   ,3,COMPRIMIDO,30
23,URGENCIAS CLINICA MEDICA,PARACETAMOL 500 MG.   ,3,COMPRIMIDO,20
181,NEURODESARROLLO ,PARACETAMOL 200 MG/ML ,8,FCO GOTERO 200MG/ML,1
160,CLIMATERIO,PARACETAMOL 200 MG/ML ,8,FCO GOTERO 200MG/ML,1
101,MEDICINA FAMILIAR,PARACETAMOL 200 MG/ML ,8,FCO GOTERO 200MG/ML,1
42,DERMATOLOGIA PEDIATRICA,PARACETAMOL 200 MG/ML ,8,FCO GOTERO 200MG/ML,1
37,PEDIATRIA,PARACETAMOL 200 MG/ML ,8,FCO GOTERO 200MG/ML,1
21,UROLOGIA,PARACETAMOL 200 MG/ML ,8,FCO GOTERO 200MG/ML,1
11,CLINICA MEDICA,PARACETAMOL 200 MG/ML ,8,FCO GOTERO 200MG/ML,1
9,ALERGIA E INMUNOLOGIA,PARACETAMOL 200 MG/ML ,8,FCO GOTERO 200MG/ML,1
4,ENDOCRINOLOGIA,PARACETAMOL 200 MG/ML ,8,FCO GOTERO 200MG/ML,1
170,ESTUDIOS HEMODINAMIA ,PARACETAMOL 200 MG/ML ,8,FCO GOTERO 200MG/ML,2
51,ANESTESIOLOGIA,MEPERIDINA 100MG.  (50MG/ML.),2,AMPOLLA,1
183,ONCOLOGIA PEDIATRICA,MORFINA CLORHIDRATO 10 MG/ML.,2,AMPOLLA,1
91,TERAPIA DEL DOLOR Y MEDICINA PALIATIVA ,MORFINA CLORHIDRATO 10 MG/ML.,2,AMPOLLA,1
91,TERAPIA DEL DOLOR Y MEDICINA PALIATIVA ,MORFINA CLORHIDRATO 10 MG/ML.,2,AMPOLLA,1
91,TERAPIA DEL DOLOR Y MEDICINA PALIATIVA ,MORFINA CLORHIDRATO 10 MG/ML.,2,AMPOLLA,1
58,MASTOLOGIA,MORFINA CLORHIDRATO 10 MG/ML.,2,AMPOLLA,1
49,ONCOLOGIA,MORFINA CLORHIDRATO 10 MG/ML.,2,AMPOLLA,1
35,HEMODIALISIS,MORFINA CLORHIDRATO 10 MG/ML.,2,AMPOLLA,1
55,CARDIOCIRUGIA,CLONIDINA 150 MCG.,2,AMPOLLA,1
199,TELESALUD HV,PROPANOLOL 40 MG.,3,COMPRIMIDO,30
181,NEURODESARROLLO ,PROPANOLOL 40 MG.,3,COMPRIMIDO,20
160,CLIMATERIO,PROPANOLOL 40 MG.,3,COMPRIMIDO,20
110,HEMATOLOGIA CRONICOS,PROPANOLOL 40 MG.,3,COMPRIMIDO,20
109,HEMATOLOGIA PEDIATRICA,PROPANOLOL 40 MG.,3,COMPRIMIDO,20
101,MEDICINA FAMILIAR,PROPANOLOL 40 MG.,3,COMPRIMIDO,20
89,GERIATRIA,PROPANOLOL 40 MG.,3,COMPRIMIDO,20
87,REUMATOLOGIA PEDIATRICA,PROPANOLOL 40 MG.,3,COMPRIMIDO,20
86,NEUMOLOGIA PEDIATRICA,PROPANOLOL 40 MG.,3,COMPRIMIDO,20
66,NEUROLOGIA PEDIATRICA,PROPANOLOL 40 MG.,3,COMPRIMIDO,150
60,GASTROENTEROLOGIA PEDIATRICA,PROPANOLOL 40 MG.,3,COMPRIMIDO,20
58,MASTOLOGIA,PROPANOLOL 40 MG.,3,COMPRIMIDO,20
57,DIABETOLOGIA,PROPANOLOL 40 MG.,3,COMPRIMIDO,20
56,NEUMOLOGIA,PROPANOLOL 40 MG.,3,COMPRIMIDO,20
50,NEFROLOGIA,PROPANOLOL 40 MG.,3,COMPRIMIDO,20
49,ONCOLOGIA,PROPANOLOL 40 MG.,3,COMPRIMIDO,20
44,ENDOCRINOLOGIA PEDIATRICA,PROPANOLOL 40 MG.,3,COMPRIMIDO,20
42,DERMATOLOGIA PEDIATRICA,PROPANOLOL 40 MG.,3,COMPRIMIDO,20
22,OTORRINOLARINGOLOGIA,PROPANOLOL 40 MG.,3,COMPRIMIDO,20
21,UROLOGIA,PROPANOLOL 40 MG.,3,COMPRIMIDO,20
12,CARDIOLOGIA,PROPANOLOL 40 MG.,3,COMPRIMIDO,20
11,CLINICA MEDICA,PROPANOLOL 40 MG.,3,COMPRIMIDO,20
10,GASTROENTEROLOGIA,PROPANOLOL 40 MG.,3,COMPRIMIDO,20
7,SIQUIATRIA,PROPANOLOL 40 MG.,3,COMPRIMIDO,20
6,NEFROLOGIA PEDIATRICA,PROPANOLOL 40 MG.,3,COMPRIMIDO,20
5,CARDIOLOGIA PEDIATRICA,PROPANOLOL 40 MG.,3,COMPRIMIDO,20
4,ENDOCRINOLOGIA,PROPANOLOL 40 MG.,3,COMPRIMIDO,20
3,NEUROLOGIA,PROPANOLOL 40 MG.,3,COMPRIMIDO,20
2,HEMATOLOGIA,PROPANOLOL 40 MG.,3,COMPRIMIDO,20
1,REUMATOLOGIA,PROPANOLOL 40 MG.,3,COMPRIMIDO,20
177,PSIQUIATRIA INFANTIL,PROPANOLOL 40 MG.,3,COMPRIMIDO,20
170,ESTUDIOS HEMODINAMIA ,PROPANOLOL 40 MG.,3,COMPRIMIDO,90
199,TELESALUD HV,ATENOLOL 100 MG.  ,3,COMPRIMIDO,30
183,ONCOLOGIA PEDIATRICA,ATENOLOL 100 MG.  ,3,COMPRIMIDO,20
181,NEURODESARROLLO ,ATENOLOL 100 MG.  ,3,COMPRIMIDO,20
160,CLIMATERIO,ATENOLOL 100 MG.  ,3,COMPRIMIDO,20
110,HEMATOLOGIA CRONICOS,ATENOLOL 100 MG.  ,3,COMPRIMIDO,20
109,HEMATOLOGIA PEDIATRICA,ATENOLOL 100 MG.  ,3,COMPRIMIDO,20
101,MEDICINA FAMILIAR,ATENOLOL 100 MG.  ,3,COMPRIMIDO,20
91,TERAPIA DEL DOLOR Y MEDICINA PALIATIVA ,ATENOLOL 100 MG.  ,3,COMPRIMIDO,20
89,GERIATRIA,ATENOLOL 100 MG.  ,3,COMPRIMIDO,20
89,GERIATRIA,ATENOLOL 100 MG.  ,3,COMPRIMIDO,20
87,REUMATOLOGIA PEDIATRICA,ATENOLOL 100 MG.  ,3,COMPRIMIDO,20
69,UNIDAD DE TRANSPLANTE,ATENOLOL 100 MG.  ,3,COMPRIMIDO,20
66,NEUROLOGIA PEDIATRICA,ATENOLOL 100 MG.  ,3,COMPRIMIDO,60
60,GASTROENTEROLOGIA PEDIATRICA,ATENOLOL 100 MG.  ,3,COMPRIMIDO,20
58,MASTOLOGIA,ATENOLOL 100 MG.  ,3,COMPRIMIDO,20
57,DIABETOLOGIA,ATENOLOL 100 MG.  ,3,COMPRIMIDO,20
56,NEUMOLOGIA,ATENOLOL 100 MG.  ,3,COMPRIMIDO,20
50,NEFROLOGIA,ATENOLOL 100 MG.  ,3,COMPRIMIDO,20
49,ONCOLOGIA,ATENOLOL 100 MG.  ,3,COMPRIMIDO,20
42,DERMATOLOGIA PEDIATRICA,ATENOLOL 100 MG.  ,3,COMPRIMIDO,20
12,CARDIOLOGIA,ATENOLOL 100 MG.  ,3,COMPRIMIDO,20
11,CLINICA MEDICA,ATENOLOL 100 MG.  ,3,COMPRIMIDO,20
11,CLINICA MEDICA,ATENOLOL 100 MG.  ,3,COMPRIMIDO,20
7,SIQUIATRIA,ATENOLOL 100 MG.  ,3,COMPRIMIDO,20
6,NEFROLOGIA PEDIATRICA,ATENOLOL 100 MG.  ,3,COMPRIMIDO,20
5,CARDIOLOGIA PEDIATRICA,ATENOLOL 100 MG.  ,3,COMPRIMIDO,20
4,ENDOCRINOLOGIA,ATENOLOL 100 MG.  ,3,COMPRIMIDO,20
3,NEUROLOGIA,ATENOLOL 100 MG.  ,3,COMPRIMIDO,20
2,HEMATOLOGIA,ATENOLOL 100 MG.  ,3,COMPRIMIDO,20
1,REUMATOLOGIA,ATENOLOL 100 MG.  ,3,COMPRIMIDO,20
177,PSIQUIATRIA INFANTIL,ATENOLOL 100 MG.  ,3,COMPRIMIDO,20
170,ESTUDIOS HEMODINAMIA ,ATENOLOL 100 MG.  ,3,COMPRIMIDO,20
204,UNIDAD DE OBSTETRICIA,ALFAMETILDOPA 500 MG. ,3,UNIDAD,30
199,TELESALUD HV,ALFAMETILDOPA 500 MG. ,3,UNIDAD,60
183,ONCOLOGIA PEDIATRICA,ALFAMETILDOPA 500 MG. ,3,UNIDAD,20
181,NEURODESARROLLO ,ALFAMETILDOPA 500 MG. ,3,UNIDAD,20
160,CLIMATERIO,ALFAMETILDOPA 500 MG. ,3,UNIDAD,20
109,HEMATOLOGIA PEDIATRICA,ALFAMETILDOPA 500 MG. ,3,UNIDAD,20
101,MEDICINA FAMILIAR,ALFAMETILDOPA 500 MG. ,3,UNIDAD,20
89,GERIATRIA,ALFAMETILDOPA 500 MG. ,3,UNIDAD,20
87,REUMATOLOGIA PEDIATRICA,ALFAMETILDOPA 500 MG. ,3,UNIDAD,20
69,UNIDAD DE TRANSPLANTE,ALFAMETILDOPA 500 MG. ,3,UNIDAD,20
66,NEUROLOGIA PEDIATRICA,ALFAMETILDOPA 500 MG. ,3,UNIDAD,60
60,GASTROENTEROLOGIA PEDIATRICA,ALFAMETILDOPA 500 MG. ,3,UNIDAD,20
58,MASTOLOGIA,ALFAMETILDOPA 500 MG. ,3,UNIDAD,20
57,DIABETOLOGIA,ALFAMETILDOPA 500 MG. ,3,UNIDAD,20
52,SALUD REPRODUCTIVA,ALFAMETILDOPA 500 MG. ,3,UNIDAD,20
50,NEFROLOGIA,ALFAMETILDOPA 500 MG. ,3,UNIDAD,20
49,ONCOLOGIA,ALFAMETILDOPA 500 MG. ,3,UNIDAD,20
34,GINECOLOGIA,ALFAMETILDOPA 500 MG. ,3,UNIDAD,20
31,OBSTETRICIA,ALFAMETILDOPA 500 MG. ,3,UNIDAD,20
12,CARDIOLOGIA,ALFAMETILDOPA 500 MG. ,3,UNIDAD,20
12,CARDIOLOGIA,ALFAMETILDOPA 500 MG. ,3,UNIDAD,20
11,CLINICA MEDICA,ALFAMETILDOPA 500 MG. ,3,UNIDAD,20
7,SIQUIATRIA,ALFAMETILDOPA 500 MG. ,3,UNIDAD,20
6,NEFROLOGIA PEDIATRICA,ALFAMETILDOPA 500 MG. ,3,UNIDAD,20
5,CARDIOLOGIA PEDIATRICA,ALFAMETILDOPA 500 MG. ,3,UNIDAD,20
4,ENDOCRINOLOGIA,ALFAMETILDOPA 500 MG. ,3,UNIDAD,20
1,REUMATOLOGIA,ALFAMETILDOPA 500 MG. ,3,UNIDAD,20
177,PSIQUIATRIA INFANTIL,ALFAMETILDOPA 500 MG. ,3,UNIDAD,20
170,ESTUDIOS HEMODINAMIA ,ALFAMETILDOPA 500 MG. ,3,UNIDAD,20
199,TELESALUD HV,DILTIAZEN 60 MG.,3,COMPRIMIDO,30
183,ONCOLOGIA PEDIATRICA,DILTIAZEN 60 MG.,3,COMPRIMIDO,20
101,MEDICINA FAMILIAR,DILTIAZEN 60 MG.,3,COMPRIMIDO,20
97,SALUD OCUPACIONAL,DILTIAZEN 60 MG.,3,COMPRIMIDO,20
89,GERIATRIA,DILTIAZEN 60 MG.,3,COMPRIMIDO,20
86,NEUMOLOGIA PEDIATRICA,DILTIAZEN 60 MG.,3,COMPRIMIDO,20
86,NEUMOLOGIA PEDIATRICA,DILTIAZEN 60 MG.,3,COMPRIMIDO,1
69,UNIDAD DE TRANSPLANTE,DILTIAZEN 60 MG.,3,COMPRIMIDO,20
59,RADIOTERAPIA,DILTIAZEN 60 MG.,3,COMPRIMIDO,20
56,NEUMOLOGIA,DILTIAZEN 60 MG.,3,COMPRIMIDO,20
55,CARDIOCIRUGIA,DILTIAZEN 60 MG.,3,COMPRIMIDO,20
50,NEFROLOGIA,DILTIAZEN 60 MG.,3,COMPRIMIDO,20
44,ENDOCRINOLOGIA PEDIATRICA,DILTIAZEN 60 MG.,3,COMPRIMIDO,20
12,CARDIOLOGIA,DILTIAZEN 60 MG.,3,COMPRIMIDO,20
11,CLINICA MEDICA,DILTIAZEN 60 MG.,3,COMPRIMIDO,20
6,NEFROLOGIA PEDIATRICA,DILTIAZEN 60 MG.,3,COMPRIMIDO,20
5,CARDIOLOGIA PEDIATRICA,DILTIAZEN 60 MG.,3,COMPRIMIDO,20
5,CARDIOLOGIA PEDIATRICA,DILTIAZEN 60 MG.,3,COMPRIMIDO,20
4,ENDOCRINOLOGIA,DILTIAZEN 60 MG.,3,COMPRIMIDO,20
46,HEMODINAMIA,DILTIAZEN 60 MG.,3,COMPRIMIDO,20
23,URGENCIAS CLINICA MEDICA,DILTIAZEN 60 MG.,3,COMPRIMIDO,1
160,CLIMATERIO,"ENALAPRILATO 2,5 MG (1,25MG/ML.)",2,VIAL / AMPOLLA,1
50,NEFROLOGIA,"ENALAPRILATO 2,5 MG (1,25MG/ML.)",2,VIAL / AMPOLLA,1
21,UROLOGIA,"ENALAPRILATO 2,5 MG (1,25MG/ML.)",2,VIAL / AMPOLLA,1
35,HEMODIALISIS,"ENALAPRILATO 2,5 MG (1,25MG/ML.)",2,VIAL / AMPOLLA,2
160,CLIMATERIO,DOPAMINA 200 MG (40 MG/ML) ,2,AMPOLLA,1
35,HEMODIALISIS,DOPAMINA 200 MG (40 MG/ML) ,2,AMPOLLA,1
160,CLIMATERIO,DOBUTAMINA 250 MG (50 MG/ ML),2,AMPOLLA,1
35,HEMODIALISIS,DOBUTAMINA 250 MG (50 MG/ ML),2,AMPOLLA,1
160,CLIMATERIO,ETILEFRINA CLORHIDRATO 10 MG/ML,2,AMPOLLA,1
199,TELESALUD HV,"DIGOXINA 0,25 MG",3,UNIDAD,30
101,MEDICINA FAMILIAR,"DIGOXINA 0,25 MG",3,UNIDAD,20
89,GERIATRIA,"DIGOXINA 0,25 MG",3,UNIDAD,20
86,NEUMOLOGIA PEDIATRICA,"DIGOXINA 0,25 MG",3,UNIDAD,20
69,UNIDAD DE TRANSPLANTE,"DIGOXINA 0,25 MG",3,UNIDAD,20
56,NEUMOLOGIA,"DIGOXINA 0,25 MG",3,UNIDAD,20
56,NEUMOLOGIA,"DIGOXINA 0,25 MG",3,UNIDAD,1
55,CARDIOCIRUGIA,"DIGOXINA 0,25 MG",3,UNIDAD,20
50,NEFROLOGIA,"DIGOXINA 0,25 MG",3,UNIDAD,20
12,CARDIOLOGIA,"DIGOXINA 0,25 MG",3,UNIDAD,20
11,CLINICA MEDICA,"DIGOXINA 0,25 MG",3,UNIDAD,20
6,NEFROLOGIA PEDIATRICA,"DIGOXINA 0,25 MG",3,UNIDAD,20
5,CARDIOLOGIA PEDIATRICA,"DIGOXINA 0,25 MG",3,UNIDAD,20
5,CARDIOLOGIA PEDIATRICA,"DIGOXINA 0,25 MG",3,UNIDAD,20
114,UNIDAD CORONARIA,"DIGOXINA 0,25 MG",3,UNIDAD,1
46,HEMODINAMIA,"DIGOXINA 0,25 MG",3,UNIDAD,20
69,UNIDAD DE TRANSPLANTE,"DIGOXINA 0,05 MG/ML.JARABE ELIXIR",9,FRASCO,1
55,CARDIOCIRUGIA,"DIGOXINA 0,05 MG/ML.JARABE ELIXIR",9,FRASCO,1
37,PEDIATRIA,"DIGOXINA 0,05 MG/ML.JARABE ELIXIR",9,FRASCO,1
5,CARDIOLOGIA PEDIATRICA,"DIGOXINA 0,05 MG/ML.JARABE ELIXIR",9,FRASCO,1
46,HEMODINAMIA,"DIGOXINA 0,05 MG/ML.JARABE ELIXIR",9,FRASCO,1
199,TELESALUD HV,AMIODARONA 200 MG.,3,UNIDAD,30
183,ONCOLOGIA PEDIATRICA,AMIODARONA 200 MG.,3,UNIDAD,20
101,MEDICINA FAMILIAR,AMIODARONA 200 MG.,3,UNIDAD,1
89,GERIATRIA,AMIODARONA 200 MG.,3,UNIDAD,20
69,UNIDAD DE TRANSPLANTE,AMIODARONA 200 MG.,3,UNIDAD,1
59,RADIOTERAPIA,AMIODARONA 200 MG.,3,UNIDAD,1
55,CARDIOCIRUGIA,AMIODARONA 200 MG.,3,UNIDAD,1
50,NEFROLOGIA,AMIODARONA 200 MG.,3,UNIDAD,20
44,ENDOCRINOLOGIA PEDIATRICA,AMIODARONA 200 MG.,3,UNIDAD,1
12,CARDIOLOGIA,AMIODARONA 200 MG.,3,UNIDAD,20
11,CLINICA MEDICA,AMIODARONA 200 MG.,3,UNIDAD,20
6,NEFROLOGIA PEDIATRICA,AMIODARONA 200 MG.,3,UNIDAD,1
5,CARDIOLOGIA PEDIATRICA,AMIODARONA 200 MG.,3,UNIDAD,1
4,ENDOCRINOLOGIA,AMIODARONA 200 MG.,3,UNIDAD,1
46,HEMODINAMIA,AMIODARONA 200 MG.,3,UNIDAD,20
55,CARDIOCIRUGIA,AMIODARONA CLORHIDRATO 150MG(50 MG/ML),2,AMPOLLA,1
48,TERAPIA INTENSIVA,AMIODARONA CLORHIDRATO 150MG(50 MG/ML),2,AMPOLLA,1
11,CLINICA MEDICA,AMIODARONA CLORHIDRATO 150MG(50 MG/ML),2,AMPOLLA,1
5,CARDIOLOGIA PEDIATRICA,AMIODARONA CLORHIDRATO 150MG(50 MG/ML),2,AMPOLLA,1
114,UNIDAD CORONARIA,AMIODARONA CLORHIDRATO 150MG(50 MG/ML),2,AMPOLLA,1
46,HEMODINAMIA,AMIODARONA CLORHIDRATO 150MG(50 MG/ML),2,AMPOLLA,1
35,HEMODIALISIS,AMIODARONA CLORHIDRATO 150MG(50 MG/ML),2,AMPOLLA,3
23,URGENCIAS CLINICA MEDICA,AMIODARONA CLORHIDRATO 150MG(50 MG/ML),2,AMPOLLA,1
181,NEURODESARROLLO ,DINITRATO DE ISOSORBIDE 5 MG,3,UNIDAD,20
160,CLIMATERIO,DINITRATO DE ISOSORBIDE 5 MG,3,UNIDAD,20
109,HEMATOLOGIA PEDIATRICA,DINITRATO DE ISOSORBIDE 5 MG,3,UNIDAD,20
101,MEDICINA FAMILIAR,DINITRATO DE ISOSORBIDE 5 MG,3,UNIDAD,20
101,MEDICINA FAMILIAR,DINITRATO DE ISOSORBIDE 5 MG,3,UNIDAD,20
87,REUMATOLOGIA PEDIATRICA,DINITRATO DE ISOSORBIDE 5 MG,3,UNIDAD,20
86,NEUMOLOGIA PEDIATRICA,DINITRATO DE ISOSORBIDE 5 MG,3,UNIDAD,20
66,NEUROLOGIA PEDIATRICA,DINITRATO DE ISOSORBIDE 5 MG,3,UNIDAD,30
60,GASTROENTEROLOGIA PEDIATRICA,DINITRATO DE ISOSORBIDE 5 MG,3,UNIDAD,20
58,MASTOLOGIA,DINITRATO DE ISOSORBIDE 5 MG,3,UNIDAD,20
49,ONCOLOGIA,DINITRATO DE ISOSORBIDE 5 MG,3,UNIDAD,20
42,DERMATOLOGIA PEDIATRICA,DINITRATO DE ISOSORBIDE 5 MG,3,UNIDAD,20
34,GINECOLOGIA,DINITRATO DE ISOSORBIDE 5 MG,3,UNIDAD,20
22,OTORRINOLARINGOLOGIA,DINITRATO DE ISOSORBIDE 5 MG,3,UNIDAD,20
12,CARDIOLOGIA,DINITRATO DE ISOSORBIDE 5 MG,3,UNIDAD,20
11,CLINICA MEDICA,DINITRATO DE ISOSORBIDE 5 MG,3,UNIDAD,20
7,SIQUIATRIA,DINITRATO DE ISOSORBIDE 5 MG,3,UNIDAD,20
6,NEFROLOGIA PEDIATRICA,DINITRATO DE ISOSORBIDE 5 MG,3,UNIDAD,20
5,CARDIOLOGIA PEDIATRICA,DINITRATO DE ISOSORBIDE 5 MG,3,UNIDAD,20
4,ENDOCRINOLOGIA,DINITRATO DE ISOSORBIDE 5 MG,3,UNIDAD,20
1,REUMATOLOGIA,DINITRATO DE ISOSORBIDE 5 MG,3,UNIDAD,20
1,REUMATOLOGIA,DINITRATO DE ISOSORBIDE 5 MG,3,UNIDAD,20
177,PSIQUIATRIA INFANTIL,DINITRATO DE ISOSORBIDE 5 MG,3,UNIDAD,20
170,ESTUDIOS HEMODINAMIA ,DINITRATO DE ISOSORBIDE 5 MG,3,UNIDAD,30
199,TELESALUD HV,ISOSORBIDE DINITRATO O MONONITRATO 40 MG.,3,COMPRIMIDO,30
183,ONCOLOGIA PEDIATRICA,ISOSORBIDE DINITRATO O MONONITRATO 40 MG.,3,COMPRIMIDO,20
101,MEDICINA FAMILIAR,ISOSORBIDE DINITRATO O MONONITRATO 40 MG.,3,COMPRIMIDO,20
97,SALUD OCUPACIONAL,ISOSORBIDE DINITRATO O MONONITRATO 40 MG.,3,COMPRIMIDO,20
89,GERIATRIA,ISOSORBIDE DINITRATO O MONONITRATO 40 MG.,3,COMPRIMIDO,20
69,UNIDAD DE TRANSPLANTE,ISOSORBIDE DINITRATO O MONONITRATO 40 MG.,3,COMPRIMIDO,20
55,CARDIOCIRUGIA,ISOSORBIDE DINITRATO O MONONITRATO 40 MG.,3,COMPRIMIDO,20
50,NEFROLOGIA,ISOSORBIDE DINITRATO O MONONITRATO 40 MG.,3,COMPRIMIDO,20
12,CARDIOLOGIA,ISOSORBIDE DINITRATO O MONONITRATO 40 MG.,3,COMPRIMIDO,20
11,CLINICA MEDICA,ISOSORBIDE DINITRATO O MONONITRATO 40 MG.,3,COMPRIMIDO,20
6,NEFROLOGIA PEDIATRICA,ISOSORBIDE DINITRATO O MONONITRATO 40 MG.,3,COMPRIMIDO,20
5,CARDIOLOGIA PEDIATRICA,ISOSORBIDE DINITRATO O MONONITRATO 40 MG.,3,COMPRIMIDO,20
5,CARDIOLOGIA PEDIATRICA,ISOSORBIDE DINITRATO O MONONITRATO 40 MG.,3,COMPRIMIDO,20
46,HEMODINAMIA,ISOSORBIDE DINITRATO O MONONITRATO 40 MG.,3,COMPRIMIDO,20
55,CARDIOCIRUGIA,ESTREPTOQUINASA 1.500.000 UI.INYECTABLE,2,AMPOLLA,1
5,CARDIOLOGIA PEDIATRICA,ESTREPTOQUINASA 1.500.000 UI.INYECTABLE,2,AMPOLLA,1
89,GERIATRIA,CLORHIDRATO DE TICLOPIDINA 250MG.COMP,3,COMPRIMIDO,20
55,CARDIOCIRUGIA,CLORHIDRATO DE TICLOPIDINA 250MG.COMP,3,COMPRIMIDO,20
27,CIRUGIA VASCULAR PERIFERICA,CLORHIDRATO DE TICLOPIDINA 250MG.COMP,3,COMPRIMIDO,20
11,CLINICA MEDICA,CLORHIDRATO DE TICLOPIDINA 250MG.COMP,3,COMPRIMIDO,20
2,HEMATOLOGIA,CLORHIDRATO DE TICLOPIDINA 250MG.COMP,3,COMPRIMIDO,20
46,HEMODINAMIA,CLORHIDRATO DE TICLOPIDINA 250MG.COMP,3,COMPRIMIDO,20
160,CLIMATERIO,FUROSEMIDA 20 MG (10 MG/ML),2,AMPOLLA,1
101,MEDICINA FAMILIAR,FUROSEMIDA 20 MG (10 MG/ML),2,AMPOLLA,1
21,UROLOGIA,FUROSEMIDA 20 MG (10 MG/ML),2,AMPOLLA,1
11,CLINICA MEDICA,FUROSEMIDA 20 MG (10 MG/ML),2,AMPOLLA,1
4,ENDOCRINOLOGIA,FUROSEMIDA 20 MG (10 MG/ML),2,AMPOLLA,1
199,TELESALUD HV,FUROSEMIDA 40 MG  ,3,COMPRIMIDO,12
183,ONCOLOGIA PEDIATRICA,FUROSEMIDA 40 MG  ,3,COMPRIMIDO,20
181,NEURODESARROLLO ,FUROSEMIDA 40 MG  ,3,COMPRIMIDO,20
160,CLIMATERIO,FUROSEMIDA 40 MG  ,3,COMPRIMIDO,20
110,HEMATOLOGIA CRONICOS,FUROSEMIDA 40 MG  ,3,COMPRIMIDO,20
109,HEMATOLOGIA PEDIATRICA,FUROSEMIDA 40 MG  ,3,COMPRIMIDO,20
101,MEDICINA FAMILIAR,FUROSEMIDA 40 MG  ,3,COMPRIMIDO,20
101,MEDICINA FAMILIAR,FUROSEMIDA 40 MG  ,3,COMPRIMIDO,20
89,GERIATRIA,FUROSEMIDA 40 MG  ,3,COMPRIMIDO,20
87,REUMATOLOGIA PEDIATRICA,FUROSEMIDA 40 MG  ,3,COMPRIMIDO,20
86,NEUMOLOGIA PEDIATRICA,FUROSEMIDA 40 MG  ,3,COMPRIMIDO,20
66,NEUROLOGIA PEDIATRICA,FUROSEMIDA 40 MG  ,3,COMPRIMIDO,30
60,GASTROENTEROLOGIA PEDIATRICA,FUROSEMIDA 40 MG  ,3,COMPRIMIDO,20
58,MASTOLOGIA,FUROSEMIDA 40 MG  ,3,COMPRIMIDO,20
57,DIABETOLOGIA,FUROSEMIDA 40 MG  ,3,COMPRIMIDO,20
57,DIABETOLOGIA,FUROSEMIDA 40 MG  ,3,COMPRIMIDO,20
56,NEUMOLOGIA,FUROSEMIDA 40 MG  ,3,COMPRIMIDO,20
50,NEFROLOGIA,FUROSEMIDA 40 MG  ,3,COMPRIMIDO,20
49,ONCOLOGIA,FUROSEMIDA 40 MG  ,3,COMPRIMIDO,20
42,DERMATOLOGIA PEDIATRICA,FUROSEMIDA 40 MG  ,3,COMPRIMIDO,20
34,GINECOLOGIA,FUROSEMIDA 40 MG  ,3,COMPRIMIDO,20
22,OTORRINOLARINGOLOGIA,FUROSEMIDA 40 MG  ,3,COMPRIMIDO,20
21,UROLOGIA,FUROSEMIDA 40 MG  ,3,COMPRIMIDO,20
12,CARDIOLOGIA,FUROSEMIDA 40 MG  ,3,COMPRIMIDO,20
11,CLINICA MEDICA,FUROSEMIDA 40 MG  ,3,COMPRIMIDO,20
11,CLINICA MEDICA,FUROSEMIDA 40 MG  ,3,COMPRIMIDO,20
11,CLINICA MEDICA,FUROSEMIDA 40 MG  ,3,COMPRIMIDO,20
7,SIQUIATRIA,FUROSEMIDA 40 MG  ,3,COMPRIMIDO,20
6,NEFROLOGIA PEDIATRICA,FUROSEMIDA 40 MG  ,3,COMPRIMIDO,20
5,CARDIOLOGIA PEDIATRICA,FUROSEMIDA 40 MG  ,3,COMPRIMIDO,20
4,ENDOCRINOLOGIA,FUROSEMIDA 40 MG  ,3,COMPRIMIDO,20
2,HEMATOLOGIA,FUROSEMIDA 40 MG  ,3,COMPRIMIDO,20
1,REUMATOLOGIA,FUROSEMIDA 40 MG  ,3,COMPRIMIDO,20
177,PSIQUIATRIA INFANTIL,FUROSEMIDA 40 MG  ,3,COMPRIMIDO,20
170,ESTUDIOS HEMODINAMIA ,FUROSEMIDA 40 MG  ,3,COMPRIMIDO,30
35,HEMODIALISIS,MANITOL 15% (150MG/ML) ,4,ENVASE,2
199,TELESALUD HV,ESPIRONOLACTONA 100 MG ,3,COMPR.RANURADO O BIRANURADO,30
110,HEMATOLOGIA CRONICOS,ESPIRONOLACTONA 100 MG ,3,COMPR.RANURADO O BIRANURADO,20
109,HEMATOLOGIA PEDIATRICA,ESPIRONOLACTONA 100 MG ,3,COMPR.RANURADO O BIRANURADO,20
101,MEDICINA FAMILIAR,ESPIRONOLACTONA 100 MG ,3,COMPR.RANURADO O BIRANURADO,20
97,SALUD OCUPACIONAL,ESPIRONOLACTONA 100 MG ,3,COMPR.RANURADO O BIRANURADO,20
89,GERIATRIA,ESPIRONOLACTONA 100 MG ,3,COMPR.RANURADO O BIRANURADO,20
86,NEUMOLOGIA PEDIATRICA,ESPIRONOLACTONA 100 MG ,3,COMPR.RANURADO O BIRANURADO,20
69,UNIDAD DE TRANSPLANTE,ESPIRONOLACTONA 100 MG ,3,COMPR.RANURADO O BIRANURADO,1
60,GASTROENTEROLOGIA PEDIATRICA,ESPIRONOLACTONA 100 MG ,3,COMPR.RANURADO O BIRANURADO,1
59,RADIOTERAPIA,ESPIRONOLACTONA 100 MG ,3,COMPR.RANURADO O BIRANURADO,20
56,NEUMOLOGIA,ESPIRONOLACTONA 100 MG ,3,COMPR.RANURADO O BIRANURADO,1
55,CARDIOCIRUGIA,ESPIRONOLACTONA 100 MG ,3,COMPR.RANURADO O BIRANURADO,20
50,NEFROLOGIA,ESPIRONOLACTONA 100 MG ,3,COMPR.RANURADO O BIRANURADO,20
49,ONCOLOGIA,ESPIRONOLACTONA 100 MG ,3,COMPR.RANURADO O BIRANURADO,20
37,PEDIATRIA,ESPIRONOLACTONA 100 MG ,3,COMPR.RANURADO O BIRANURADO,1
21,UROLOGIA,ESPIRONOLACTONA 100 MG ,3,COMPR.RANURADO O BIRANURADO,20
21,UROLOGIA,ESPIRONOLACTONA 100 MG ,3,COMPR.RANURADO O BIRANURADO,1
12,CARDIOLOGIA,ESPIRONOLACTONA 100 MG ,3,COMPR.RANURADO O BIRANURADO,20
11,CLINICA MEDICA,ESPIRONOLACTONA 100 MG ,3,COMPR.RANURADO O BIRANURADO,20
10,GASTROENTEROLOGIA,ESPIRONOLACTONA 100 MG ,3,COMPR.RANURADO O BIRANURADO,20
6,NEFROLOGIA PEDIATRICA,ESPIRONOLACTONA 100 MG ,3,COMPR.RANURADO O BIRANURADO,20
5,CARDIOLOGIA PEDIATRICA,ESPIRONOLACTONA 100 MG ,3,COMPR.RANURADO O BIRANURADO,20
2,HEMATOLOGIA,ESPIRONOLACTONA 100 MG ,3,COMPR.RANURADO O BIRANURADO,1
114,UNIDAD CORONARIA,ESPIRONOLACTONA 100 MG ,3,COMPR.RANURADO O BIRANURADO,1
46,HEMODINAMIA,ESPIRONOLACTONA 100 MG ,3,COMPR.RANURADO O BIRANURADO,20
199,TELESALUD HV,PENTOXIFILINA 400 MG.COMPRIMIDOS,3,COMPRIMIDO,20
183,ONCOLOGIA PEDIATRICA,PENTOXIFILINA 400 MG.COMPRIMIDOS,3,COMPRIMIDO,20
150,FISIATRA (NIÑOS) ,PENTOXIFILINA 400 MG.COMPRIMIDOS,3,COMPRIMIDO,1
101,MEDICINA FAMILIAR,PENTOXIFILINA 400 MG.COMPRIMIDOS,3,COMPRIMIDO,1
97,SALUD OCUPACIONAL,PENTOXIFILINA 400 MG.COMPRIMIDOS,3,COMPRIMIDO,20
89,GERIATRIA,PENTOXIFILINA 400 MG.COMPRIMIDOS,3,COMPRIMIDO,20
87,REUMATOLOGIA PEDIATRICA,PENTOXIFILINA 400 MG.COMPRIMIDOS,3,COMPRIMIDO,20
69,UNIDAD DE TRANSPLANTE,PENTOXIFILINA 400 MG.COMPRIMIDOS,3,COMPRIMIDO,20
66,NEUROLOGIA PEDIATRICA,PENTOXIFILINA 400 MG.COMPRIMIDOS,3,COMPRIMIDO,60
59,RADIOTERAPIA,PENTOXIFILINA 400 MG.COMPRIMIDOS,3,COMPRIMIDO,20
57,DIABETOLOGIA,PENTOXIFILINA 400 MG.COMPRIMIDOS,3,COMPRIMIDO,20
55,CARDIOCIRUGIA,PENTOXIFILINA 400 MG.COMPRIMIDOS,3,COMPRIMIDO,20
50,NEFROLOGIA,PENTOXIFILINA 400 MG.COMPRIMIDOS,3,COMPRIMIDO,20
44,ENDOCRINOLOGIA PEDIATRICA,PENTOXIFILINA 400 MG.COMPRIMIDOS,3,COMPRIMIDO,1
43,OTORRINOLARINGOLOGIA PEDIATRICA,PENTOXIFILINA 400 MG.COMPRIMIDOS,3,COMPRIMIDO,1
42,DERMATOLOGIA PEDIATRICA,PENTOXIFILINA 400 MG.COMPRIMIDOS,3,COMPRIMIDO,20
42,DERMATOLOGIA PEDIATRICA,PENTOXIFILINA 400 MG.COMPRIMIDOS,3,COMPRIMIDO,20
27,CIRUGIA VASCULAR PERIFERICA,PENTOXIFILINA 400 MG.COMPRIMIDOS,3,COMPRIMIDO,20
24,NEUROCIRUGIA,PENTOXIFILINA 400 MG.COMPRIMIDOS,3,COMPRIMIDO,20
22,OTORRINOLARINGOLOGIA,PENTOXIFILINA 400 MG.COMPRIMIDOS,3,COMPRIMIDO,20
18,FISIATRIA ADULTO,PENTOXIFILINA 400 MG.COMPRIMIDOS,3,COMPRIMIDO,20
17,CIRUGIA RECONSTRUCTIVA,PENTOXIFILINA 400 MG.COMPRIMIDOS,3,COMPRIMIDO,1
12,CARDIOLOGIA,PENTOXIFILINA 400 MG.COMPRIMIDOS,3,COMPRIMIDO,20
11,CLINICA MEDICA,PENTOXIFILINA 400 MG.COMPRIMIDOS,3,COMPRIMIDO,20
8,DERMATOLOGIA,PENTOXIFILINA 400 MG.COMPRIMIDOS,3,COMPRIMIDO,20
7,SIQUIATRIA,PENTOXIFILINA 400 MG.COMPRIMIDOS,3,COMPRIMIDO,20
6,NEFROLOGIA PEDIATRICA,PENTOXIFILINA 400 MG.COMPRIMIDOS,3,COMPRIMIDO,20
6,NEFROLOGIA PEDIATRICA,PENTOXIFILINA 400 MG.COMPRIMIDOS,3,COMPRIMIDO,20
5,CARDIOLOGIA PEDIATRICA,PENTOXIFILINA 400 MG.COMPRIMIDOS,3,COMPRIMIDO,20
5,CARDIOLOGIA PEDIATRICA,PENTOXIFILINA 400 MG.COMPRIMIDOS,3,COMPRIMIDO,20
4,ENDOCRINOLOGIA,PENTOXIFILINA 400 MG.COMPRIMIDOS,3,COMPRIMIDO,20
3,NEUROLOGIA,PENTOXIFILINA 400 MG.COMPRIMIDOS,3,COMPRIMIDO,20
1,REUMATOLOGIA,PENTOXIFILINA 400 MG.COMPRIMIDOS,3,COMPRIMIDO,20
1,REUMATOLOGIA,PENTOXIFILINA 400 MG.COMPRIMIDOS,3,COMPRIMIDO,20
177,PSIQUIATRIA INFANTIL,PENTOXIFILINA 400 MG.COMPRIMIDOS,3,COMPRIMIDO,20
177,PSIQUIATRIA INFANTIL,PENTOXIFILINA 400 MG.COMPRIMIDOS,3,COMPRIMIDO,20
46,HEMODINAMIA,PENTOXIFILINA 400 MG.COMPRIMIDOS,3,COMPRIMIDO,20
42,DERMATOLOGIA PEDIATRICA,ATROPINA 1MG/ML,2,AMPOLLA,1
5,CARDIOLOGIA PEDIATRICA,ATROPINA 1MG/ML,2,AMPOLLA,1
35,HEMODIALISIS,ATROPINA 1MG/ML,2,AMPOLLA,2
69,UNIDAD DE TRANSPLANTE,RANITIDINA 150 MG.COMPRIMIDO  ,3,COMPRIMIDO,1
47,INFECTOLOGIA,RANITIDINA 150 MG.COMPRIMIDO  ,3,COMPRIMIDO,1
33,GINECO-OBSTETRICIA,RANITIDINA 150 MG.COMPRIMIDO  ,3,COMPRIMIDO,1
29,PROCTOLOGIA,RANITIDINA 150 MG.COMPRIMIDO  ,3,COMPRIMIDO,1
8,DERMATOLOGIA,RANITIDINA 150 MG.COMPRIMIDO  ,3,COMPRIMIDO,1
69,UNIDAD DE TRANSPLANTE,RANITIDINA 50 MG.INYECTABLE  ,2,AMPOLLA,1
199,TELESALUD HV,OMEPRAZOL 20 MG,3,CAPSULA,30
199,TELESALUD HV,OMEPRAZOL 20 MG,3,CAPSULA,30
183,ONCOLOGIA PEDIATRICA,OMEPRAZOL 20 MG,3,CAPSULA,20
182,NUTRIOLOGIA PEDIATRICA,OMEPRAZOL 20 MG,3,CAPSULA,20
160,CLIMATERIO,OMEPRAZOL 20 MG,3,CAPSULA,20
150,FISIATRA (NIÑOS) ,OMEPRAZOL 20 MG,3,CAPSULA,1
139,INFECTOLOGIA PEDIATRICA,OMEPRAZOL 20 MG,3,CAPSULA,20
110,HEMATOLOGIA CRONICOS,OMEPRAZOL 20 MG,3,CAPSULA,20
109,HEMATOLOGIA PEDIATRICA,OMEPRAZOL 20 MG,3,CAPSULA,20
101,MEDICINA FAMILIAR,OMEPRAZOL 20 MG,3,CAPSULA,1
97,SALUD OCUPACIONAL,OMEPRAZOL 20 MG,3,CAPSULA,20
91,TERAPIA DEL DOLOR Y MEDICINA PALIATIVA ,OMEPRAZOL 20 MG,3,CAPSULA,20
89,GERIATRIA,OMEPRAZOL 20 MG,3,CAPSULA,20
87,REUMATOLOGIA PEDIATRICA,OMEPRAZOL 20 MG,3,CAPSULA,20
69,UNIDAD DE TRANSPLANTE,OMEPRAZOL 20 MG,3,CAPSULA,20
60,GASTROENTEROLOGIA PEDIATRICA,OMEPRAZOL 20 MG,3,CAPSULA,1
59,RADIOTERAPIA,OMEPRAZOL 20 MG,3,CAPSULA,20
58,MASTOLOGIA,OMEPRAZOL 20 MG,3,CAPSULA,20
56,NEUMOLOGIA,OMEPRAZOL 20 MG,3,CAPSULA,1
50,NEFROLOGIA,OMEPRAZOL 20 MG,3,CAPSULA,20
49,ONCOLOGIA,OMEPRAZOL 20 MG,3,CAPSULA,20
47,INFECTOLOGIA,OMEPRAZOL 20 MG,3,CAPSULA,1
42,DERMATOLOGIA PEDIATRICA,OMEPRAZOL 20 MG,3,CAPSULA,20
34,GINECOLOGIA,OMEPRAZOL 20 MG,3,CAPSULA,20
33,GINECO-OBSTETRICIA,OMEPRAZOL 20 MG,3,CAPSULA,20
31,OBSTETRICIA,OMEPRAZOL 20 MG,3,CAPSULA,20
29,PROCTOLOGIA,OMEPRAZOL 20 MG,3,CAPSULA,20
24,NEUROCIRUGIA,OMEPRAZOL 20 MG,3,CAPSULA,1
18,FISIATRIA ADULTO,OMEPRAZOL 20 MG,3,CAPSULA,20
11,CLINICA MEDICA,OMEPRAZOL 20 MG,3,CAPSULA,20
11,CLINICA MEDICA,OMEPRAZOL 20 MG,3,CAPSULA,20
10,GASTROENTEROLOGIA,OMEPRAZOL 20 MG,3,CAPSULA,20
10,GASTROENTEROLOGIA,OMEPRAZOL 20 MG,3,CAPSULA,20
8,DERMATOLOGIA,OMEPRAZOL 20 MG,3,CAPSULA,20
8,DERMATOLOGIA,OMEPRAZOL 20 MG,3,CAPSULA,20
7,SIQUIATRIA,OMEPRAZOL 20 MG,3,CAPSULA,1
7,SIQUIATRIA,OMEPRAZOL 20 MG,3,CAPSULA,20
6,NEFROLOGIA PEDIATRICA,OMEPRAZOL 20 MG,3,CAPSULA,20
3,NEUROLOGIA,OMEPRAZOL 20 MG,3,CAPSULA,1
2,HEMATOLOGIA,OMEPRAZOL 20 MG,3,CAPSULA,20
1,REUMATOLOGIA,OMEPRAZOL 20 MG,3,CAPSULA,20
1,REUMATOLOGIA,OMEPRAZOL 20 MG,3,CAPSULA,20
177,PSIQUIATRIA INFANTIL,OMEPRAZOL 20 MG,3,CAPSULA,20
170,ESTUDIOS HEMODINAMIA ,OMEPRAZOL 20 MG,3,CAPSULA,30
46,HEMODINAMIA,OMEPRAZOL 20 MG,3,CAPSULA,20
23,URGENCIAS CLINICA MEDICA,OMEPRAZOL 20 MG,3,CAPSULA,30
182,NUTRIOLOGIA PEDIATRICA,OMEPRAZOL 40 MG,2,AMPOLLA + SOLVENTE,1
69,UNIDAD DE TRANSPLANTE,OMEPRAZOL 40 MG,2,AMPOLLA + SOLVENTE,1
60,GASTROENTEROLOGIA PEDIATRICA,OMEPRAZOL 40 MG,2,AMPOLLA + SOLVENTE,1
50,NEFROLOGIA,OMEPRAZOL 40 MG,2,AMPOLLA + SOLVENTE,1
10,GASTROENTEROLOGIA,OMEPRAZOL 40 MG,2,AMPOLLA + SOLVENTE,1
6,NEFROLOGIA PEDIATRICA,OMEPRAZOL 40 MG,2,AMPOLLA + SOLVENTE,1
23,URGENCIAS CLINICA MEDICA,OMEPRAZOL 40 MG,2,AMPOLLA + SOLVENTE,1
204,UNIDAD DE OBSTETRICIA,PROPINOXATO CLORH.+ CLONIXINATO DE LISINA 10MG+125MG,3,COMPRIMIDO/GRAGEAS,10
160,CLIMATERIO,PROPINOXATO CLORH.+ CLONIXINATO DE LISINA 10MG+125MG,3,COMPRIMIDO/GRAGEAS,20
109,HEMATOLOGIA PEDIATRICA,PROPINOXATO CLORH.+ CLONIXINATO DE LISINA 10MG+125MG,3,COMPRIMIDO/GRAGEAS,20
101,MEDICINA FAMILIAR,PROPINOXATO CLORH.+ CLONIXINATO DE LISINA 10MG+125MG,3,COMPRIMIDO/GRAGEAS,20
60,GASTROENTEROLOGIA PEDIATRICA,PROPINOXATO CLORH.+ CLONIXINATO DE LISINA 10MG+125MG,3,COMPRIMIDO/GRAGEAS,20
58,MASTOLOGIA,PROPINOXATO CLORH.+ CLONIXINATO DE LISINA 10MG+125MG,3,COMPRIMIDO/GRAGEAS,20
57,DIABETOLOGIA,PROPINOXATO CLORH.+ CLONIXINATO DE LISINA 10MG+125MG,3,COMPRIMIDO/GRAGEAS,30
34,GINECOLOGIA,PROPINOXATO CLORH.+ CLONIXINATO DE LISINA 10MG+125MG,3,COMPRIMIDO/GRAGEAS,20
33,GINECO-OBSTETRICIA,PROPINOXATO CLORH.+ CLONIXINATO DE LISINA 10MG+125MG,3,COMPRIMIDO/GRAGEAS,30
31,OBSTETRICIA,PROPINOXATO CLORH.+ CLONIXINATO DE LISINA 10MG+125MG,3,COMPRIMIDO/GRAGEAS,20
21,UROLOGIA,PROPINOXATO CLORH.+ CLONIXINATO DE LISINA 10MG+125MG,3,COMPRIMIDO/GRAGEAS,20
11,CLINICA MEDICA,PROPINOXATO CLORH.+ CLONIXINATO DE LISINA 10MG+125MG,3,COMPRIMIDO/GRAGEAS,20
11,CLINICA MEDICA,PROPINOXATO CLORH.+ CLONIXINATO DE LISINA 10MG+125MG,3,COMPRIMIDO/GRAGEAS,20
11,CLINICA MEDICA,PROPINOXATO CLORH.+ CLONIXINATO DE LISINA 10MG+125MG,3,COMPRIMIDO/GRAGEAS,20
6,NEFROLOGIA PEDIATRICA,PROPINOXATO CLORH.+ CLONIXINATO DE LISINA 10MG+125MG,3,COMPRIMIDO/GRAGEAS,20
5,CARDIOLOGIA PEDIATRICA,PROPINOXATO CLORH.+ CLONIXINATO DE LISINA 10MG+125MG,3,COMPRIMIDO/GRAGEAS,20
4,ENDOCRINOLOGIA,PROPINOXATO CLORH.+ CLONIXINATO DE LISINA 10MG+125MG,3,COMPRIMIDO/GRAGEAS,20
170,ESTUDIOS HEMODINAMIA ,PROPINOXATO CLORH.+ CLONIXINATO DE LISINA 10MG+125MG,3,COMPRIMIDO/GRAGEAS,20
204,UNIDAD DE OBSTETRICIA,BUTIL BROMURO DE HIOSCINA 20 MG INYECTABLE. ,2,AMPOLLA,3
5,CARDIOLOGIA PEDIATRICA,BUTIL BROMURO DE HIOSCINA 20 MG INYECTABLE. ,2,AMPOLLA,1
170,ESTUDIOS HEMODINAMIA ,BUTIL BROMURO DE HIOSCINA 20 MG INYECTABLE. ,2,AMPOLLA,3
199,TELESALUD HV,TRIMEBUTINA 200 MG.,3,COMPRIMIDO,30
183,ONCOLOGIA PEDIATRICA,TRIMEBUTINA 200 MG.,3,COMPRIMIDO,20
160,CLIMATERIO,TRIMEBUTINA 200 MG.,3,COMPRIMIDO,20
101,MEDICINA FAMILIAR,TRIMEBUTINA 200 MG.,3,COMPRIMIDO,20
97,SALUD OCUPACIONAL,TRIMEBUTINA 200 MG.,3,COMPRIMIDO,20
89,GERIATRIA,TRIMEBUTINA 200 MG.,3,COMPRIMIDO,20
85,CIRUGIA PEDIATRICA,TRIMEBUTINA 200 MG.,3,COMPRIMIDO,20
69,UNIDAD DE TRANSPLANTE,TRIMEBUTINA 200 MG.,3,COMPRIMIDO,20
60,GASTROENTEROLOGIA PEDIATRICA,TRIMEBUTINA 200 MG.,3,COMPRIMIDO,20
60,GASTROENTEROLOGIA PEDIATRICA,TRIMEBUTINA 200 MG.,3,COMPRIMIDO,20
59,RADIOTERAPIA,TRIMEBUTINA 200 MG.,3,COMPRIMIDO,20
50,NEFROLOGIA,TRIMEBUTINA 200 MG.,3,COMPRIMIDO,20
49,ONCOLOGIA,TRIMEBUTINA 200 MG.,3,COMPRIMIDO,20
34,GINECOLOGIA,TRIMEBUTINA 200 MG.,3,COMPRIMIDO,20
33,GINECO-OBSTETRICIA,TRIMEBUTINA 200 MG.,3,COMPRIMIDO,20
31,OBSTETRICIA,TRIMEBUTINA 200 MG.,3,COMPRIMIDO,20
29,PROCTOLOGIA,TRIMEBUTINA 200 MG.,3,COMPRIMIDO,20
28,CIRUGIA GENERAL,TRIMEBUTINA 200 MG.,3,COMPRIMIDO,20
21,UROLOGIA,TRIMEBUTINA 200 MG.,3,COMPRIMIDO,20
11,CLINICA MEDICA,TRIMEBUTINA 200 MG.,3,COMPRIMIDO,20
10,GASTROENTEROLOGIA,TRIMEBUTINA 200 MG.,3,COMPRIMIDO,20
6,NEFROLOGIA PEDIATRICA,TRIMEBUTINA 200 MG.,3,COMPRIMIDO,20
183,ONCOLOGIA PEDIATRICA,SIMETICONA 10% (100 MG/ML.),8,FRASCO GOTERO,1
182,NUTRIOLOGIA PEDIATRICA,SIMETICONA 10% (100 MG/ML.),8,FRASCO GOTERO,1
181,NEURODESARROLLO ,SIMETICONA 10% (100 MG/ML.),8,FRASCO GOTERO,1
110,HEMATOLOGIA CRONICOS,SIMETICONA 10% (100 MG/ML.),8,FRASCO GOTERO,1
109,HEMATOLOGIA PEDIATRICA,SIMETICONA 10% (100 MG/ML.),8,FRASCO GOTERO,1
101,MEDICINA FAMILIAR,SIMETICONA 10% (100 MG/ML.),8,FRASCO GOTERO,1
91,TERAPIA DEL DOLOR Y MEDICINA PALIATIVA ,SIMETICONA 10% (100 MG/ML.),8,FRASCO GOTERO,1
87,REUMATOLOGIA PEDIATRICA,SIMETICONA 10% (100 MG/ML.),8,FRASCO GOTERO,1
86,NEUMOLOGIA PEDIATRICA,SIMETICONA 10% (100 MG/ML.),8,FRASCO GOTERO,1
66,NEUROLOGIA PEDIATRICA,SIMETICONA 10% (100 MG/ML.),8,FRASCO GOTERO,2
60,GASTROENTEROLOGIA PEDIATRICA,SIMETICONA 10% (100 MG/ML.),8,FRASCO GOTERO,1
58,MASTOLOGIA,SIMETICONA 10% (100 MG/ML.),8,FRASCO GOTERO,1
42,DERMATOLOGIA PEDIATRICA,SIMETICONA 10% (100 MG/ML.),8,FRASCO GOTERO,1
37,PEDIATRIA,SIMETICONA 10% (100 MG/ML.),8,FRASCO GOTERO,1
34,GINECOLOGIA,SIMETICONA 10% (100 MG/ML.),8,FRASCO GOTERO,1
31,OBSTETRICIA,SIMETICONA 10% (100 MG/ML.),8,FRASCO GOTERO,1
21,UROLOGIA,SIMETICONA 10% (100 MG/ML.),8,FRASCO GOTERO,1
11,CLINICA MEDICA,SIMETICONA 10% (100 MG/ML.),8,FRASCO GOTERO,1
11,CLINICA MEDICA,SIMETICONA 10% (100 MG/ML.),8,FRASCO GOTERO,1
11,CLINICA MEDICA,SIMETICONA 10% (100 MG/ML.),8,FRASCO GOTERO,1
11,CLINICA MEDICA,SIMETICONA 10% (100 MG/ML.),8,FRASCO GOTERO,1
10,GASTROENTEROLOGIA,SIMETICONA 10% (100 MG/ML.),8,FRASCO GOTERO,1
6,NEFROLOGIA PEDIATRICA,SIMETICONA 10% (100 MG/ML.),8,FRASCO GOTERO,1
6,NEFROLOGIA PEDIATRICA,SIMETICONA 10% (100 MG/ML.),8,FRASCO GOTERO,1
4,ENDOCRINOLOGIA,SIMETICONA 10% (100 MG/ML.),8,FRASCO GOTERO,1
2,HEMATOLOGIA,SIMETICONA 10% (100 MG/ML.),8,FRASCO GOTERO,1
1,REUMATOLOGIA,SIMETICONA 10% (100 MG/ML.),8,FRASCO GOTERO,1
177,PSIQUIATRIA INFANTIL,SIMETICONA 10% (100 MG/ML.),8,FRASCO GOTERO,1
170,ESTUDIOS HEMODINAMIA ,SIMETICONA 10% (100 MG/ML.),8,FRASCO GOTERO,2
182,NUTRIOLOGIA PEDIATRICA,PANCREATINA 150 MG.,20,CAPSULA,20
86,NEUMOLOGIA PEDIATRICA,PANCREATINA 150 MG.,20,CAPSULA,1
86,NEUMOLOGIA PEDIATRICA,PANCREATINA 150 MG.,20,CAPSULA,20
77,NEONATOLOGIA,PANCREATINA 150 MG.,20,CAPSULA,1
60,GASTROENTEROLOGIA PEDIATRICA,PANCREATINA 150 MG.,20,CAPSULA,1
56,NEUMOLOGIA,PANCREATINA 150 MG.,20,CAPSULA,5
37,PEDIATRIA,PANCREATINA 150 MG.,20,CAPSULA,20
10,GASTROENTEROLOGIA,PANCREATINA 150 MG.,20,CAPSULA,20
9,ALERGIA E INMUNOLOGIA,PANCREATINA 150 MG.,20,CAPSULA,5
204,UNIDAD DE OBSTETRICIA,METOCLOPRAMIDA 10 MG (5 MG/ML) ,2,AMPOLLA,3
183,ONCOLOGIA PEDIATRICA,METOCLOPRAMIDA 10 MG (5 MG/ML) ,2,AMPOLLA,1
91,TERAPIA DEL DOLOR Y MEDICINA PALIATIVA ,METOCLOPRAMIDA 10 MG (5 MG/ML) ,2,AMPOLLA,1
91,TERAPIA DEL DOLOR Y MEDICINA PALIATIVA ,METOCLOPRAMIDA 10 MG (5 MG/ML) ,2,AMPOLLA,1
58,MASTOLOGIA,METOCLOPRAMIDA 10 MG (5 MG/ML) ,2,AMPOLLA,1
49,ONCOLOGIA,METOCLOPRAMIDA 10 MG (5 MG/ML) ,2,AMPOLLA,1
35,HEMODIALISIS,METOCLOPRAMIDA 10 MG (5 MG/ML) ,2,AMPOLLA,3
183,ONCOLOGIA PEDIATRICA,DOMPERIDONA 10 MG. ,3,COMPRIMIDO,20
182,NUTRIOLOGIA PEDIATRICA,DOMPERIDONA 10 MG. ,3,COMPRIMIDO,20
181,NEURODESARROLLO ,DOMPERIDONA 10 MG. ,3,COMPRIMIDO,20
160,CLIMATERIO,DOMPERIDONA 10 MG. ,3,COMPRIMIDO,20
139,INFECTOLOGIA PEDIATRICA,DOMPERIDONA 10 MG. ,3,COMPRIMIDO,20
110,HEMATOLOGIA CRONICOS,DOMPERIDONA 10 MG. ,3,COMPRIMIDO,20
109,HEMATOLOGIA PEDIATRICA,DOMPERIDONA 10 MG. ,3,COMPRIMIDO,20
101,MEDICINA FAMILIAR,DOMPERIDONA 10 MG. ,3,COMPRIMIDO,20
87,REUMATOLOGIA PEDIATRICA,DOMPERIDONA 10 MG. ,3,COMPRIMIDO,20
86,NEUMOLOGIA PEDIATRICA,DOMPERIDONA 10 MG. ,3,COMPRIMIDO,20
66,NEUROLOGIA PEDIATRICA,DOMPERIDONA 10 MG. ,3,COMPRIMIDO,30
60,GASTROENTEROLOGIA PEDIATRICA,DOMPERIDONA 10 MG. ,3,COMPRIMIDO,20
58,MASTOLOGIA,DOMPERIDONA 10 MG. ,3,COMPRIMIDO,20
42,DERMATOLOGIA PEDIATRICA,DOMPERIDONA 10 MG. ,3,COMPRIMIDO,20
37,PEDIATRIA,DOMPERIDONA 10 MG. ,3,COMPRIMIDO,20
34,GINECOLOGIA,DOMPERIDONA 10 MG. ,3,COMPRIMIDO,20
11,CLINICA MEDICA,DOMPERIDONA 10 MG. ,3,COMPRIMIDO,20
11,CLINICA MEDICA,DOMPERIDONA 10 MG. ,3,COMPRIMIDO,20
11,CLINICA MEDICA,DOMPERIDONA 10 MG. ,3,COMPRIMIDO,20
11,CLINICA MEDICA,DOMPERIDONA 10 MG. ,3,COMPRIMIDO,20
11,CLINICA MEDICA,DOMPERIDONA 10 MG. ,3,COMPRIMIDO,20
10,GASTROENTEROLOGIA,DOMPERIDONA 10 MG. ,3,COMPRIMIDO,20
6,NEFROLOGIA PEDIATRICA,DOMPERIDONA 10 MG. ,3,COMPRIMIDO,20
5,CARDIOLOGIA PEDIATRICA,DOMPERIDONA 10 MG. ,3,COMPRIMIDO,20
4,ENDOCRINOLOGIA,DOMPERIDONA 10 MG. ,3,COMPRIMIDO,20
2,HEMATOLOGIA,DOMPERIDONA 10 MG. ,3,COMPRIMIDO,20
1,REUMATOLOGIA,DOMPERIDONA 10 MG. ,3,COMPRIMIDO,20
177,PSIQUIATRIA INFANTIL,DOMPERIDONA 10 MG. ,3,COMPRIMIDO,20
170,ESTUDIOS HEMODINAMIA ,DOMPERIDONA 10 MG. ,3,COMPRIMIDO,20
23,URGENCIAS CLINICA MEDICA,DOMPERIDONA 10 MG. ,3,COMPRIMIDO,20
183,ONCOLOGIA PEDIATRICA,DOMPERIDONA 10 MG/ML SOLUCION O SUSPENSION ORAL ,8,FRASCO GOTERO,1
182,NUTRIOLOGIA PEDIATRICA,DOMPERIDONA 10 MG/ML SOLUCION O SUSPENSION ORAL ,8,FRASCO GOTERO,1
181,NEURODESARROLLO ,DOMPERIDONA 10 MG/ML SOLUCION O SUSPENSION ORAL ,8,FRASCO GOTERO,1
160,CLIMATERIO,DOMPERIDONA 10 MG/ML SOLUCION O SUSPENSION ORAL ,8,FRASCO GOTERO,1
139,INFECTOLOGIA PEDIATRICA,DOMPERIDONA 10 MG/ML SOLUCION O SUSPENSION ORAL ,8,FRASCO GOTERO,1
110,HEMATOLOGIA CRONICOS,DOMPERIDONA 10 MG/ML SOLUCION O SUSPENSION ORAL ,8,FRASCO GOTERO,1
109,HEMATOLOGIA PEDIATRICA,DOMPERIDONA 10 MG/ML SOLUCION O SUSPENSION ORAL ,8,FRASCO GOTERO,1
101,MEDICINA FAMILIAR,DOMPERIDONA 10 MG/ML SOLUCION O SUSPENSION ORAL ,8,FRASCO GOTERO,1
87,REUMATOLOGIA PEDIATRICA,DOMPERIDONA 10 MG/ML SOLUCION O SUSPENSION ORAL ,8,FRASCO GOTERO,1
86,NEUMOLOGIA PEDIATRICA,DOMPERIDONA 10 MG/ML SOLUCION O SUSPENSION ORAL ,8,FRASCO GOTERO,1
66,NEUROLOGIA PEDIATRICA,DOMPERIDONA 10 MG/ML SOLUCION O SUSPENSION ORAL ,8,FRASCO GOTERO,2
60,GASTROENTEROLOGIA PEDIATRICA,DOMPERIDONA 10 MG/ML SOLUCION O SUSPENSION ORAL ,8,FRASCO GOTERO,1
58,MASTOLOGIA,DOMPERIDONA 10 MG/ML SOLUCION O SUSPENSION ORAL ,8,FRASCO GOTERO,1
56,NEUMOLOGIA,DOMPERIDONA 10 MG/ML SOLUCION O SUSPENSION ORAL ,8,FRASCO GOTERO,1
42,DERMATOLOGIA PEDIATRICA,DOMPERIDONA 10 MG/ML SOLUCION O SUSPENSION ORAL ,8,FRASCO GOTERO,1
37,PEDIATRIA,DOMPERIDONA 10 MG/ML SOLUCION O SUSPENSION ORAL ,8,FRASCO GOTERO,1
11,CLINICA MEDICA,DOMPERIDONA 10 MG/ML SOLUCION O SUSPENSION ORAL ,8,FRASCO GOTERO,1
11,CLINICA MEDICA,DOMPERIDONA 10 MG/ML SOLUCION O SUSPENSION ORAL ,8,FRASCO GOTERO,1
11,CLINICA MEDICA,DOMPERIDONA 10 MG/ML SOLUCION O SUSPENSION ORAL ,8,FRASCO GOTERO,1
6,NEFROLOGIA PEDIATRICA,DOMPERIDONA 10 MG/ML SOLUCION O SUSPENSION ORAL ,8,FRASCO GOTERO,1
5,CARDIOLOGIA PEDIATRICA,DOMPERIDONA 10 MG/ML SOLUCION O SUSPENSION ORAL ,8,FRASCO GOTERO,1
4,ENDOCRINOLOGIA,DOMPERIDONA 10 MG/ML SOLUCION O SUSPENSION ORAL ,8,FRASCO GOTERO,1
2,HEMATOLOGIA,DOMPERIDONA 10 MG/ML SOLUCION O SUSPENSION ORAL ,8,FRASCO GOTERO,1
1,REUMATOLOGIA,DOMPERIDONA 10 MG/ML SOLUCION O SUSPENSION ORAL ,8,FRASCO GOTERO,1
177,PSIQUIATRIA INFANTIL,DOMPERIDONA 10 MG/ML SOLUCION O SUSPENSION ORAL ,8,FRASCO GOTERO,1
170,ESTUDIOS HEMODINAMIA ,DOMPERIDONA 10 MG/ML SOLUCION O SUSPENSION ORAL ,8,FRASCO GOTERO,2
170,ESTUDIOS HEMODINAMIA ,DOMPERIDONA 10 MG/ML SOLUCION O SUSPENSION ORAL ,8,FRASCO GOTERO,2
23,URGENCIAS CLINICA MEDICA,DOMPERIDONA 10 MG/ML SOLUCION O SUSPENSION ORAL ,8,FRASCO GOTERO,3
101,MEDICINA FAMILIAR,"ERGONOVINA/METILERGONOVINA 0,125-0,2 MG.COMRIMIDOP",3,COMPRIMIDO,20
52,SALUD REPRODUCTIVA,"ERGONOVINA/METILERGONOVINA 0,125-0,2 MG.COMRIMIDOP",3,COMPRIMIDO,1
34,GINECOLOGIA,"ERGONOVINA/METILERGONOVINA 0,125-0,2 MG.COMRIMIDOP",3,COMPRIMIDO,20
33,GINECO-OBSTETRICIA,"ERGONOVINA/METILERGONOVINA 0,125-0,2 MG.COMRIMIDOP",3,COMPRIMIDO,1
31,OBSTETRICIA,"ERGONOVINA/METILERGONOVINA 0,125-0,2 MG.COMRIMIDOP",3,COMPRIMIDO,20
98,PLANIFICACION FAMILIAR,"ERGONOVINA/METILERGONOVINA 0,125-0,2 MG.COMRIMIDOP",3,COMPRIMIDO,20
34,GINECOLOGIA,"ERGONOVINA MALEATO 0,2 MG/ML",2,AMPOLLA,1
33,GINECO-OBSTETRICIA,"ERGONOVINA MALEATO 0,2 MG/ML",2,AMPOLLA,1
31,OBSTETRICIA,"ERGONOVINA MALEATO 0,2 MG/ML",2,AMPOLLA,1
204,UNIDAD DE OBSTETRICIA,OXITOCINA 5 UI/ ML,2,AMPOLLA,8
34,GINECOLOGIA,OXITOCINA 5 UI/ ML,2,AMPOLLA,1
33,GINECO-OBSTETRICIA,OXITOCINA 5 UI/ ML,2,AMPOLLA,1
31,OBSTETRICIA,OXITOCINA 5 UI/ ML,2,AMPOLLA,1
101,MEDICINA FAMILIAR,B-SITOSTEROL 10 MG COMPRIMIDO,3,COMPRIMIDO,20
69,UNIDAD DE TRANSPLANTE,B-SITOSTEROL 10 MG COMPRIMIDO,3,COMPRIMIDO,20
29,PROCTOLOGIA,B-SITOSTEROL 10 MG COMPRIMIDO,3,COMPRIMIDO,20
11,CLINICA MEDICA,B-SITOSTEROL 10 MG COMPRIMIDO,3,COMPRIMIDO,20
50,NEFROLOGIA,HEPARINA SODICA 5000 UI/ML. ,2,FRASCO AMPOLLA,1
21,UROLOGIA,HEPARINA SODICA 5000 UI/ML. ,2,FRASCO AMPOLLA,1
199,TELESALUD HV,WARFARINA 2 MG ,3,COMPRIMIDO,30
110,HEMATOLOGIA CRONICOS,WARFARINA 2 MG ,3,COMPRIMIDO,20
109,HEMATOLOGIA PEDIATRICA,WARFARINA 2 MG ,3,COMPRIMIDO,20
84,ANTICOAGULADOS,WARFARINA 2 MG ,3,COMPRIMIDO,1
69,UNIDAD DE TRANSPLANTE,WARFARINA 2 MG ,3,COMPRIMIDO,1
55,CARDIOCIRUGIA,WARFARINA 2 MG ,3,COMPRIMIDO,1
12,CARDIOLOGIA,WARFARINA 2 MG ,3,COMPRIMIDO,20
11,CLINICA MEDICA,WARFARINA 2 MG ,3,COMPRIMIDO,20
5,CARDIOLOGIA PEDIATRICA,WARFARINA 2 MG ,3,COMPRIMIDO,20
2,HEMATOLOGIA,WARFARINA 2 MG ,3,COMPRIMIDO,20
46,HEMODINAMIA,WARFARINA 2 MG ,3,COMPRIMIDO,1
204,UNIDAD DE OBSTETRICIA,ETAMSILATO 250 MG (125 MG/ML) ,2,AMPOLLA,3
86,NEUMOLOGIA PEDIATRICA,ETAMSILATO 250 MG (125 MG/ML) ,2,AMPOLLA,1
56,NEUMOLOGIA,ETAMSILATO 250 MG (125 MG/ML) ,2,AMPOLLA,1
52,SALUD REPRODUCTIVA,ETAMSILATO 250 MG (125 MG/ML) ,2,AMPOLLA,1
43,OTORRINOLARINGOLOGIA PEDIATRICA,ETAMSILATO 250 MG (125 MG/ML) ,2,AMPOLLA,1
34,GINECOLOGIA,ETAMSILATO 250 MG (125 MG/ML) ,2,AMPOLLA,1
33,GINECO-OBSTETRICIA,ETAMSILATO 250 MG (125 MG/ML) ,2,AMPOLLA,1
31,OBSTETRICIA,ETAMSILATO 250 MG (125 MG/ML) ,2,AMPOLLA,1
22,OTORRINOLARINGOLOGIA,ETAMSILATO 250 MG (125 MG/ML) ,2,AMPOLLA,1
21,UROLOGIA,ETAMSILATO 250 MG (125 MG/ML) ,2,AMPOLLA,1
21,UROLOGIA,ETAMSILATO 250 MG (125 MG/ML) ,2,AMPOLLA,1
11,CLINICA MEDICA,ETAMSILATO 250 MG (125 MG/ML) ,2,AMPOLLA,1
2,HEMATOLOGIA,ETAMSILATO 250 MG (125 MG/ML) ,2,AMPOLLA,1
204,UNIDAD DE OBSTETRICIA,FITOMENADIONA/ VITAMINA K 1 MG/ML ,2,AMPOLLA,2
182,NUTRIOLOGIA PEDIATRICA,FITOMENADIONA/ VITAMINA K 1 MG/ML ,2,AMPOLLA,1
86,NEUMOLOGIA PEDIATRICA,FITOMENADIONA/ VITAMINA K 1 MG/ML ,2,AMPOLLA,1
77,NEONATOLOGIA,FITOMENADIONA/ VITAMINA K 1 MG/ML ,2,AMPOLLA,1
37,PEDIATRIA,FITOMENADIONA/ VITAMINA K 1 MG/ML ,2,AMPOLLA,1
34,GINECOLOGIA,FITOMENADIONA/ VITAMINA K 1 MG/ML ,2,AMPOLLA,1
33,GINECO-OBSTETRICIA,FITOMENADIONA/ VITAMINA K 1 MG/ML ,2,AMPOLLA,1
31,OBSTETRICIA,FITOMENADIONA/ VITAMINA K 1 MG/ML ,2,AMPOLLA,1
182,NUTRIOLOGIA PEDIATRICA,FITOMENADIONA/ VITAMINA K 10 MG/ML  ,2,AMPOLLA,1
160,CLIMATERIO,FITOMENADIONA/ VITAMINA K 10 MG/ML  ,2,AMPOLLA,1
21,UROLOGIA,FITOMENADIONA/ VITAMINA K 10 MG/ML  ,2,AMPOLLA,1
5,CARDIOLOGIA PEDIATRICA,FITOMENADIONA/ VITAMINA K 10 MG/ML  ,2,AMPOLLA,1
170,ESTUDIOS HEMODINAMIA ,FITOMENADIONA/ VITAMINA K 10 MG/ML  ,2,AMPOLLA,3
217,TRAUMATOLOGIA TUMORES,SULFATO FERROSO,3,UNIDAD,20
216,TRAUMATOLOGIA RODILLA,SULFATO FERROSO,3,UNIDAD,20
215,TRAUMATOLOGIA HOMBRO Y CODO,SULFATO FERROSO,3,UNIDAD,20
214,TRAUMATOLOGIA PIE Y TOBILLO,SULFATO FERROSO,3,UNIDAD,20
213,TRAUMATOLOGIA MANO Y ANTEBRAZO,SULFATO FERROSO,3,UNIDAD,20
212,TRAUMATOLOGIA CADERA,SULFATO FERROSO,3,UNIDAD,20
211,TRAUMATOLOGIA COLUMNA,SULFATO FERROSO,3,UNIDAD,20
204,UNIDAD DE OBSTETRICIA,SULFATO FERROSO,3,UNIDAD,20
182,NUTRIOLOGIA PEDIATRICA,SULFATO FERROSO,3,UNIDAD,20
181,NEURODESARROLLO ,SULFATO FERROSO,3,UNIDAD,20
160,CLIMATERIO,SULFATO FERROSO,3,UNIDAD,20
110,HEMATOLOGIA CRONICOS,SULFATO FERROSO,3,UNIDAD,20
109,HEMATOLOGIA PEDIATRICA,SULFATO FERROSO,3,UNIDAD,20
87,REUMATOLOGIA PEDIATRICA,SULFATO FERROSO,3,UNIDAD,20
86,NEUMOLOGIA PEDIATRICA,SULFATO FERROSO,3,UNIDAD,20
66,NEUROLOGIA PEDIATRICA,SULFATO FERROSO,3,UNIDAD,30
60,GASTROENTEROLOGIA PEDIATRICA,SULFATO FERROSO,3,UNIDAD,20
58,MASTOLOGIA,SULFATO FERROSO,3,UNIDAD,20
56,NEUMOLOGIA,SULFATO FERROSO,3,UNIDAD,20
49,ONCOLOGIA,SULFATO FERROSO,3,UNIDAD,20
37,PEDIATRIA,SULFATO FERROSO,3,UNIDAD,20
34,GINECOLOGIA,SULFATO FERROSO,3,UNIDAD,30
34,GINECOLOGIA,SULFATO FERROSO,3,UNIDAD,20
34,GINECOLOGIA,SULFATO FERROSO,3,UNIDAD,20
34,GINECOLOGIA,SULFATO FERROSO,3,UNIDAD,20
33,GINECO-OBSTETRICIA,SULFATO FERROSO,3,UNIDAD,30
31,OBSTETRICIA,SULFATO FERROSO,3,UNIDAD,20
22,OTORRINOLARINGOLOGIA,SULFATO FERROSO,3,UNIDAD,20
16,TRAUMATOLOGIA GENERAL,SULFATO FERROSO,3,UNIDAD,20
12,CARDIOLOGIA,SULFATO FERROSO,3,UNIDAD,20
11,CLINICA MEDICA,SULFATO FERROSO,3,UNIDAD,20
7,SIQUIATRIA,SULFATO FERROSO,3,UNIDAD,20
5,CARDIOLOGIA PEDIATRICA,SULFATO FERROSO,3,UNIDAD,20
4,ENDOCRINOLOGIA,SULFATO FERROSO,3,UNIDAD,20
3,NEUROLOGIA,SULFATO FERROSO,3,UNIDAD,20
2,HEMATOLOGIA,SULFATO FERROSO,3,UNIDAD,20
1,REUMATOLOGIA,SULFATO FERROSO,3,UNIDAD,20
177,PSIQUIATRIA INFANTIL,SULFATO FERROSO,3,UNIDAD,20
170,ESTUDIOS HEMODINAMIA ,SULFATO FERROSO,3,UNIDAD,30
204,UNIDAD DE OBSTETRICIA,ANTIANEMICO + RECONSTITUYENTE + VITAMINICO  JARABE.,9,FRASCO,1
183,ONCOLOGIA PEDIATRICA,ANTIANEMICO + RECONSTITUYENTE + VITAMINICO  JARABE.,9,FRASCO,1
182,NUTRIOLOGIA PEDIATRICA,ANTIANEMICO + RECONSTITUYENTE + VITAMINICO  JARABE.,9,FRASCO,1
181,NEURODESARROLLO ,ANTIANEMICO + RECONSTITUYENTE + VITAMINICO  JARABE.,9,FRASCO,1
160,CLIMATERIO,ANTIANEMICO + RECONSTITUYENTE + VITAMINICO  JARABE.,9,FRASCO,1
139,INFECTOLOGIA PEDIATRICA,ANTIANEMICO + RECONSTITUYENTE + VITAMINICO  JARABE.,9,FRASCO,1
110,HEMATOLOGIA CRONICOS,ANTIANEMICO + RECONSTITUYENTE + VITAMINICO  JARABE.,9,FRASCO,1
109,HEMATOLOGIA PEDIATRICA,ANTIANEMICO + RECONSTITUYENTE + VITAMINICO  JARABE.,9,FRASCO,1
101,MEDICINA FAMILIAR,ANTIANEMICO + RECONSTITUYENTE + VITAMINICO  JARABE.,9,FRASCO,1
87,REUMATOLOGIA PEDIATRICA,ANTIANEMICO + RECONSTITUYENTE + VITAMINICO  JARABE.,9,FRASCO,1
86,NEUMOLOGIA PEDIATRICA,ANTIANEMICO + RECONSTITUYENTE + VITAMINICO  JARABE.,9,FRASCO,1
66,NEUROLOGIA PEDIATRICA,ANTIANEMICO + RECONSTITUYENTE + VITAMINICO  JARABE.,9,FRASCO,2
60,GASTROENTEROLOGIA PEDIATRICA,ANTIANEMICO + RECONSTITUYENTE + VITAMINICO  JARABE.,9,FRASCO,1
58,MASTOLOGIA,ANTIANEMICO + RECONSTITUYENTE + VITAMINICO  JARABE.,9,FRASCO,1
50,NEFROLOGIA,ANTIANEMICO + RECONSTITUYENTE + VITAMINICO  JARABE.,9,FRASCO,1
49,ONCOLOGIA,ANTIANEMICO + RECONSTITUYENTE + VITAMINICO  JARABE.,9,FRASCO,1
42,DERMATOLOGIA PEDIATRICA,ANTIANEMICO + RECONSTITUYENTE + VITAMINICO  JARABE.,9,FRASCO,1
11,CLINICA MEDICA,ANTIANEMICO + RECONSTITUYENTE + VITAMINICO  JARABE.,9,FRASCO,1
7,SIQUIATRIA,ANTIANEMICO + RECONSTITUYENTE + VITAMINICO  JARABE.,9,FRASCO,1
6,NEFROLOGIA PEDIATRICA,ANTIANEMICO + RECONSTITUYENTE + VITAMINICO  JARABE.,9,FRASCO,1
5,CARDIOLOGIA PEDIATRICA,ANTIANEMICO + RECONSTITUYENTE + VITAMINICO  JARABE.,9,FRASCO,1
3,NEUROLOGIA,ANTIANEMICO + RECONSTITUYENTE + VITAMINICO  JARABE.,9,FRASCO,1
2,HEMATOLOGIA,ANTIANEMICO + RECONSTITUYENTE + VITAMINICO  JARABE.,9,FRASCO,1
1,REUMATOLOGIA,ANTIANEMICO + RECONSTITUYENTE + VITAMINICO  JARABE.,9,FRASCO,1
177,PSIQUIATRIA INFANTIL,ANTIANEMICO + RECONSTITUYENTE + VITAMINICO  JARABE.,9,FRASCO,1
170,ESTUDIOS HEMODINAMIA ,ANTIANEMICO + RECONSTITUYENTE + VITAMINICO  JARABE.,9,FRASCO,1
182,NUTRIOLOGIA PEDIATRICA,SULFATO FERROSO(CON O SIN VITAMINA C 30-125MG/ML SOLUCION.  ,8,FRASCO GOTERO,1
181,NEURODESARROLLO ,SULFATO FERROSO(CON O SIN VITAMINA C 30-125MG/ML SOLUCION.  ,8,FRASCO GOTERO,1
101,MEDICINA FAMILIAR,SULFATO FERROSO(CON O SIN VITAMINA C 30-125MG/ML SOLUCION.  ,8,FRASCO GOTERO,1
77,NEONATOLOGIA,SULFATO FERROSO(CON O SIN VITAMINA C 30-125MG/ML SOLUCION.  ,8,FRASCO GOTERO,1
69,UNIDAD DE TRANSPLANTE,SULFATO FERROSO(CON O SIN VITAMINA C 30-125MG/ML SOLUCION.  ,8,FRASCO GOTERO,1
50,NEFROLOGIA,SULFATO FERROSO(CON O SIN VITAMINA C 30-125MG/ML SOLUCION.  ,8,FRASCO GOTERO,1
47,INFECTOLOGIA,SULFATO FERROSO(CON O SIN VITAMINA C 30-125MG/ML SOLUCION.  ,8,FRASCO GOTERO,1
37,PEDIATRIA,SULFATO FERROSO(CON O SIN VITAMINA C 30-125MG/ML SOLUCION.  ,8,FRASCO GOTERO,1
34,GINECOLOGIA,SULFATO FERROSO(CON O SIN VITAMINA C 30-125MG/ML SOLUCION.  ,8,FRASCO GOTERO,1
6,NEFROLOGIA PEDIATRICA,SULFATO FERROSO(CON O SIN VITAMINA C 30-125MG/ML SOLUCION.  ,8,FRASCO GOTERO,1
110,HEMATOLOGIA CRONICOS,ERITROPOYETINA 4000 U.I.INYECTABLE,2,JERINGA PRELLENADA NO RETRAIBL,1
69,UNIDAD DE TRANSPLANTE,ERITROPOYETINA 4000 U.I.INYECTABLE,2,JERINGA PRELLENADA NO RETRAIBL,1
50,NEFROLOGIA,ERITROPOYETINA 4000 U.I.INYECTABLE,2,JERINGA PRELLENADA NO RETRAIBL,1
6,NEFROLOGIA PEDIATRICA,ERITROPOYETINA 4000 U.I.INYECTABLE,2,JERINGA PRELLENADA NO RETRAIBL,1
2,HEMATOLOGIA,ERITROPOYETINA 4000 U.I.INYECTABLE,2,JERINGA PRELLENADA NO RETRAIBL,1
2,HEMATOLOGIA,ERITROPOYETINA 4000 U.I.INYECTABLE,4,MILIGRAMO,1
109,HEMATOLOGIA PEDIATRICA,PROTAMINA 1000 U.I. INYECTABLE.,2,AMPOLLA,1
69,UNIDAD DE TRANSPLANTE,PROTAMINA 1000 U.I. INYECTABLE.,2,AMPOLLA,1
55,CARDIOCIRUGIA,PROTAMINA 1000 U.I. INYECTABLE.,2,AMPOLLA,1
51,ANESTESIOLOGIA,PROTAMINA 1000 U.I. INYECTABLE.,2,AMPOLLA,1
50,NEFROLOGIA,PROTAMINA 1000 U.I. INYECTABLE.,2,AMPOLLA,1
48,TERAPIA INTENSIVA,PROTAMINA 1000 U.I. INYECTABLE.,2,AMPOLLA,1
27,CIRUGIA VASCULAR PERIFERICA,PROTAMINA 1000 U.I. INYECTABLE.,2,AMPOLLA,1
12,CARDIOLOGIA,PROTAMINA 1000 U.I. INYECTABLE.,2,AMPOLLA,1
6,NEFROLOGIA PEDIATRICA,PROTAMINA 1000 U.I. INYECTABLE.,2,AMPOLLA,1
6,NEFROLOGIA PEDIATRICA,PROTAMINA 1000 U.I. INYECTABLE.,2,AMPOLLA,1
5,CARDIOLOGIA PEDIATRICA,PROTAMINA 1000 U.I. INYECTABLE.,2,AMPOLLA,1
2,HEMATOLOGIA,PROTAMINA 1000 U.I. INYECTABLE.,2,AMPOLLA,1
46,HEMODINAMIA,PROTAMINA 1000 U.I. INYECTABLE.,2,AMPOLLA,1
91,TERAPIA DEL DOLOR Y MEDICINA PALIATIVA ,FLUTAMIDA 250 MG.COMPRIMIDO/TABLETA,3,COMPRIMIDO,1
59,RADIOTERAPIA,FLUTAMIDA 250 MG.COMPRIMIDO/TABLETA,3,COMPRIMIDO,1
49,ONCOLOGIA,FLUTAMIDA 250 MG.COMPRIMIDO/TABLETA,3,COMPRIMIDO,10
21,UROLOGIA,FLUTAMIDA 250 MG.COMPRIMIDO/TABLETA,3,COMPRIMIDO,20
52,SALUD REPRODUCTIVA,ESTRADIOL VALERATO 2MG.COMPRIMIDO,3,COMPRIMIDO,20
34,GINECOLOGIA,ESTRADIOL VALERATO 2MG.COMPRIMIDO,3,COMPRIMIDO,20
33,GINECO-OBSTETRICIA,ESTRADIOL VALERATO 2MG.COMPRIMIDO,3,COMPRIMIDO,1
31,OBSTETRICIA,ESTRADIOL VALERATO 2MG.COMPRIMIDO,3,COMPRIMIDO,20
98,PLANIFICACION FAMILIAR,ESTRADIOL VALERATO 2MG.COMPRIMIDO,3,COMPRIMIDO,20
52,SALUD REPRODUCTIVA,"ESTRADIOL VALERIANATO+NORGESTREL 2 MG/0,5 MG",3,GRAGEAS,1
34,GINECOLOGIA,"ESTRADIOL VALERIANATO+NORGESTREL 2 MG/0,5 MG",3,GRAGEAS,20
33,GINECO-OBSTETRICIA,"ESTRADIOL VALERIANATO+NORGESTREL 2 MG/0,5 MG",3,GRAGEAS,1
31,OBSTETRICIA,"ESTRADIOL VALERIANATO+NORGESTREL 2 MG/0,5 MG",3,GRAGEAS,20
98,PLANIFICACION FAMILIAR,"ESTRADIOL VALERIANATO+NORGESTREL 2 MG/0,5 MG",3,GRAGEAS,20
160,CLIMATERIO,ENANTATO DE PROGEST+VALERATO DE ESTRADIOL 200MG+4MG INY.,2,AMPOLLA ,1
57,DIABETOLOGIA,ENANTATO DE PROGEST+VALERATO DE ESTRADIOL 200MG+4MG INY.,2,AMPOLLA ,1
44,ENDOCRINOLOGIA PEDIATRICA,ENANTATO DE PROGEST+VALERATO DE ESTRADIOL 200MG+4MG INY.,2,AMPOLLA ,1
34,GINECOLOGIA,ENANTATO DE PROGEST+VALERATO DE ESTRADIOL 200MG+4MG INY.,2,AMPOLLA ,1
33,GINECO-OBSTETRICIA,ENANTATO DE PROGEST+VALERATO DE ESTRADIOL 200MG+4MG INY.,2,AMPOLLA ,1
31,OBSTETRICIA,ENANTATO DE PROGEST+VALERATO DE ESTRADIOL 200MG+4MG INY.,2,AMPOLLA ,1
4,ENDOCRINOLOGIA,ENANTATO DE PROGEST+VALERATO DE ESTRADIOL 200MG+4MG INY.,2,AMPOLLA ,1
4,ENDOCRINOLOGIA,ENANTATO DE PROGEST+VALERATO DE ESTRADIOL 200MG+4MG INY.,2,AMPOLLA ,1
98,PLANIFICACION FAMILIAR,ENANTATO DE PROGEST+VALERATO DE ESTRADIOL 200MG+4MG INY.,2,AMPOLLA ,1
160,CLIMATERIO,"ETINILESTRADIOL+NORETISTERONA 0,01MG/2MG.",3,COMPRIMIDO RECUBIERTO,20
52,SALUD REPRODUCTIVA,"ETINILESTRADIOL+NORETISTERONA 0,01MG/2MG.",3,COMPRIMIDO RECUBIERTO,20
34,GINECOLOGIA,"ETINILESTRADIOL+NORETISTERONA 0,01MG/2MG.",3,COMPRIMIDO RECUBIERTO,20
33,GINECO-OBSTETRICIA,"ETINILESTRADIOL+NORETISTERONA 0,01MG/2MG.",3,COMPRIMIDO RECUBIERTO,1
31,OBSTETRICIA,"ETINILESTRADIOL+NORETISTERONA 0,01MG/2MG.",3,COMPRIMIDO RECUBIERTO,20
31,OBSTETRICIA,"ETINILESTRADIOL+NORETISTERONA 0,01MG/2MG.",3,COMPRIMIDO RECUBIERTO,20
98,PLANIFICACION FAMILIAR,"ETINILESTRADIOL+NORETISTERONA 0,01MG/2MG.",3,COMPRIMIDO RECUBIERTO,20
101,MEDICINA FAMILIAR,PROGESTERONA+BENZ.DE ESTRADIOL 60MG/12MG INY. ,2,AMPOLLA,1
52,SALUD REPRODUCTIVA,PROGESTERONA+BENZ.DE ESTRADIOL 60MG/12MG INY. ,2,AMPOLLA,1
34,GINECOLOGIA,PROGESTERONA+BENZ.DE ESTRADIOL 60MG/12MG INY. ,2,AMPOLLA,1
33,GINECO-OBSTETRICIA,PROGESTERONA+BENZ.DE ESTRADIOL 60MG/12MG INY. ,2,AMPOLLA,1
31,OBSTETRICIA,PROGESTERONA+BENZ.DE ESTRADIOL 60MG/12MG INY. ,2,AMPOLLA,1
98,PLANIFICACION FAMILIAR,PROGESTERONA+BENZ.DE ESTRADIOL 60MG/12MG INY. ,2,AMPOLLA,1
199,TELESALUD HV,LEVOTIROXINA SODICA 50 MCG.,3,COMPRIMIDO,30
101,MEDICINA FAMILIAR,LEVOTIROXINA SODICA 50 MCG.,3,COMPRIMIDO,30
89,GERIATRIA,LEVOTIROXINA SODICA 50 MCG.,3,COMPRIMIDO,20
77,NEONATOLOGIA,LEVOTIROXINA SODICA 50 MCG.,3,COMPRIMIDO,20
57,DIABETOLOGIA,LEVOTIROXINA SODICA 50 MCG.,3,COMPRIMIDO,20
44,ENDOCRINOLOGIA PEDIATRICA,LEVOTIROXINA SODICA 50 MCG.,3,COMPRIMIDO,20
37,PEDIATRIA,LEVOTIROXINA SODICA 50 MCG.,3,COMPRIMIDO,20
11,CLINICA MEDICA,LEVOTIROXINA SODICA 50 MCG.,3,COMPRIMIDO,1
5,CARDIOLOGIA PEDIATRICA,LEVOTIROXINA SODICA 50 MCG.,3,COMPRIMIDO,20
5,CARDIOLOGIA PEDIATRICA,LEVOTIROXINA SODICA 50 MCG.,3,COMPRIMIDO,20
4,ENDOCRINOLOGIA,LEVOTIROXINA SODICA 50 MCG.,3,COMPRIMIDO,1
4,ENDOCRINOLOGIA,LEVOTIROXINA SODICA 50 MCG.,3,COMPRIMIDO,20
199,TELESALUD HV,LEVOTIROXINA SODICA 100 MCG.,3,COMPRIMIDO,30
101,MEDICINA FAMILIAR,LEVOTIROXINA SODICA 100 MCG.,3,COMPRIMIDO,60
97,SALUD OCUPACIONAL,LEVOTIROXINA SODICA 100 MCG.,3,COMPRIMIDO,20
91,TERAPIA DEL DOLOR Y MEDICINA PALIATIVA ,LEVOTIROXINA SODICA 100 MCG.,3,COMPRIMIDO,1
89,GERIATRIA,LEVOTIROXINA SODICA 100 MCG.,3,COMPRIMIDO,20
57,DIABETOLOGIA,LEVOTIROXINA SODICA 100 MCG.,3,COMPRIMIDO,20
44,ENDOCRINOLOGIA PEDIATRICA,LEVOTIROXINA SODICA 100 MCG.,3,COMPRIMIDO,20
34,GINECOLOGIA,LEVOTIROXINA SODICA 100 MCG.,3,COMPRIMIDO,20
33,GINECO-OBSTETRICIA,LEVOTIROXINA SODICA 100 MCG.,3,COMPRIMIDO,20
31,OBSTETRICIA,LEVOTIROXINA SODICA 100 MCG.,3,COMPRIMIDO,20
28,CIRUGIA GENERAL,LEVOTIROXINA SODICA 100 MCG.,3,COMPRIMIDO,20
11,CLINICA MEDICA,LEVOTIROXINA SODICA 100 MCG.,3,COMPRIMIDO,20
4,ENDOCRINOLOGIA,LEVOTIROXINA SODICA 100 MCG.,3,COMPRIMIDO,20
59,RADIOTERAPIA,MEDROXIPROGESTERONA 500 MG.CAPSULA.,3,CAPSULA,1
49,ONCOLOGIA,MEDROXIPROGESTERONA 500 MG.CAPSULA.,3,CAPSULA,20
34,GINECOLOGIA,MEDROXIPROGESTERONA 500 MG.CAPSULA.,3,CAPSULA,20
33,GINECO-OBSTETRICIA,MEDROXIPROGESTERONA 500 MG.CAPSULA.,3,CAPSULA,1
31,OBSTETRICIA,MEDROXIPROGESTERONA 500 MG.CAPSULA.,3,CAPSULA,20
4,ENDOCRINOLOGIA,MEDROXIPROGESTERONA 500 MG.CAPSULA.,3,CAPSULA,20
57,DIABETOLOGIA,PROPILTIOURACILO 50 MG.  ,3,COMPRIMIDO,20
44,ENDOCRINOLOGIA PEDIATRICA,PROPILTIOURACILO 50 MG.  ,3,COMPRIMIDO,1
28,CIRUGIA GENERAL,PROPILTIOURACILO 50 MG.  ,3,COMPRIMIDO,20
11,CLINICA MEDICA,PROPILTIOURACILO 50 MG.  ,3,COMPRIMIDO,1
4,ENDOCRINOLOGIA,PROPILTIOURACILO 50 MG.  ,3,COMPRIMIDO,20
91,TERAPIA DEL DOLOR Y MEDICINA PALIATIVA ,GLIBENCLAMIDA 5 MG.COMP,3,COMPRIMIDO,20
57,DIABETOLOGIA,GLIBENCLAMIDA 5 MG.COMP,3,COMPRIMIDO,20
55,CARDIOCIRUGIA,GLIBENCLAMIDA 5 MG.COMP,3,COMPRIMIDO,20
44,ENDOCRINOLOGIA PEDIATRICA,GLIBENCLAMIDA 5 MG.COMP,3,COMPRIMIDO,20
5,CARDIOLOGIA PEDIATRICA,GLIBENCLAMIDA 5 MG.COMP,3,COMPRIMIDO,20
46,HEMODINAMIA,GLIBENCLAMIDA 5 MG.COMP,3,COMPRIMIDO,20
199,TELESALUD HV,INSULINA R REGULAR HUMANA 100 UI/ML,2,FRASCO AMPOLLA MD,1
101,MEDICINA FAMILIAR,INSULINA R REGULAR HUMANA 100 UI/ML,2,FRASCO AMPOLLA MD,1
97,SALUD OCUPACIONAL,INSULINA R REGULAR HUMANA 100 UI/ML,2,FRASCO AMPOLLA MD,1
89,GERIATRIA,INSULINA R REGULAR HUMANA 100 UI/ML,2,FRASCO AMPOLLA MD,1
69,UNIDAD DE TRANSPLANTE,INSULINA R REGULAR HUMANA 100 UI/ML,2,FRASCO AMPOLLA MD,1
57,DIABETOLOGIA,INSULINA R REGULAR HUMANA 100 UI/ML,2,FRASCO AMPOLLA MD,1
57,DIABETOLOGIA,INSULINA R REGULAR HUMANA 100 UI/ML,2,FRASCO AMPOLLA MD,1
50,NEFROLOGIA,INSULINA R REGULAR HUMANA 100 UI/ML,2,FRASCO AMPOLLA MD,1
44,ENDOCRINOLOGIA PEDIATRICA,INSULINA R REGULAR HUMANA 100 UI/ML,2,FRASCO AMPOLLA MD,1
11,CLINICA MEDICA,INSULINA R REGULAR HUMANA 100 UI/ML,2,FRASCO AMPOLLA MD,1
6,NEFROLOGIA PEDIATRICA,INSULINA R REGULAR HUMANA 100 UI/ML,2,FRASCO AMPOLLA MD,1
4,ENDOCRINOLOGIA,INSULINA R REGULAR HUMANA 100 UI/ML,2,FRASCO AMPOLLA MD,1
46,HEMODINAMIA,INSULINA R REGULAR HUMANA 100 UI/ML,2,FRASCO AMPOLLA MD,1
199,TELESALUD HV,INSULINA NPH 100 UI/ ML ,2,FRASCO AMPOLLA,1
101,MEDICINA FAMILIAR,INSULINA NPH 100 UI/ ML ,2,FRASCO AMPOLLA,1
97,SALUD OCUPACIONAL,INSULINA NPH 100 UI/ ML ,2,FRASCO AMPOLLA,1
89,GERIATRIA,INSULINA NPH 100 UI/ ML ,2,FRASCO AMPOLLA,1
69,UNIDAD DE TRANSPLANTE,INSULINA NPH 100 UI/ ML ,2,FRASCO AMPOLLA,1
57,DIABETOLOGIA,INSULINA NPH 100 UI/ ML ,2,FRASCO AMPOLLA,1
57,DIABETOLOGIA,INSULINA NPH 100 UI/ ML ,2,FRASCO AMPOLLA,1
50,NEFROLOGIA,INSULINA NPH 100 UI/ ML ,2,FRASCO AMPOLLA,1
44,ENDOCRINOLOGIA PEDIATRICA,INSULINA NPH 100 UI/ ML ,2,FRASCO AMPOLLA,1
11,CLINICA MEDICA,INSULINA NPH 100 UI/ ML ,2,FRASCO AMPOLLA,1
6,NEFROLOGIA PEDIATRICA,INSULINA NPH 100 UI/ ML ,2,FRASCO AMPOLLA,1
4,ENDOCRINOLOGIA,INSULINA NPH 100 UI/ ML ,2,FRASCO AMPOLLA,1
4,ENDOCRINOLOGIA,INSULINA NPH 100 UI/ ML ,2,FRASCO AMPOLLA,1
46,HEMODINAMIA,INSULINA NPH 100 UI/ ML ,2,FRASCO AMPOLLA,1
183,ONCOLOGIA PEDIATRICA,ALLOPURINOL 300 MG.,3,UNIDAD,20
181,NEURODESARROLLO ,ALLOPURINOL 300 MG.,3,UNIDAD,20
160,CLIMATERIO,ALLOPURINOL 300 MG.,3,UNIDAD,20
109,HEMATOLOGIA PEDIATRICA,ALLOPURINOL 300 MG.,3,UNIDAD,20
101,MEDICINA FAMILIAR,ALLOPURINOL 300 MG.,3,UNIDAD,20
89,GERIATRIA,ALLOPURINOL 300 MG.,3,UNIDAD,20
87,REUMATOLOGIA PEDIATRICA,ALLOPURINOL 300 MG.,3,UNIDAD,20
69,UNIDAD DE TRANSPLANTE,ALLOPURINOL 300 MG.,3,UNIDAD,20
66,NEUROLOGIA PEDIATRICA,ALLOPURINOL 300 MG.,3,UNIDAD,30
60,GASTROENTEROLOGIA PEDIATRICA,ALLOPURINOL 300 MG.,3,UNIDAD,20
58,MASTOLOGIA,ALLOPURINOL 300 MG.,3,UNIDAD,20
57,DIABETOLOGIA,ALLOPURINOL 300 MG.,3,UNIDAD,20
50,NEFROLOGIA,ALLOPURINOL 300 MG.,3,UNIDAD,20
49,ONCOLOGIA,ALLOPURINOL 300 MG.,3,UNIDAD,20
49,ONCOLOGIA,ALLOPURINOL 300 MG.,3,UNIDAD,20
42,DERMATOLOGIA PEDIATRICA,ALLOPURINOL 300 MG.,3,UNIDAD,20
34,GINECOLOGIA,ALLOPURINOL 300 MG.,3,UNIDAD,20
21,UROLOGIA,ALLOPURINOL 300 MG.,3,UNIDAD,20
11,CLINICA MEDICA,ALLOPURINOL 300 MG.,3,UNIDAD,20
7,SIQUIATRIA,ALLOPURINOL 300 MG.,3,UNIDAD,20
6,NEFROLOGIA PEDIATRICA,ALLOPURINOL 300 MG.,3,UNIDAD,20
5,CARDIOLOGIA PEDIATRICA,ALLOPURINOL 300 MG.,3,UNIDAD,20
4,ENDOCRINOLOGIA,ALLOPURINOL 300 MG.,3,UNIDAD,20
3,NEUROLOGIA,ALLOPURINOL 300 MG.,3,UNIDAD,20
2,HEMATOLOGIA,ALLOPURINOL 300 MG.,3,UNIDAD,20
1,REUMATOLOGIA,ALLOPURINOL 300 MG.,3,UNIDAD,20
177,PSIQUIATRIA INFANTIL,ALLOPURINOL 300 MG.,3,UNIDAD,20
170,ESTUDIOS HEMODINAMIA ,ALLOPURINOL 300 MG.,3,UNIDAD,20
181,NEURODESARROLLO ,FENOBARBITAL 100 MG,3,COMPRIMIDO,20
101,MEDICINA FAMILIAR,FENOBARBITAL 100 MG,3,COMPRIMIDO,20
97,SALUD OCUPACIONAL,FENOBARBITAL 100 MG,3,COMPRIMIDO,20
89,GERIATRIA,FENOBARBITAL 100 MG,3,COMPRIMIDO,20
66,NEUROLOGIA PEDIATRICA,FENOBARBITAL 100 MG,3,COMPRIMIDO,100
24,NEUROCIRUGIA,FENOBARBITAL 100 MG,3,COMPRIMIDO,20
11,CLINICA MEDICA,FENOBARBITAL 100 MG,3,COMPRIMIDO,20
7,SIQUIATRIA,FENOBARBITAL 100 MG,3,COMPRIMIDO,20
3,NEUROLOGIA,FENOBARBITAL 100 MG,3,COMPRIMIDO,20
177,PSIQUIATRIA INFANTIL,FENOBARBITAL 100 MG,3,COMPRIMIDO,20
21,UROLOGIA,DIAZEPAM 10MG (5 MG/ML)   ,2,AMPOLLA,1
11,CLINICA MEDICA,DIAZEPAM 10MG (5 MG/ML)   ,2,AMPOLLA,1
7,SIQUIATRIA,DIAZEPAM 10MG (5 MG/ML)   ,2,AMPOLLA,1
5,CARDIOLOGIA PEDIATRICA,DIAZEPAM 10MG (5 MG/ML)   ,2,AMPOLLA,1
35,HEMODIALISIS,DIAZEPAM 10MG (5 MG/ML)   ,2,AMPOLLA,2
60,GASTROENTEROLOGIA PEDIATRICA,ISOPROPAMIDA IODURO + DIAZEPAM ,3,UNIDAD,20
60,GASTROENTEROLOGIA PEDIATRICA,ISOPROPAMIDA IODURO + DIAZEPAM ,3,UNIDAD,20
29,PROCTOLOGIA,ISOPROPAMIDA IODURO + DIAZEPAM ,3,UNIDAD,20
10,GASTROENTEROLOGIA,ISOPROPAMIDA IODURO + DIAZEPAM ,3,UNIDAD,20
199,TELESALUD HV,FENITOÍNA 100 MG ,3,COMPRIMIDO/CAPSULA,30
183,ONCOLOGIA PEDIATRICA,FENITOÍNA 100 MG ,3,COMPRIMIDO/CAPSULA,20
139,INFECTOLOGIA PEDIATRICA,FENITOÍNA 100 MG ,3,COMPRIMIDO/CAPSULA,20
101,MEDICINA FAMILIAR,FENITOÍNA 100 MG ,3,COMPRIMIDO/CAPSULA,20
101,MEDICINA FAMILIAR,FENITOÍNA 100 MG ,3,COMPRIMIDO/CAPSULA,20
91,TERAPIA DEL DOLOR Y MEDICINA PALIATIVA ,FENITOÍNA 100 MG ,3,COMPRIMIDO/CAPSULA,1
89,GERIATRIA,FENITOÍNA 100 MG ,3,COMPRIMIDO/CAPSULA,20
66,NEUROLOGIA PEDIATRICA,FENITOÍNA 100 MG ,3,COMPRIMIDO/CAPSULA,100
59,RADIOTERAPIA,FENITOÍNA 100 MG ,3,COMPRIMIDO/CAPSULA,1
55,CARDIOCIRUGIA,FENITOÍNA 100 MG ,3,COMPRIMIDO/CAPSULA,20
49,ONCOLOGIA,FENITOÍNA 100 MG ,3,COMPRIMIDO/CAPSULA,1
49,ONCOLOGIA,FENITOÍNA 100 MG ,3,COMPRIMIDO/CAPSULA,20
47,INFECTOLOGIA,FENITOÍNA 100 MG ,3,COMPRIMIDO/CAPSULA,1
37,PEDIATRIA,FENITOÍNA 100 MG ,3,COMPRIMIDO/CAPSULA,1
24,NEUROCIRUGIA,FENITOÍNA 100 MG ,3,COMPRIMIDO/CAPSULA,20
12,CARDIOLOGIA,FENITOÍNA 100 MG ,3,COMPRIMIDO/CAPSULA,20
11,CLINICA MEDICA,FENITOÍNA 100 MG ,3,COMPRIMIDO/CAPSULA,20
7,SIQUIATRIA,FENITOÍNA 100 MG ,3,COMPRIMIDO/CAPSULA,20
5,CARDIOLOGIA PEDIATRICA,FENITOÍNA 100 MG ,3,COMPRIMIDO/CAPSULA,20
5,CARDIOLOGIA PEDIATRICA,FENITOÍNA 100 MG ,3,COMPRIMIDO/CAPSULA,20
3,NEUROLOGIA,FENITOÍNA 100 MG ,3,COMPRIMIDO/CAPSULA,20
2,HEMATOLOGIA,FENITOÍNA 100 MG ,3,COMPRIMIDO/CAPSULA,20
177,PSIQUIATRIA INFANTIL,FENITOÍNA 100 MG ,3,COMPRIMIDO/CAPSULA,20
46,HEMODINAMIA,FENITOÍNA 100 MG ,3,COMPRIMIDO/CAPSULA,20
21,UROLOGIA,FENITOÍNA 250 MG (50 MG/ML),2,AMPOLLA,1
11,CLINICA MEDICA,FENITOÍNA 250 MG (50 MG/ML),2,AMPOLLA,1
35,HEMODIALISIS,FENITOÍNA 250 MG (50 MG/ML),2,AMPOLLA,2
199,TELESALUD HV,CLONAZEPAN 2MG,3,UNIDAD,30
183,ONCOLOGIA PEDIATRICA,CLONAZEPAN 2MG,3,UNIDAD,20
181,NEURODESARROLLO ,CLONAZEPAN 2MG,3,UNIDAD,20
150,FISIATRA (NIÑOS) ,CLONAZEPAN 2MG,3,UNIDAD,1
110,HEMATOLOGIA CRONICOS,CLONAZEPAN 2MG,3,UNIDAD,20
109,HEMATOLOGIA PEDIATRICA,CLONAZEPAN 2MG,3,UNIDAD,20
101,MEDICINA FAMILIAR,CLONAZEPAN 2MG,3,UNIDAD,60
91,TERAPIA DEL DOLOR Y MEDICINA PALIATIVA ,CLONAZEPAN 2MG,3,UNIDAD,20
89,GERIATRIA,CLONAZEPAN 2MG,3,UNIDAD,20
69,UNIDAD DE TRANSPLANTE,CLONAZEPAN 2MG,3,UNIDAD,20
66,NEUROLOGIA PEDIATRICA,CLONAZEPAN 2MG,3,UNIDAD,30
60,GASTROENTEROLOGIA PEDIATRICA,CLONAZEPAN 2MG,3,UNIDAD,20
59,RADIOTERAPIA,CLONAZEPAN 2MG,3,UNIDAD,20
55,CARDIOCIRUGIA,CLONAZEPAN 2MG,3,UNIDAD,1
50,NEFROLOGIA,CLONAZEPAN 2MG,3,UNIDAD,20
49,ONCOLOGIA,CLONAZEPAN 2MG,3,UNIDAD,20
24,NEUROCIRUGIA,CLONAZEPAN 2MG,3,UNIDAD,20
22,OTORRINOLARINGOLOGIA,CLONAZEPAN 2MG,3,UNIDAD,20
18,FISIATRIA ADULTO,CLONAZEPAN 2MG,3,UNIDAD,20
12,CARDIOLOGIA,CLONAZEPAN 2MG,3,UNIDAD,20
11,CLINICA MEDICA,CLONAZEPAN 2MG,3,UNIDAD,20
10,GASTROENTEROLOGIA,CLONAZEPAN 2MG,3,UNIDAD,20
7,SIQUIATRIA,CLONAZEPAN 2MG,3,UNIDAD,20
6,NEFROLOGIA PEDIATRICA,CLONAZEPAN 2MG,3,UNIDAD,20
5,CARDIOLOGIA PEDIATRICA,CLONAZEPAN 2MG,3,UNIDAD,20
3,NEUROLOGIA,CLONAZEPAN 2MG,3,UNIDAD,20
2,HEMATOLOGIA,CLONAZEPAN 2MG,3,UNIDAD,1
177,PSIQUIATRIA INFANTIL,CLONAZEPAN 2MG,3,UNIDAD,20
46,HEMODINAMIA,CLONAZEPAN 2MG,3,UNIDAD,20
199,TELESALUD HV,CARBAMAZEPINA 200 MG,3,UNIDAD,30
183,ONCOLOGIA PEDIATRICA,CARBAMAZEPINA 200 MG,3,UNIDAD,20
181,NEURODESARROLLO ,CARBAMAZEPINA 200 MG,3,UNIDAD,20
139,INFECTOLOGIA PEDIATRICA,CARBAMAZEPINA 200 MG,3,UNIDAD,20
101,MEDICINA FAMILIAR,CARBAMAZEPINA 200 MG,3,UNIDAD,1
91,TERAPIA DEL DOLOR Y MEDICINA PALIATIVA ,CARBAMAZEPINA 200 MG,3,UNIDAD,1
89,GERIATRIA,CARBAMAZEPINA 200 MG,3,UNIDAD,20
87,REUMATOLOGIA PEDIATRICA,CARBAMAZEPINA 200 MG,3,UNIDAD,1
69,UNIDAD DE TRANSPLANTE,CARBAMAZEPINA 200 MG,3,UNIDAD,1
66,NEUROLOGIA PEDIATRICA,CARBAMAZEPINA 200 MG,3,UNIDAD,200
50,NEFROLOGIA,CARBAMAZEPINA 200 MG,3,UNIDAD,1
49,ONCOLOGIA,CARBAMAZEPINA 200 MG,3,UNIDAD,1
47,INFECTOLOGIA,CARBAMAZEPINA 200 MG,3,UNIDAD,1
37,PEDIATRIA,CARBAMAZEPINA 200 MG,3,UNIDAD,1
24,NEUROCIRUGIA,CARBAMAZEPINA 200 MG,3,UNIDAD,1
18,FISIATRIA ADULTO,CARBAMAZEPINA 200 MG,3,UNIDAD,1
11,CLINICA MEDICA,CARBAMAZEPINA 200 MG,3,UNIDAD,20
7,SIQUIATRIA,CARBAMAZEPINA 200 MG,3,UNIDAD,20
7,SIQUIATRIA,CARBAMAZEPINA 200 MG,3,UNIDAD,20
6,NEFROLOGIA PEDIATRICA,CARBAMAZEPINA 200 MG,3,UNIDAD,1
3,NEUROLOGIA,CARBAMAZEPINA 200 MG,3,UNIDAD,20
1,REUMATOLOGIA,CARBAMAZEPINA 200 MG,3,UNIDAD,20
1,REUMATOLOGIA,CARBAMAZEPINA 200 MG,3,UNIDAD,20
177,PSIQUIATRIA INFANTIL,CARBAMAZEPINA 200 MG,3,UNIDAD,20
199,TELESALUD HV,CARBAMAZEPINA 100 MG/ 5ML,11,KIT  ,3
183,ONCOLOGIA PEDIATRICA,CARBAMAZEPINA 100 MG/ 5ML,11,KIT  ,20
181,NEURODESARROLLO ,CARBAMAZEPINA 100 MG/ 5ML,11,KIT  ,1
150,FISIATRA (NIÑOS) ,CARBAMAZEPINA 100 MG/ 5ML,11,KIT  ,1
139,INFECTOLOGIA PEDIATRICA,CARBAMAZEPINA 100 MG/ 5ML,11,KIT  ,1
101,MEDICINA FAMILIAR,CARBAMAZEPINA 100 MG/ 5ML,11,KIT  ,1
91,TERAPIA DEL DOLOR Y MEDICINA PALIATIVA ,CARBAMAZEPINA 100 MG/ 5ML,11,KIT  ,1
89,GERIATRIA,CARBAMAZEPINA 100 MG/ 5ML,11,KIT  ,1
86,NEUMOLOGIA PEDIATRICA,CARBAMAZEPINA 100 MG/ 5ML,11,KIT  ,1
69,UNIDAD DE TRANSPLANTE,CARBAMAZEPINA 100 MG/ 5ML,11,KIT  ,1
66,NEUROLOGIA PEDIATRICA,CARBAMAZEPINA 100 MG/ 5ML,11,KIT  ,8
59,RADIOTERAPIA,CARBAMAZEPINA 100 MG/ 5ML,11,KIT  ,1
50,NEFROLOGIA,CARBAMAZEPINA 100 MG/ 5ML,11,KIT  ,1
49,ONCOLOGIA,CARBAMAZEPINA 100 MG/ 5ML,11,KIT  ,1
47,INFECTOLOGIA,CARBAMAZEPINA 100 MG/ 5ML,11,KIT  ,1
37,PEDIATRIA,CARBAMAZEPINA 100 MG/ 5ML,11,KIT  ,1
24,NEUROCIRUGIA,CARBAMAZEPINA 100 MG/ 5ML,11,KIT  ,1
18,FISIATRIA ADULTO,CARBAMAZEPINA 100 MG/ 5ML,11,KIT  ,1
11,CLINICA MEDICA,CARBAMAZEPINA 100 MG/ 5ML,11,KIT  ,1
7,SIQUIATRIA,CARBAMAZEPINA 100 MG/ 5ML,11,KIT  ,1
6,NEFROLOGIA PEDIATRICA,CARBAMAZEPINA 100 MG/ 5ML,11,KIT  ,1
6,NEFROLOGIA PEDIATRICA,CARBAMAZEPINA 100 MG/ 5ML,11,KIT  ,1
3,NEUROLOGIA,CARBAMAZEPINA 100 MG/ 5ML,11,KIT  ,1
177,PSIQUIATRIA INFANTIL,CARBAMAZEPINA 100 MG/ 5ML,11,KIT  ,1
101,MEDICINA FAMILIAR,VALPROATO/ACIDO VALPROICO 400-500MG.,3,COMPRIMIDO,20
91,TERAPIA DEL DOLOR Y MEDICINA PALIATIVA ,VALPROATO/ACIDO VALPROICO 400-500MG.,3,COMPRIMIDO,1
89,GERIATRIA,VALPROATO/ACIDO VALPROICO 400-500MG.,3,COMPRIMIDO,20
47,INFECTOLOGIA,VALPROATO/ACIDO VALPROICO 400-500MG.,3,COMPRIMIDO,1
24,NEUROCIRUGIA,VALPROATO/ACIDO VALPROICO 400-500MG.,3,COMPRIMIDO,20
7,SIQUIATRIA,VALPROATO/ACIDO VALPROICO 400-500MG.,3,COMPRIMIDO,20
199,TELESALUD HV,ACIDO VALPROICO 250MG/5ML,9,KIT,4
181,NEURODESARROLLO ,ACIDO VALPROICO 250MG/5ML,9,KIT,1
139,INFECTOLOGIA PEDIATRICA,ACIDO VALPROICO 250MG/5ML,9,KIT,1
101,MEDICINA FAMILIAR,ACIDO VALPROICO 250MG/5ML,9,KIT,1
101,MEDICINA FAMILIAR,ACIDO VALPROICO 250MG/5ML,9,KIT,1
101,MEDICINA FAMILIAR,ACIDO VALPROICO 250MG/5ML,9,KIT,1
97,SALUD OCUPACIONAL,ACIDO VALPROICO 250MG/5ML,9,KIT,1
89,GERIATRIA,ACIDO VALPROICO 250MG/5ML,9,KIT,1
89,GERIATRIA,ACIDO VALPROICO 250MG/5ML,9,KIT,1
66,NEUROLOGIA PEDIATRICA,ACIDO VALPROICO 250MG/5ML,9,KIT,8
47,INFECTOLOGIA,ACIDO VALPROICO 250MG/5ML,9,KIT,1
37,PEDIATRIA,ACIDO VALPROICO 250MG/5ML,9,KIT,1
24,NEUROCIRUGIA,ACIDO VALPROICO 250MG/5ML,9,KIT,1
18,FISIATRIA ADULTO,ACIDO VALPROICO 250MG/5ML,9,KIT,1
11,CLINICA MEDICA,ACIDO VALPROICO 250MG/5ML,9,KIT,1
7,SIQUIATRIA,ACIDO VALPROICO 250MG/5ML,9,KIT,1
3,NEUROLOGIA,ACIDO VALPROICO 250MG/5ML,9,KIT,1
177,PSIQUIATRIA INFANTIL,ACIDO VALPROICO 250MG/5ML,9,KIT,1
199,TELESALUD HV,LEVODOPA + CARBIDOPA 250 MG + 25 MG,3,COMPRIMIDO RANURADO ,30
101,MEDICINA FAMILIAR,LEVODOPA + CARBIDOPA 250 MG + 25 MG,3,COMPRIMIDO RANURADO ,120
97,SALUD OCUPACIONAL,LEVODOPA + CARBIDOPA 250 MG + 25 MG,3,COMPRIMIDO RANURADO ,20
89,GERIATRIA,LEVODOPA + CARBIDOPA 250 MG + 25 MG,3,COMPRIMIDO RANURADO ,20
66,NEUROLOGIA PEDIATRICA,LEVODOPA + CARBIDOPA 250 MG + 25 MG,3,COMPRIMIDO RANURADO ,180
24,NEUROCIRUGIA,LEVODOPA + CARBIDOPA 250 MG + 25 MG,3,COMPRIMIDO RANURADO ,20
24,NEUROCIRUGIA,LEVODOPA + CARBIDOPA 250 MG + 25 MG,3,COMPRIMIDO RANURADO ,20
11,CLINICA MEDICA,LEVODOPA + CARBIDOPA 250 MG + 25 MG,3,COMPRIMIDO RANURADO ,20
7,SIQUIATRIA,LEVODOPA + CARBIDOPA 250 MG + 25 MG,3,COMPRIMIDO RANURADO ,1
3,NEUROLOGIA,LEVODOPA + CARBIDOPA 250 MG + 25 MG,3,COMPRIMIDO RANURADO ,20
177,PSIQUIATRIA INFANTIL,LEVODOPA + CARBIDOPA 250 MG + 25 MG,3,COMPRIMIDO RANURADO ,20
18,FISIATRIA ADULTO,BIPERIDENO CLORHIDRATO 2 MG ,3,COMPRIMIDO,20
7,SIQUIATRIA,BIPERIDENO CLORHIDRATO 2 MG ,3,COMPRIMIDO,20
3,NEUROLOGIA,BIPERIDENO CLORHIDRATO 2 MG ,3,COMPRIMIDO,20
177,PSIQUIATRIA INFANTIL,BIPERIDENO CLORHIDRATO 2 MG ,3,COMPRIMIDO,20
44,ENDOCRINOLOGIA PEDIATRICA,"BROMOCRIPTINA 2,5 MG COMPRIMIDO",3,COMPRIMIDO,20
34,GINECOLOGIA,"BROMOCRIPTINA 2,5 MG COMPRIMIDO",3,COMPRIMIDO,20
33,GINECO-OBSTETRICIA,"BROMOCRIPTINA 2,5 MG COMPRIMIDO",3,COMPRIMIDO,20
31,OBSTETRICIA,"BROMOCRIPTINA 2,5 MG COMPRIMIDO",3,COMPRIMIDO,20
24,NEUROCIRUGIA,"BROMOCRIPTINA 2,5 MG COMPRIMIDO",3,COMPRIMIDO,20
199,TELESALUD HV,NIMODIPINA 60 MG,3,COMPRIMIDO ,30
150,FISIATRA (NIÑOS) ,NIMODIPINA 60 MG,3,COMPRIMIDO ,1
101,MEDICINA FAMILIAR,NIMODIPINA 60 MG,3,COMPRIMIDO ,20
97,SALUD OCUPACIONAL,NIMODIPINA 60 MG,3,COMPRIMIDO ,20
91,TERAPIA DEL DOLOR Y MEDICINA PALIATIVA ,NIMODIPINA 60 MG,3,COMPRIMIDO ,1
89,GERIATRIA,NIMODIPINA 60 MG,3,COMPRIMIDO ,20
69,UNIDAD DE TRANSPLANTE,NIMODIPINA 60 MG,3,COMPRIMIDO ,20
66,NEUROLOGIA PEDIATRICA,NIMODIPINA 60 MG,3,COMPRIMIDO ,60
59,RADIOTERAPIA,NIMODIPINA 60 MG,3,COMPRIMIDO ,20
50,NEFROLOGIA,NIMODIPINA 60 MG,3,COMPRIMIDO ,20
49,ONCOLOGIA,NIMODIPINA 60 MG,3,COMPRIMIDO ,20
48,TERAPIA INTENSIVA,NIMODIPINA 60 MG,3,COMPRIMIDO ,20
43,OTORRINOLARINGOLOGIA PEDIATRICA,NIMODIPINA 60 MG,3,COMPRIMIDO ,20
24,NEUROCIRUGIA,NIMODIPINA 60 MG,3,COMPRIMIDO ,20
22,OTORRINOLARINGOLOGIA,NIMODIPINA 60 MG,3,COMPRIMIDO ,20
18,FISIATRIA ADULTO,NIMODIPINA 60 MG,3,COMPRIMIDO ,20
11,CLINICA MEDICA,NIMODIPINA 60 MG,3,COMPRIMIDO ,20
7,SIQUIATRIA,NIMODIPINA 60 MG,3,COMPRIMIDO ,20
6,NEFROLOGIA PEDIATRICA,NIMODIPINA 60 MG,3,COMPRIMIDO ,20
3,NEUROLOGIA,NIMODIPINA 60 MG,3,COMPRIMIDO ,20
177,PSIQUIATRIA INFANTIL,NIMODIPINA 60 MG,3,COMPRIMIDO ,20
46,HEMODINAMIA,NIMODIPINA 60 MG,3,COMPRIMIDO ,20
7,SIQUIATRIA,CLOMIPRAMINA 25 MG.COMPRIMIDO,3,COMPRIMIDO,1
199,TELESALUD HV,AMITRIPTILINA 25 MG.,3,COMPRIMIDO,30
183,ONCOLOGIA PEDIATRICA,AMITRIPTILINA 25 MG.,3,COMPRIMIDO,20
160,CLIMATERIO,AMITRIPTILINA 25 MG.,3,COMPRIMIDO,20
139,INFECTOLOGIA PEDIATRICA,AMITRIPTILINA 25 MG.,3,COMPRIMIDO,20
101,MEDICINA FAMILIAR,AMITRIPTILINA 25 MG.,3,COMPRIMIDO,120
91,TERAPIA DEL DOLOR Y MEDICINA PALIATIVA ,AMITRIPTILINA 25 MG.,3,COMPRIMIDO,1
89,GERIATRIA,AMITRIPTILINA 25 MG.,3,COMPRIMIDO,1
87,REUMATOLOGIA PEDIATRICA,AMITRIPTILINA 25 MG.,3,COMPRIMIDO,1
69,UNIDAD DE TRANSPLANTE,AMITRIPTILINA 25 MG.,3,COMPRIMIDO,1
66,NEUROLOGIA PEDIATRICA,AMITRIPTILINA 25 MG.,3,COMPRIMIDO,90
60,GASTROENTEROLOGIA PEDIATRICA,AMITRIPTILINA 25 MG.,3,COMPRIMIDO,20
59,RADIOTERAPIA,AMITRIPTILINA 25 MG.,3,COMPRIMIDO,1
58,MASTOLOGIA,AMITRIPTILINA 25 MG.,3,COMPRIMIDO,20
57,DIABETOLOGIA,AMITRIPTILINA 25 MG.,3,COMPRIMIDO,1
57,DIABETOLOGIA,AMITRIPTILINA 25 MG.,3,COMPRIMIDO,1
50,NEFROLOGIA,AMITRIPTILINA 25 MG.,3,COMPRIMIDO,1
49,ONCOLOGIA,AMITRIPTILINA 25 MG.,3,COMPRIMIDO,1
47,INFECTOLOGIA,AMITRIPTILINA 25 MG.,3,COMPRIMIDO,1
44,ENDOCRINOLOGIA PEDIATRICA,AMITRIPTILINA 25 MG.,3,COMPRIMIDO,1
34,GINECOLOGIA,AMITRIPTILINA 25 MG.,3,COMPRIMIDO,1
33,GINECO-OBSTETRICIA,AMITRIPTILINA 25 MG.,3,COMPRIMIDO,1
31,OBSTETRICIA,AMITRIPTILINA 25 MG.,3,COMPRIMIDO,1
24,NEUROCIRUGIA,AMITRIPTILINA 25 MG.,3,COMPRIMIDO,20
21,UROLOGIA,AMITRIPTILINA 25 MG.,3,COMPRIMIDO,1
18,FISIATRIA ADULTO,AMITRIPTILINA 25 MG.,3,COMPRIMIDO,1
18,FISIATRIA ADULTO,AMITRIPTILINA 25 MG.,3,COMPRIMIDO,20
18,FISIATRIA ADULTO,AMITRIPTILINA 25 MG.,3,COMPRIMIDO,20
11,CLINICA MEDICA,AMITRIPTILINA 25 MG.,3,COMPRIMIDO,1
10,GASTROENTEROLOGIA,AMITRIPTILINA 25 MG.,3,COMPRIMIDO,1
7,SIQUIATRIA,AMITRIPTILINA 25 MG.,3,COMPRIMIDO,1
7,SIQUIATRIA,AMITRIPTILINA 25 MG.,3,COMPRIMIDO,20
6,NEFROLOGIA PEDIATRICA,AMITRIPTILINA 25 MG.,3,COMPRIMIDO,1
4,ENDOCRINOLOGIA,AMITRIPTILINA 25 MG.,3,COMPRIMIDO,1
3,NEUROLOGIA,AMITRIPTILINA 25 MG.,3,COMPRIMIDO,20
1,REUMATOLOGIA,AMITRIPTILINA 25 MG.,3,COMPRIMIDO,1
177,PSIQUIATRIA INFANTIL,AMITRIPTILINA 25 MG.,3,COMPRIMIDO,20
199,TELESALUD HV,FLUOXETINA 20 MG,3,COMPRIMIDO,20
183,ONCOLOGIA PEDIATRICA,FLUOXETINA 20 MG,3,COMPRIMIDO,20
160,CLIMATERIO,FLUOXETINA 20 MG,3,COMPRIMIDO,20
150,FISIATRA (NIÑOS) ,FLUOXETINA 20 MG,3,COMPRIMIDO,1
110,HEMATOLOGIA CRONICOS,FLUOXETINA 20 MG,3,COMPRIMIDO,20
101,MEDICINA FAMILIAR,FLUOXETINA 20 MG,3,COMPRIMIDO,20
97,SALUD OCUPACIONAL,FLUOXETINA 20 MG,3,COMPRIMIDO,20
91,TERAPIA DEL DOLOR Y MEDICINA PALIATIVA ,FLUOXETINA 20 MG,3,COMPRIMIDO,20
89,GERIATRIA,FLUOXETINA 20 MG,3,COMPRIMIDO,20
69,UNIDAD DE TRANSPLANTE,FLUOXETINA 20 MG,3,COMPRIMIDO,20
66,NEUROLOGIA PEDIATRICA,FLUOXETINA 20 MG,3,COMPRIMIDO,30
60,GASTROENTEROLOGIA PEDIATRICA,FLUOXETINA 20 MG,3,COMPRIMIDO,20
57,DIABETOLOGIA,FLUOXETINA 20 MG,3,COMPRIMIDO,20
50,NEFROLOGIA,FLUOXETINA 20 MG,3,COMPRIMIDO,20
49,ONCOLOGIA,FLUOXETINA 20 MG,3,COMPRIMIDO,1
34,GINECOLOGIA,FLUOXETINA 20 MG,3,COMPRIMIDO,20
33,GINECO-OBSTETRICIA,FLUOXETINA 20 MG,3,COMPRIMIDO,1
31,OBSTETRICIA,FLUOXETINA 20 MG,3,COMPRIMIDO,20
24,NEUROCIRUGIA,FLUOXETINA 20 MG,3,COMPRIMIDO,20
22,OTORRINOLARINGOLOGIA,FLUOXETINA 20 MG,3,COMPRIMIDO,20
18,FISIATRIA ADULTO,FLUOXETINA 20 MG,3,COMPRIMIDO,20
11,CLINICA MEDICA,FLUOXETINA 20 MG,3,COMPRIMIDO,20
10,GASTROENTEROLOGIA,FLUOXETINA 20 MG,3,COMPRIMIDO,20
7,SIQUIATRIA,FLUOXETINA 20 MG,3,COMPRIMIDO,1
7,SIQUIATRIA,FLUOXETINA 20 MG,3,COMPRIMIDO,20
6,NEFROLOGIA PEDIATRICA,FLUOXETINA 20 MG,3,COMPRIMIDO,20
4,ENDOCRINOLOGIA,FLUOXETINA 20 MG,3,COMPRIMIDO,20
3,NEUROLOGIA,FLUOXETINA 20 MG,3,COMPRIMIDO,1
2,HEMATOLOGIA,FLUOXETINA 20 MG,3,COMPRIMIDO,20
177,PSIQUIATRIA INFANTIL,FLUOXETINA 20 MG,3,COMPRIMIDO,20
183,ONCOLOGIA PEDIATRICA,HALOPERIDOL 5 MG/ML,2,AMPOLLA,1
91,TERAPIA DEL DOLOR Y MEDICINA PALIATIVA ,HALOPERIDOL 5 MG/ML,2,AMPOLLA,1
58,MASTOLOGIA,HALOPERIDOL 5 MG/ML,2,AMPOLLA,1
49,ONCOLOGIA,HALOPERIDOL 5 MG/ML,2,AMPOLLA,1
7,SIQUIATRIA,HALOPERIDOL 5 MG/ML,2,AMPOLLA,1
199,TELESALUD HV,HALOPERIDOL 5 MG,3,COMPRIMIDO ,20
91,TERAPIA DEL DOLOR Y MEDICINA PALIATIVA ,HALOPERIDOL 5 MG,3,COMPRIMIDO ,1
69,UNIDAD DE TRANSPLANTE,HALOPERIDOL 5 MG,3,COMPRIMIDO ,20
66,NEUROLOGIA PEDIATRICA,HALOPERIDOL 5 MG,3,COMPRIMIDO ,30
50,NEFROLOGIA,HALOPERIDOL 5 MG,3,COMPRIMIDO ,20
49,ONCOLOGIA,HALOPERIDOL 5 MG,3,COMPRIMIDO ,1
24,NEUROCIRUGIA,HALOPERIDOL 5 MG,3,COMPRIMIDO ,1
7,SIQUIATRIA,HALOPERIDOL 5 MG,3,COMPRIMIDO ,20
7,SIQUIATRIA,HALOPERIDOL 5 MG,3,COMPRIMIDO ,20
6,NEFROLOGIA PEDIATRICA,HALOPERIDOL 5 MG,3,COMPRIMIDO ,20
3,NEUROLOGIA,HALOPERIDOL 5 MG,3,COMPRIMIDO ,20
177,PSIQUIATRIA INFANTIL,HALOPERIDOL 5 MG,3,COMPRIMIDO ,20
150,FISIATRA (NIÑOS) ,HALOPERIDOL 2 MG/ML,8,FRASCO GOTERO,1
91,TERAPIA DEL DOLOR Y MEDICINA PALIATIVA ,HALOPERIDOL 2 MG/ML,8,FRASCO GOTERO,1
89,GERIATRIA,HALOPERIDOL 2 MG/ML,8,FRASCO GOTERO,1
69,UNIDAD DE TRANSPLANTE,HALOPERIDOL 2 MG/ML,8,FRASCO GOTERO,1
66,NEUROLOGIA PEDIATRICA,HALOPERIDOL 2 MG/ML,8,FRASCO GOTERO,6
50,NEFROLOGIA,HALOPERIDOL 2 MG/ML,8,FRASCO GOTERO,1
37,PEDIATRIA,HALOPERIDOL 2 MG/ML,8,FRASCO GOTERO,2
24,NEUROCIRUGIA,HALOPERIDOL 2 MG/ML,8,FRASCO GOTERO,1
18,FISIATRIA ADULTO,HALOPERIDOL 2 MG/ML,8,FRASCO GOTERO,1
12,CARDIOLOGIA,HALOPERIDOL 2 MG/ML,8,FRASCO GOTERO,1
11,CLINICA MEDICA,HALOPERIDOL 2 MG/ML,8,FRASCO GOTERO,1
7,SIQUIATRIA,HALOPERIDOL 2 MG/ML,8,FRASCO GOTERO,1
6,NEFROLOGIA PEDIATRICA,HALOPERIDOL 2 MG/ML,8,FRASCO GOTERO,1
5,CARDIOLOGIA PEDIATRICA,HALOPERIDOL 2 MG/ML,8,FRASCO GOTERO,1
3,NEUROLOGIA,HALOPERIDOL 2 MG/ML,8,FRASCO GOTERO,1
177,PSIQUIATRIA INFANTIL,HALOPERIDOL 2 MG/ML,8,FRASCO GOTERO,1
46,HEMODINAMIA,HALOPERIDOL 2 MG/ML,8,FRASCO GOTERO,1
89,GERIATRIA,THIORIDAZINA 100 MG..,3,COMPRIMIDO,20
24,NEUROCIRUGIA,THIORIDAZINA 100 MG..,3,COMPRIMIDO,20
7,SIQUIATRIA,THIORIDAZINA 100 MG..,3,COMPRIMIDO,20
101,MEDICINA FAMILIAR,ERGOTAMINA+CAFEINA+PARACETAMOL 1+50+500 MG ,3,COMPRIMIDO,20
89,GERIATRIA,ERGOTAMINA+CAFEINA+PARACETAMOL 1+50+500 MG ,3,COMPRIMIDO,20
49,ONCOLOGIA,ERGOTAMINA+CAFEINA+PARACETAMOL 1+50+500 MG ,3,COMPRIMIDO,20
42,DERMATOLOGIA PEDIATRICA,ERGOTAMINA+CAFEINA+PARACETAMOL 1+50+500 MG ,3,COMPRIMIDO,20
34,GINECOLOGIA,ERGOTAMINA+CAFEINA+PARACETAMOL 1+50+500 MG ,3,COMPRIMIDO,20
11,CLINICA MEDICA,ERGOTAMINA+CAFEINA+PARACETAMOL 1+50+500 MG ,3,COMPRIMIDO,20
11,CLINICA MEDICA,ERGOTAMINA+CAFEINA+PARACETAMOL 1+50+500 MG ,3,COMPRIMIDO,20
7,SIQUIATRIA,ERGOTAMINA+CAFEINA+PARACETAMOL 1+50+500 MG ,3,COMPRIMIDO,1
4,ENDOCRINOLOGIA,ERGOTAMINA+CAFEINA+PARACETAMOL 1+50+500 MG ,3,COMPRIMIDO,20
3,NEUROLOGIA,ERGOTAMINA+CAFEINA+PARACETAMOL 1+50+500 MG ,3,COMPRIMIDO,20
1,REUMATOLOGIA,ERGOTAMINA+CAFEINA+PARACETAMOL 1+50+500 MG ,3,COMPRIMIDO,20
170,ESTUDIOS HEMODINAMIA ,ERGOTAMINA+CAFEINA+PARACETAMOL 1+50+500 MG ,3,COMPRIMIDO,30
160,CLIMATERIO,ERGOTAMINA+CAFEINA+PARACETAMOL 1+50+500 MG ,4,MILIGRAMO,20
199,TELESALUD HV,GLICEROFOSFATO JARABE.,11,FRASCO 100/250 ML,1
183,ONCOLOGIA PEDIATRICA,GLICEROFOSFATO JARABE.,11,FRASCO 100/250 ML,1
182,NUTRIOLOGIA PEDIATRICA,GLICEROFOSFATO JARABE.,11,FRASCO 100/250 ML,1
182,NUTRIOLOGIA PEDIATRICA,GLICEROFOSFATO JARABE.,11,FRASCO 100/250 ML,1
181,NEURODESARROLLO ,GLICEROFOSFATO JARABE.,11,FRASCO 100/250 ML,1
160,CLIMATERIO,GLICEROFOSFATO JARABE.,11,FRASCO 100/250 ML,1
109,HEMATOLOGIA PEDIATRICA,GLICEROFOSFATO JARABE.,11,FRASCO 100/250 ML,1
101,MEDICINA FAMILIAR,GLICEROFOSFATO JARABE.,11,FRASCO 100/250 ML,1
87,REUMATOLOGIA PEDIATRICA,GLICEROFOSFATO JARABE.,11,FRASCO 100/250 ML,1
86,NEUMOLOGIA PEDIATRICA,GLICEROFOSFATO JARABE.,11,FRASCO 100/250 ML,1
66,NEUROLOGIA PEDIATRICA,GLICEROFOSFATO JARABE.,11,FRASCO 100/250 ML,2
60,GASTROENTEROLOGIA PEDIATRICA,GLICEROFOSFATO JARABE.,11,FRASCO 100/250 ML,1
58,MASTOLOGIA,GLICEROFOSFATO JARABE.,11,FRASCO 100/250 ML,1
50,NEFROLOGIA,GLICEROFOSFATO JARABE.,11,FRASCO 100/250 ML,1
49,ONCOLOGIA,GLICEROFOSFATO JARABE.,11,FRASCO 100/250 ML,1
42,DERMATOLOGIA PEDIATRICA,GLICEROFOSFATO JARABE.,11,FRASCO 100/250 ML,1
22,OTORRINOLARINGOLOGIA,GLICEROFOSFATO JARABE.,11,FRASCO 100/250 ML,1
11,CLINICA MEDICA,GLICEROFOSFATO JARABE.,11,FRASCO 100/250 ML,1
7,SIQUIATRIA,GLICEROFOSFATO JARABE.,11,FRASCO 100/250 ML,1
7,SIQUIATRIA,GLICEROFOSFATO JARABE.,11,FRASCO 100/250 ML,1
6,NEFROLOGIA PEDIATRICA,GLICEROFOSFATO JARABE.,11,FRASCO 100/250 ML,1
5,CARDIOLOGIA PEDIATRICA,GLICEROFOSFATO JARABE.,11,FRASCO 100/250 ML,1
3,NEUROLOGIA,GLICEROFOSFATO JARABE.,11,FRASCO 100/250 ML,1
1,REUMATOLOGIA,GLICEROFOSFATO JARABE.,11,FRASCO 100/250 ML,1
177,PSIQUIATRIA INFANTIL,GLICEROFOSFATO JARABE.,11,FRASCO 100/250 ML,1
170,ESTUDIOS HEMODINAMIA ,GLICEROFOSFATO JARABE.,11,FRASCO 100/250 ML,1
42,DERMATOLOGIA PEDIATRICA,AMINOFILINA 250 MG.INYECTABLE,2,AMPOLLA,1
5,CARDIOLOGIA PEDIATRICA,AMINOFILINA 250 MG.INYECTABLE,2,AMPOLLA,1
4,ENDOCRINOLOGIA,AMINOFILINA 250 MG.INYECTABLE,2,AMPOLLA,1
35,HEMODIALISIS,ADRENALINA 1 MG/ML ,2,AMPOLLA,6
101,MEDICINA FAMILIAR,SALBUTAMOL 4 MG.,3,COMPRIMIDO,20
97,SALUD OCUPACIONAL,SALBUTAMOL 4 MG.,3,COMPRIMIDO,20
89,GERIATRIA,SALBUTAMOL 4 MG.,3,COMPRIMIDO,20
86,NEUMOLOGIA PEDIATRICA,SALBUTAMOL 4 MG.,3,COMPRIMIDO,20
69,UNIDAD DE TRANSPLANTE,SALBUTAMOL 4 MG.,3,COMPRIMIDO,20
59,RADIOTERAPIA,SALBUTAMOL 4 MG.,3,COMPRIMIDO,20
56,NEUMOLOGIA,SALBUTAMOL 4 MG.,3,COMPRIMIDO,20
48,TERAPIA INTENSIVA,SALBUTAMOL 4 MG.,3,COMPRIMIDO,20
43,OTORRINOLARINGOLOGIA PEDIATRICA,SALBUTAMOL 4 MG.,3,COMPRIMIDO,20
37,PEDIATRIA,SALBUTAMOL 4 MG.,3,COMPRIMIDO,20
34,GINECOLOGIA,SALBUTAMOL 4 MG.,3,COMPRIMIDO,20
33,GINECO-OBSTETRICIA,SALBUTAMOL 4 MG.,3,COMPRIMIDO,1
31,OBSTETRICIA,SALBUTAMOL 4 MG.,3,COMPRIMIDO,20
22,OTORRINOLARINGOLOGIA,SALBUTAMOL 4 MG.,3,COMPRIMIDO,20
11,CLINICA MEDICA,SALBUTAMOL 4 MG.,3,COMPRIMIDO,20
9,ALERGIA E INMUNOLOGIA,SALBUTAMOL 4 MG.,3,COMPRIMIDO,20
6,NEFROLOGIA PEDIATRICA,SALBUTAMOL 4 MG.,3,COMPRIMIDO,20
23,URGENCIAS CLINICA MEDICA,SALBUTAMOL 4 MG.,3,COMPRIMIDO,1
101,MEDICINA FAMILIAR,SALBUTAMOL 2 MG/5 ML.JARABE,9,FRASCO,1
97,SALUD OCUPACIONAL,SALBUTAMOL 2 MG/5 ML.JARABE,9,FRASCO,1
89,GERIATRIA,SALBUTAMOL 2 MG/5 ML.JARABE,9,FRASCO,1
69,UNIDAD DE TRANSPLANTE,SALBUTAMOL 2 MG/5 ML.JARABE,9,FRASCO,1
59,RADIOTERAPIA,SALBUTAMOL 2 MG/5 ML.JARABE,9,FRASCO,1
56,NEUMOLOGIA,SALBUTAMOL 2 MG/5 ML.JARABE,9,FRASCO,1
50,NEFROLOGIA,SALBUTAMOL 2 MG/5 ML.JARABE,9,FRASCO,1
48,TERAPIA INTENSIVA,SALBUTAMOL 2 MG/5 ML.JARABE,9,FRASCO,1
43,OTORRINOLARINGOLOGIA PEDIATRICA,SALBUTAMOL 2 MG/5 ML.JARABE,9,FRASCO,1
37,PEDIATRIA,SALBUTAMOL 2 MG/5 ML.JARABE,9,FRASCO,1
34,GINECOLOGIA,SALBUTAMOL 2 MG/5 ML.JARABE,9,FRASCO,1
33,GINECO-OBSTETRICIA,SALBUTAMOL 2 MG/5 ML.JARABE,9,FRASCO,1
31,OBSTETRICIA,SALBUTAMOL 2 MG/5 ML.JARABE,9,FRASCO,1
22,OTORRINOLARINGOLOGIA,SALBUTAMOL 2 MG/5 ML.JARABE,9,FRASCO,1
11,CLINICA MEDICA,SALBUTAMOL 2 MG/5 ML.JARABE,9,FRASCO,1
9,ALERGIA E INMUNOLOGIA,SALBUTAMOL 2 MG/5 ML.JARABE,9,FRASCO,1
6,NEFROLOGIA PEDIATRICA,SALBUTAMOL 2 MG/5 ML.JARABE,9,FRASCO,1
23,URGENCIAS CLINICA MEDICA,SALBUTAMOL 2 MG/5 ML.JARABE,9,FRASCO,1
14,URGENCIAS PEDIATRICAS,SALBUTAMOL 2 MG/5 ML.JARABE,9,FRASCO,1
199,TELESALUD HV,SALBUTAMOL 100 MCG/DOSIS,1,FCO C/ADAP BUCAL(MIN.200 DOSIS,1
183,ONCOLOGIA PEDIATRICA,SALBUTAMOL 100 MCG/DOSIS,1,FCO C/ADAP BUCAL(MIN.200 DOSIS,1
182,NUTRIOLOGIA PEDIATRICA,SALBUTAMOL 100 MCG/DOSIS,1,FCO C/ADAP BUCAL(MIN.200 DOSIS,1
181,NEURODESARROLLO ,SALBUTAMOL 100 MCG/DOSIS,1,FCO C/ADAP BUCAL(MIN.200 DOSIS,1
101,MEDICINA FAMILIAR,SALBUTAMOL 100 MCG/DOSIS,1,FCO C/ADAP BUCAL(MIN.200 DOSIS,1
89,GERIATRIA,SALBUTAMOL 100 MCG/DOSIS,1,FCO C/ADAP BUCAL(MIN.200 DOSIS,1
89,GERIATRIA,SALBUTAMOL 100 MCG/DOSIS,1,FCO C/ADAP BUCAL(MIN.200 DOSIS,1
86,NEUMOLOGIA PEDIATRICA,SALBUTAMOL 100 MCG/DOSIS,1,FCO C/ADAP BUCAL(MIN.200 DOSIS,1
86,NEUMOLOGIA PEDIATRICA,SALBUTAMOL 100 MCG/DOSIS,1,FCO C/ADAP BUCAL(MIN.200 DOSIS,2
69,UNIDAD DE TRANSPLANTE,SALBUTAMOL 100 MCG/DOSIS,1,FCO C/ADAP BUCAL(MIN.200 DOSIS,1
56,NEUMOLOGIA,SALBUTAMOL 100 MCG/DOSIS,1,FCO C/ADAP BUCAL(MIN.200 DOSIS,1
50,NEFROLOGIA,SALBUTAMOL 100 MCG/DOSIS,1,FCO C/ADAP BUCAL(MIN.200 DOSIS,1
37,PEDIATRIA,SALBUTAMOL 100 MCG/DOSIS,1,FCO C/ADAP BUCAL(MIN.200 DOSIS,1
22,OTORRINOLARINGOLOGIA,SALBUTAMOL 100 MCG/DOSIS,1,FCO C/ADAP BUCAL(MIN.200 DOSIS,1
11,CLINICA MEDICA,SALBUTAMOL 100 MCG/DOSIS,1,FCO C/ADAP BUCAL(MIN.200 DOSIS,1
9,ALERGIA E INMUNOLOGIA,SALBUTAMOL 100 MCG/DOSIS,1,FCO C/ADAP BUCAL(MIN.200 DOSIS,1
9,ALERGIA E INMUNOLOGIA,SALBUTAMOL 100 MCG/DOSIS,1,FCO C/ADAP BUCAL(MIN.200 DOSIS,1
6,NEFROLOGIA PEDIATRICA,SALBUTAMOL 100 MCG/DOSIS,1,FCO C/ADAP BUCAL(MIN.200 DOSIS,1
181,NEURODESARROLLO ,DEXTROMETORFANO 15 MG/ML,1,FRASCO GOTERO,1
160,CLIMATERIO,DEXTROMETORFANO 15 MG/ML,1,FRASCO GOTERO,1
109,HEMATOLOGIA PEDIATRICA,DEXTROMETORFANO 15 MG/ML,1,FRASCO GOTERO,1
101,MEDICINA FAMILIAR,DEXTROMETORFANO 15 MG/ML,1,FRASCO GOTERO,1
60,GASTROENTEROLOGIA PEDIATRICA,DEXTROMETORFANO 15 MG/ML,1,FRASCO GOTERO,1
58,MASTOLOGIA,DEXTROMETORFANO 15 MG/ML,1,FRASCO GOTERO,1
42,DERMATOLOGIA PEDIATRICA,DEXTROMETORFANO 15 MG/ML,1,FRASCO GOTERO,1
37,PEDIATRIA,DEXTROMETORFANO 15 MG/ML,1,FRASCO GOTERO,1
21,UROLOGIA,DEXTROMETORFANO 15 MG/ML,1,FRASCO GOTERO,1
12,CARDIOLOGIA,DEXTROMETORFANO 15 MG/ML,1,FRASCO GOTERO,1
11,CLINICA MEDICA,DEXTROMETORFANO 15 MG/ML,1,FRASCO GOTERO,1
11,CLINICA MEDICA,DEXTROMETORFANO 15 MG/ML,1,FRASCO GOTERO,1
6,NEFROLOGIA PEDIATRICA,DEXTROMETORFANO 15 MG/ML,1,FRASCO GOTERO,1
5,CARDIOLOGIA PEDIATRICA,DEXTROMETORFANO 15 MG/ML,1,FRASCO GOTERO,1
170,ESTUDIOS HEMODINAMIA ,DEXTROMETORFANO 15 MG/ML,1,FRASCO GOTERO,2
160,CLIMATERIO,CLORFENIRAMINA MALEATO 10 MG/ML,2,AMPOLLA,1
37,PEDIATRIA,CLORFENIRAMINA MALEATO 10 MG/ML,2,AMPOLLA,1
21,UROLOGIA,CLORFENIRAMINA MALEATO 10 MG/ML,2,AMPOLLA,1
11,CLINICA MEDICA,CLORFENIRAMINA MALEATO 10 MG/ML,2,AMPOLLA,1
9,ALERGIA E INMUNOLOGIA,CLORFENIRAMINA MALEATO 10 MG/ML,2,AMPOLLA,1
5,CARDIOLOGIA PEDIATRICA,CLORFENIRAMINA MALEATO 10 MG/ML,2,AMPOLLA,1
35,HEMODIALISIS,CLORFENIRAMINA MALEATO 10 MG/ML,2,AMPOLLA,2
204,UNIDAD DE OBSTETRICIA,CLORFENIRAMINA MALEATO 4 MG,3,UNIDAD,30
199,TELESALUD HV,CLORFENIRAMINA MALEATO 4 MG,3,UNIDAD,30
183,ONCOLOGIA PEDIATRICA,CLORFENIRAMINA MALEATO 4 MG,3,UNIDAD,20
181,NEURODESARROLLO ,CLORFENIRAMINA MALEATO 4 MG,3,UNIDAD,20
160,CLIMATERIO,CLORFENIRAMINA MALEATO 4 MG,3,UNIDAD,20
139,INFECTOLOGIA PEDIATRICA,CLORFENIRAMINA MALEATO 4 MG,3,UNIDAD,20
139,INFECTOLOGIA PEDIATRICA,CLORFENIRAMINA MALEATO 4 MG,3,UNIDAD,20
109,HEMATOLOGIA PEDIATRICA,CLORFENIRAMINA MALEATO 4 MG,3,UNIDAD,20
101,MEDICINA FAMILIAR,CLORFENIRAMINA MALEATO 4 MG,3,UNIDAD,20
91,TERAPIA DEL DOLOR Y MEDICINA PALIATIVA ,CLORFENIRAMINA MALEATO 4 MG,3,UNIDAD,20
87,REUMATOLOGIA PEDIATRICA,CLORFENIRAMINA MALEATO 4 MG,3,UNIDAD,20
87,REUMATOLOGIA PEDIATRICA,CLORFENIRAMINA MALEATO 4 MG,3,UNIDAD,20
86,NEUMOLOGIA PEDIATRICA,CLORFENIRAMINA MALEATO 4 MG,3,UNIDAD,20
66,NEUROLOGIA PEDIATRICA,CLORFENIRAMINA MALEATO 4 MG,3,UNIDAD,30
60,GASTROENTEROLOGIA PEDIATRICA,CLORFENIRAMINA MALEATO 4 MG,3,UNIDAD,20
58,MASTOLOGIA,CLORFENIRAMINA MALEATO 4 MG,3,UNIDAD,20
57,DIABETOLOGIA,CLORFENIRAMINA MALEATO 4 MG,3,UNIDAD,30
56,NEUMOLOGIA,CLORFENIRAMINA MALEATO 4 MG,3,UNIDAD,20
56,NEUMOLOGIA,CLORFENIRAMINA MALEATO 4 MG,3,UNIDAD,1
42,DERMATOLOGIA PEDIATRICA,CLORFENIRAMINA MALEATO 4 MG,3,UNIDAD,20
37,PEDIATRIA,CLORFENIRAMINA MALEATO 4 MG,3,UNIDAD,20
34,GINECOLOGIA,CLORFENIRAMINA MALEATO 4 MG,3,UNIDAD,20
22,OTORRINOLARINGOLOGIA,CLORFENIRAMINA MALEATO 4 MG,3,UNIDAD,20
21,UROLOGIA,CLORFENIRAMINA MALEATO 4 MG,3,UNIDAD,20
12,CARDIOLOGIA,CLORFENIRAMINA MALEATO 4 MG,3,UNIDAD,20
11,CLINICA MEDICA,CLORFENIRAMINA MALEATO 4 MG,3,UNIDAD,20
11,CLINICA MEDICA,CLORFENIRAMINA MALEATO 4 MG,3,UNIDAD,20
9,ALERGIA E INMUNOLOGIA,CLORFENIRAMINA MALEATO 4 MG,3,UNIDAD,20
8,DERMATOLOGIA,CLORFENIRAMINA MALEATO 4 MG,3,UNIDAD,20
6,NEFROLOGIA PEDIATRICA,CLORFENIRAMINA MALEATO 4 MG,3,UNIDAD,20
5,CARDIOLOGIA PEDIATRICA,CLORFENIRAMINA MALEATO 4 MG,3,UNIDAD,20
3,NEUROLOGIA,CLORFENIRAMINA MALEATO 4 MG,3,UNIDAD,20
177,PSIQUIATRIA INFANTIL,CLORFENIRAMINA MALEATO 4 MG,3,UNIDAD,20
170,ESTUDIOS HEMODINAMIA ,CLORFENIRAMINA MALEATO 4 MG,3,UNIDAD,20
89,GERIATRIA,"MONOSULFIRAN 22,25 %.SOLUCION/LOCION",11,FRASCO,1
42,DERMATOLOGIA PEDIATRICA,"MONOSULFIRAN 22,25 %.SOLUCION/LOCION",11,FRASCO,1
42,DERMATOLOGIA PEDIATRICA,"MONOSULFIRAN 22,25 %.SOLUCION/LOCION",11,FRASCO,2
37,PEDIATRIA,"MONOSULFIRAN 22,25 %.SOLUCION/LOCION",11,FRASCO,1
11,CLINICA MEDICA,"MONOSULFIRAN 22,25 %.SOLUCION/LOCION",11,FRASCO,1
8,DERMATOLOGIA,"MONOSULFIRAN 22,25 %.SOLUCION/LOCION",11,FRASCO,1
183,ONCOLOGIA PEDIATRICA,"CLOBETASOL 0,05 %. (0,05MG/G)",7,POMO,1
139,INFECTOLOGIA PEDIATRICA,"CLOBETASOL 0,05 %. (0,05MG/G)",7,POMO,1
47,INFECTOLOGIA,"CLOBETASOL 0,05 %. (0,05MG/G)",7,POMO,1
42,DERMATOLOGIA PEDIATRICA,"CLOBETASOL 0,05 %. (0,05MG/G)",7,POMO,1
42,DERMATOLOGIA PEDIATRICA,"CLOBETASOL 0,05 %. (0,05MG/G)",7,POMO,2
34,GINECOLOGIA,"CLOBETASOL 0,05 %. (0,05MG/G)",7,POMO,1
33,GINECO-OBSTETRICIA,"CLOBETASOL 0,05 %. (0,05MG/G)",7,POMO,1
31,OBSTETRICIA,"CLOBETASOL 0,05 %. (0,05MG/G)",7,POMO,1
17,CIRUGIA RECONSTRUCTIVA,"CLOBETASOL 0,05 %. (0,05MG/G)",7,POMO,1
9,ALERGIA E INMUNOLOGIA,"CLOBETASOL 0,05 %. (0,05MG/G)",7,POMO,1
8,DERMATOLOGIA,"CLOBETASOL 0,05 %. (0,05MG/G)",7,POMO,1
8,DERMATOLOGIA,"CLOBETASOL 0,05 %. (0,05MG/G)",7,POMO,1
183,ONCOLOGIA PEDIATRICA,ISOTRETINOINA 20 MGR.,3,COMPRIMIDO RECUB./CAPSULAS,20
42,DERMATOLOGIA PEDIATRICA,ISOTRETINOINA 20 MGR.,3,COMPRIMIDO RECUB./CAPSULAS,20
42,DERMATOLOGIA PEDIATRICA,ISOTRETINOINA 20 MGR.,3,COMPRIMIDO RECUB./CAPSULAS,20
8,DERMATOLOGIA,ISOTRETINOINA 20 MGR.,3,COMPRIMIDO RECUB./CAPSULAS,20
40,OFTALMOLOGIA PEDIATRICA,"PROPARACAINA CLORHIDRATO 0,5O %.COLIRIO",14,FRASCO GOTERO,1
25,OFTALMOLOGIA,"PROPARACAINA CLORHIDRATO 0,5O %.COLIRIO",14,FRASCO GOTERO,1
199,TELESALUD HV,ACETAZOLAMIDA 250 MG.,3,UNIDAD,30
69,UNIDAD DE TRANSPLANTE,ACETAZOLAMIDA 250 MG.,3,UNIDAD,1
66,NEUROLOGIA PEDIATRICA,ACETAZOLAMIDA 250 MG.,3,UNIDAD,90
50,NEFROLOGIA,ACETAZOLAMIDA 250 MG.,3,UNIDAD,1
48,TERAPIA INTENSIVA,ACETAZOLAMIDA 250 MG.,3,UNIDAD,1
25,OFTALMOLOGIA,ACETAZOLAMIDA 250 MG.,3,UNIDAD,20
24,NEUROCIRUGIA,ACETAZOLAMIDA 250 MG.,3,UNIDAD,20
11,CLINICA MEDICA,ACETAZOLAMIDA 250 MG.,3,UNIDAD,1
6,NEFROLOGIA PEDIATRICA,ACETAZOLAMIDA 250 MG.,3,UNIDAD,1
3,NEUROLOGIA,ACETAZOLAMIDA 250 MG.,3,UNIDAD,20
40,OFTALMOLOGIA PEDIATRICA,PILOCARPINA 2%.COLIRIO,14,FRASCO GOTERO,1
25,OFTALMOLOGIA,PILOCARPINA 2%.COLIRIO,14,FRASCO GOTERO,1
25,OFTALMOLOGIA,PILOCARPINA 2%.COLIRIO,14,FRASCO GOTERO,1
42,DERMATOLOGIA PEDIATRICA,"TIMOLOL 0,5%. (5MG/ML)",14,FRASCO GOTERO,1
42,DERMATOLOGIA PEDIATRICA,"TIMOLOL 0,5%. (5MG/ML)",14,FRASCO GOTERO,1
40,OFTALMOLOGIA PEDIATRICA,"TIMOLOL 0,5%. (5MG/ML)",14,FRASCO GOTERO,1
25,OFTALMOLOGIA,"TIMOLOL 0,5%. (5MG/ML)",14,FRASCO GOTERO,1
25,OFTALMOLOGIA,"TIMOLOL 0,5%. (5MG/ML)",14,FRASCO GOTERO,1
8,DERMATOLOGIA,"TIMOLOL 0,5%. (5MG/ML)",14,FRASCO GOTERO,1
25,OFTALMOLOGIA,ATROPINA  1%.COLIRIO,14,FRASCO GOTERO,1
40,OFTALMOLOGIA PEDIATRICA,CICLOPENTOLATO 1% COLIRIO,14,FRASCO GOTERO,1
25,OFTALMOLOGIA,CICLOPENTOLATO 1% COLIRIO,14,FRASCO GOTERO,1
40,OFTALMOLOGIA PEDIATRICA,TROPICAMIDA 1%,14,FRASCO GOTERO,1
139,INFECTOLOGIA PEDIATRICA,"DEXAMETASONA FOSFATO SODICO 0,10% COLIRIO.  ",14,FRASCO GOTERO ,1
86,NEUMOLOGIA PEDIATRICA,"DEXAMETASONA FOSFATO SODICO 0,10% COLIRIO.  ",14,FRASCO GOTERO ,1
56,NEUMOLOGIA,"DEXAMETASONA FOSFATO SODICO 0,10% COLIRIO.  ",14,FRASCO GOTERO ,1
48,TERAPIA INTENSIVA,"DEXAMETASONA FOSFATO SODICO 0,10% COLIRIO.  ",14,FRASCO GOTERO ,1
47,INFECTOLOGIA,"DEXAMETASONA FOSFATO SODICO 0,10% COLIRIO.  ",14,FRASCO GOTERO ,1
40,OFTALMOLOGIA PEDIATRICA,"DEXAMETASONA FOSFATO SODICO 0,10% COLIRIO.  ",14,FRASCO GOTERO ,1
25,OFTALMOLOGIA,"DEXAMETASONA FOSFATO SODICO 0,10% COLIRIO.  ",14,FRASCO GOTERO ,1
22,OTORRINOLARINGOLOGIA,"DEXAMETASONA FOSFATO SODICO 0,10% COLIRIO.  ",14,FRASCO GOTERO ,1
9,ALERGIA E INMUNOLOGIA,"DEXAMETASONA FOSFATO SODICO 0,10% COLIRIO.  ",14,FRASCO GOTERO ,1
48,TERAPIA INTENSIVA,"DICLOFENAC SODICO 0,10% COLIRIO",14,FRASCO X 5-10ML,1
40,OFTALMOLOGIA PEDIATRICA,"DICLOFENAC SODICO 0,10% COLIRIO",14,FRASCO X 5-10ML,1
28,CIRUGIA GENERAL,"DICLOFENAC SODICO 0,10% COLIRIO",14,FRASCO X 5-10ML,1
25,OFTALMOLOGIA,"DICLOFENAC SODICO 0,10% COLIRIO",14,FRASCO X 5-10ML,1
22,OTORRINOLARINGOLOGIA,"DICLOFENAC SODICO 0,10% COLIRIO",14,FRASCO X 5-10ML,1
183,ONCOLOGIA PEDIATRICA,FOSFATO DE ANTAZOLINA + CLORHIDRATO DE TETRAZOLINA,14,FRASCO GOTERO,1
181,NEURODESARROLLO ,FOSFATO DE ANTAZOLINA + CLORHIDRATO DE TETRAZOLINA,14,FRASCO GOTERO,1
139,INFECTOLOGIA PEDIATRICA,FOSFATO DE ANTAZOLINA + CLORHIDRATO DE TETRAZOLINA,14,FRASCO GOTERO,1
109,HEMATOLOGIA PEDIATRICA,FOSFATO DE ANTAZOLINA + CLORHIDRATO DE TETRAZOLINA,14,FRASCO GOTERO,1
66,NEUROLOGIA PEDIATRICA,FOSFATO DE ANTAZOLINA + CLORHIDRATO DE TETRAZOLINA,14,FRASCO GOTERO,2
58,MASTOLOGIA,FOSFATO DE ANTAZOLINA + CLORHIDRATO DE TETRAZOLINA,14,FRASCO GOTERO,1
42,DERMATOLOGIA PEDIATRICA,FOSFATO DE ANTAZOLINA + CLORHIDRATO DE TETRAZOLINA,14,FRASCO GOTERO,1
25,OFTALMOLOGIA,FOSFATO DE ANTAZOLINA + CLORHIDRATO DE TETRAZOLINA,14,FRASCO GOTERO,1
12,CARDIOLOGIA,FOSFATO DE ANTAZOLINA + CLORHIDRATO DE TETRAZOLINA,14,FRASCO GOTERO,1
11,CLINICA MEDICA,FOSFATO DE ANTAZOLINA + CLORHIDRATO DE TETRAZOLINA,14,FRASCO GOTERO,1
11,CLINICA MEDICA,FOSFATO DE ANTAZOLINA + CLORHIDRATO DE TETRAZOLINA,14,FRASCO GOTERO,1
6,NEFROLOGIA PEDIATRICA,FOSFATO DE ANTAZOLINA + CLORHIDRATO DE TETRAZOLINA,14,FRASCO GOTERO,1
5,CARDIOLOGIA PEDIATRICA,FOSFATO DE ANTAZOLINA + CLORHIDRATO DE TETRAZOLINA,14,FRASCO GOTERO,1
177,PSIQUIATRIA INFANTIL,FOSFATO DE ANTAZOLINA + CLORHIDRATO DE TETRAZOLINA,14,FRASCO GOTERO,1
170,ESTUDIOS HEMODINAMIA ,FOSFATO DE ANTAZOLINA + CLORHIDRATO DE TETRAZOLINA,14,FRASCO GOTERO,1
40,OFTALMOLOGIA PEDIATRICA,SODIO IOD./POTASIO IOD.O CALCIO CLOR. 30MG/ML+3MG/ML.COL.,8,FRASCO,1
25,OFTALMOLOGIA,SODIO IOD./POTASIO IOD.O CALCIO CLOR. 30MG/ML+3MG/ML.COL.,8,FRASCO,1
199,TELESALUD HV,POLIMIXINA B + NEOMICINA + DEXAMETASONA COLIRIO ,8,FRASCO GOTERO 5- 10 ML,2
101,MEDICINA FAMILIAR,POLIMIXINA B + NEOMICINA + DEXAMETASONA COLIRIO ,8,FRASCO GOTERO 5- 10 ML,1
97,SALUD OCUPACIONAL,POLIMIXINA B + NEOMICINA + DEXAMETASONA COLIRIO ,8,FRASCO GOTERO 5- 10 ML,1
89,GERIATRIA,POLIMIXINA B + NEOMICINA + DEXAMETASONA COLIRIO ,8,FRASCO GOTERO 5- 10 ML,1
69,UNIDAD DE TRANSPLANTE,POLIMIXINA B + NEOMICINA + DEXAMETASONA COLIRIO ,8,FRASCO GOTERO 5- 10 ML,1
59,RADIOTERAPIA,POLIMIXINA B + NEOMICINA + DEXAMETASONA COLIRIO ,8,FRASCO GOTERO 5- 10 ML,1
50,NEFROLOGIA,POLIMIXINA B + NEOMICINA + DEXAMETASONA COLIRIO ,8,FRASCO GOTERO 5- 10 ML,1
49,ONCOLOGIA,POLIMIXINA B + NEOMICINA + DEXAMETASONA COLIRIO ,8,FRASCO GOTERO 5- 10 ML,1
40,OFTALMOLOGIA PEDIATRICA,POLIMIXINA B + NEOMICINA + DEXAMETASONA COLIRIO ,8,FRASCO GOTERO 5- 10 ML,1
40,OFTALMOLOGIA PEDIATRICA,POLIMIXINA B + NEOMICINA + DEXAMETASONA COLIRIO ,8,FRASCO GOTERO 5- 10 ML,1
37,PEDIATRIA,POLIMIXINA B + NEOMICINA + DEXAMETASONA COLIRIO ,8,FRASCO GOTERO 5- 10 ML,1
28,CIRUGIA GENERAL,POLIMIXINA B + NEOMICINA + DEXAMETASONA COLIRIO ,8,FRASCO GOTERO 5- 10 ML,1
25,OFTALMOLOGIA,POLIMIXINA B + NEOMICINA + DEXAMETASONA COLIRIO ,8,FRASCO GOTERO 5- 10 ML,1
11,CLINICA MEDICA,POLIMIXINA B + NEOMICINA + DEXAMETASONA COLIRIO ,8,FRASCO GOTERO 5- 10 ML,1
6,NEFROLOGIA PEDIATRICA,POLIMIXINA B + NEOMICINA + DEXAMETASONA COLIRIO ,8,FRASCO GOTERO 5- 10 ML,1
101,MEDICINA FAMILIAR,POLIMIXINA B + NEOMICINA + DEXAMETASONA PDA.OFTALMICA ,7,POMO,1
69,UNIDAD DE TRANSPLANTE,POLIMIXINA B + NEOMICINA + DEXAMETASONA PDA.OFTALMICA ,7,POMO,1
59,RADIOTERAPIA,POLIMIXINA B + NEOMICINA + DEXAMETASONA PDA.OFTALMICA ,7,POMO,1
50,NEFROLOGIA,POLIMIXINA B + NEOMICINA + DEXAMETASONA PDA.OFTALMICA ,7,POMO,1
49,ONCOLOGIA,POLIMIXINA B + NEOMICINA + DEXAMETASONA PDA.OFTALMICA ,7,POMO,1
40,OFTALMOLOGIA PEDIATRICA,POLIMIXINA B + NEOMICINA + DEXAMETASONA PDA.OFTALMICA ,7,POMO,1
40,OFTALMOLOGIA PEDIATRICA,POLIMIXINA B + NEOMICINA + DEXAMETASONA PDA.OFTALMICA ,7,POMO,1
25,OFTALMOLOGIA,POLIMIXINA B + NEOMICINA + DEXAMETASONA PDA.OFTALMICA ,7,POMO,1
11,CLINICA MEDICA,POLIMIXINA B + NEOMICINA + DEXAMETASONA PDA.OFTALMICA ,7,POMO,1
6,NEFROLOGIA PEDIATRICA,POLIMIXINA B + NEOMICINA + DEXAMETASONA PDA.OFTALMICA ,7,POMO,1
199,TELESALUD HV,LAGRIMAS ARTIFICIALES COLIRIO  ,8,FRASCO GOTERO,3
183,ONCOLOGIA PEDIATRICA,LAGRIMAS ARTIFICIALES COLIRIO  ,8,FRASCO GOTERO,1
150,FISIATRA (NIÑOS) ,LAGRIMAS ARTIFICIALES COLIRIO  ,8,FRASCO GOTERO,1
91,TERAPIA DEL DOLOR Y MEDICINA PALIATIVA ,LAGRIMAS ARTIFICIALES COLIRIO  ,8,FRASCO GOTERO,1
69,UNIDAD DE TRANSPLANTE,LAGRIMAS ARTIFICIALES COLIRIO  ,8,FRASCO GOTERO,1
66,NEUROLOGIA PEDIATRICA,LAGRIMAS ARTIFICIALES COLIRIO  ,8,FRASCO GOTERO,2
50,NEFROLOGIA,LAGRIMAS ARTIFICIALES COLIRIO  ,8,FRASCO GOTERO,1
49,ONCOLOGIA,LAGRIMAS ARTIFICIALES COLIRIO  ,8,FRASCO GOTERO,1
48,TERAPIA INTENSIVA,LAGRIMAS ARTIFICIALES COLIRIO  ,8,FRASCO GOTERO,1
40,OFTALMOLOGIA PEDIATRICA,LAGRIMAS ARTIFICIALES COLIRIO  ,8,FRASCO GOTERO,1
40,OFTALMOLOGIA PEDIATRICA,LAGRIMAS ARTIFICIALES COLIRIO  ,8,FRASCO GOTERO,1
25,OFTALMOLOGIA,LAGRIMAS ARTIFICIALES COLIRIO  ,8,FRASCO GOTERO,1
24,NEUROCIRUGIA,LAGRIMAS ARTIFICIALES COLIRIO  ,8,FRASCO GOTERO,1
18,FISIATRIA ADULTO,LAGRIMAS ARTIFICIALES COLIRIO  ,8,FRASCO GOTERO,1
11,CLINICA MEDICA,LAGRIMAS ARTIFICIALES COLIRIO  ,8,FRASCO GOTERO,1
9,ALERGIA E INMUNOLOGIA,LAGRIMAS ARTIFICIALES COLIRIO  ,8,FRASCO GOTERO,1
6,NEFROLOGIA PEDIATRICA,LAGRIMAS ARTIFICIALES COLIRIO  ,8,FRASCO GOTERO,1
3,NEUROLOGIA,LAGRIMAS ARTIFICIALES COLIRIO  ,8,FRASCO GOTERO,1
69,UNIDAD DE TRANSPLANTE,ACYCLOVIR 3% UNGUENTO/POMADA OFTALMICA ,27,POMO,1
47,INFECTOLOGIA,ACYCLOVIR 3% UNGUENTO/POMADA OFTALMICA ,27,POMO,1
40,OFTALMOLOGIA PEDIATRICA,ACYCLOVIR 3% UNGUENTO/POMADA OFTALMICA ,27,POMO,1
25,OFTALMOLOGIA,ACYCLOVIR 3% UNGUENTO/POMADA OFTALMICA ,27,POMO,1
69,UNIDAD DE TRANSPLANTE,CICLOFOSFAMIDA 50 MG.COMPRIMIDO,3,COMPRIMIDO,20
107,QUIMIOTERAPIA,CICLOFOSFAMIDA 50 MG.COMPRIMIDO,3,COMPRIMIDO,20
183,ONCOLOGIA PEDIATRICA,CICLOFOSFAMIDA 1 GR. INYECTABLE,2,FRASCO AMPOLLA,1
109,HEMATOLOGIA PEDIATRICA,CICLOFOSFAMIDA 1 GR. INYECTABLE,2,FRASCO AMPOLLA,1
87,REUMATOLOGIA PEDIATRICA,CICLOFOSFAMIDA 1 GR. INYECTABLE,2,FRASCO AMPOLLA,1
69,UNIDAD DE TRANSPLANTE,CICLOFOSFAMIDA 1 GR. INYECTABLE,2,FRASCO AMPOLLA,1
66,NEUROLOGIA PEDIATRICA,CICLOFOSFAMIDA 1 GR. INYECTABLE,2,FRASCO AMPOLLA,1
50,NEFROLOGIA,CICLOFOSFAMIDA 1 GR. INYECTABLE,2,FRASCO AMPOLLA,1
49,ONCOLOGIA,CICLOFOSFAMIDA 1 GR. INYECTABLE,2,FRASCO AMPOLLA,1
6,NEFROLOGIA PEDIATRICA,CICLOFOSFAMIDA 1 GR. INYECTABLE,2,FRASCO AMPOLLA,1
3,NEUROLOGIA,CICLOFOSFAMIDA 1 GR. INYECTABLE,2,FRASCO AMPOLLA,1
2,HEMATOLOGIA,CICLOFOSFAMIDA 1 GR. INYECTABLE,2,FRASCO AMPOLLA,1
1,REUMATOLOGIA,CICLOFOSFAMIDA 1 GR. INYECTABLE,2,FRASCO AMPOLLA,1
1,REUMATOLOGIA,CICLOFOSFAMIDA 1 GR. INYECTABLE,2,FRASCO AMPOLLA,1
107,QUIMIOTERAPIA,CICLOFOSFAMIDA 1 GR. INYECTABLE,2,FRASCO AMPOLLA,1
183,ONCOLOGIA PEDIATRICA,CITARABINA 100 MG.INYECTABLE    ,2,FRASCO AMPOLLA,1
109,HEMATOLOGIA PEDIATRICA,CITARABINA 100 MG.INYECTABLE    ,2,FRASCO AMPOLLA,1
49,ONCOLOGIA,CITARABINA 100 MG.INYECTABLE    ,2,FRASCO AMPOLLA,1
2,HEMATOLOGIA,CITARABINA 100 MG.INYECTABLE    ,2,FRASCO AMPOLLA,1
107,QUIMIOTERAPIA,CITARABINA 100 MG.INYECTABLE    ,2,FRASCO AMPOLLA,1
183,ONCOLOGIA PEDIATRICA,CISPLATINO 50 MG INYECTABLE,2,FRASCO AMPOLLA,1
49,ONCOLOGIA,CISPLATINO 50 MG INYECTABLE,2,FRASCO AMPOLLA,1
2,HEMATOLOGIA,CISPLATINO 50 MG INYECTABLE,2,FRASCO AMPOLLA,1
107,QUIMIOTERAPIA,CISPLATINO 50 MG INYECTABLE,2,FRASCO AMPOLLA,1
183,ONCOLOGIA PEDIATRICA,DACARBAZINA (DTIC)100MG INYECTABLE.,2,FRASCO AMPOLLA,1
109,HEMATOLOGIA PEDIATRICA,DACARBAZINA (DTIC)100MG INYECTABLE.,2,FRASCO AMPOLLA,1
49,ONCOLOGIA,DACARBAZINA (DTIC)100MG INYECTABLE.,2,FRASCO AMPOLLA,1
2,HEMATOLOGIA,DACARBAZINA (DTIC)100MG INYECTABLE.,2,FRASCO AMPOLLA,1
107,QUIMIOTERAPIA,DACARBAZINA (DTIC)100MG INYECTABLE.,2,FRASCO AMPOLLA,1
183,ONCOLOGIA PEDIATRICA,IFOSFAMIDA 1 GR.INYECTABLE,2,FRASCO AMPOLLA,1
109,HEMATOLOGIA PEDIATRICA,IFOSFAMIDA 1 GR.INYECTABLE,2,FRASCO AMPOLLA,1
49,ONCOLOGIA,IFOSFAMIDA 1 GR.INYECTABLE,2,FRASCO AMPOLLA,1
2,HEMATOLOGIA,IFOSFAMIDA 1 GR.INYECTABLE,2,FRASCO AMPOLLA,1
107,QUIMIOTERAPIA,IFOSFAMIDA 1 GR.INYECTABLE,2,FRASCO AMPOLLA,1
109,HEMATOLOGIA PEDIATRICA,VIMBLASTINA 10 MG INYECTABLE,2,AMPOLLA,1
2,HEMATOLOGIA,VIMBLASTINA 10 MG INYECTABLE,2,AMPOLLA,1
183,ONCOLOGIA PEDIATRICA,VINCRISTINA SULFATO 1 MG.INYECTABLE,2,FRASCO AMPOLLA,1
109,HEMATOLOGIA PEDIATRICA,VINCRISTINA SULFATO 1 MG.INYECTABLE,2,FRASCO AMPOLLA,1
49,ONCOLOGIA,VINCRISTINA SULFATO 1 MG.INYECTABLE,2,FRASCO AMPOLLA,1
2,HEMATOLOGIA,VINCRISTINA SULFATO 1 MG.INYECTABLE,2,FRASCO AMPOLLA,1
107,QUIMIOTERAPIA,VINCRISTINA SULFATO 1 MG.INYECTABLE,2,FRASCO AMPOLLA,1
183,ONCOLOGIA PEDIATRICA,ETOPOSIDE 100 MG/5ML.INYECTABLE,2,FRASCO AMPOLLA ,1
109,HEMATOLOGIA PEDIATRICA,ETOPOSIDE 100 MG/5ML.INYECTABLE,2,FRASCO AMPOLLA ,1
49,ONCOLOGIA,ETOPOSIDE 100 MG/5ML.INYECTABLE,2,FRASCO AMPOLLA ,1
2,HEMATOLOGIA,ETOPOSIDE 100 MG/5ML.INYECTABLE,2,FRASCO AMPOLLA ,1
107,QUIMIOTERAPIA,ETOPOSIDE 100 MG/5ML.INYECTABLE,2,FRASCO AMPOLLA ,1
183,ONCOLOGIA PEDIATRICA,DOXORRUBICINA (ADRIAMICINA) 10 MG INYECTABLE,2,VIAL,1
109,HEMATOLOGIA PEDIATRICA,DOXORRUBICINA (ADRIAMICINA) 10 MG INYECTABLE,2,VIAL,1
49,ONCOLOGIA,DOXORRUBICINA (ADRIAMICINA) 10 MG INYECTABLE,2,VIAL,1
2,HEMATOLOGIA,DOXORRUBICINA (ADRIAMICINA) 10 MG INYECTABLE,2,VIAL,1
107,QUIMIOTERAPIA,DOXORRUBICINA (ADRIAMICINA) 10 MG INYECTABLE,2,VIAL,1
183,ONCOLOGIA PEDIATRICA,DOXORRUBICINA (ADRIAMICINA) 50 MG INYECTABLE,2,VIAL,1
109,HEMATOLOGIA PEDIATRICA,DOXORRUBICINA (ADRIAMICINA) 50 MG INYECTABLE,2,VIAL,1
49,ONCOLOGIA,DOXORRUBICINA (ADRIAMICINA) 50 MG INYECTABLE,2,VIAL,1
2,HEMATOLOGIA,DOXORRUBICINA (ADRIAMICINA) 50 MG INYECTABLE,2,VIAL,1
107,QUIMIOTERAPIA,DOXORRUBICINA (ADRIAMICINA) 50 MG INYECTABLE,2,VIAL,1
183,ONCOLOGIA PEDIATRICA,BLEOMICINA 15 MG.INYECTABLE,2,AMPOLLA ,1
109,HEMATOLOGIA PEDIATRICA,BLEOMICINA 15 MG.INYECTABLE,2,AMPOLLA ,1
49,ONCOLOGIA,BLEOMICINA 15 MG.INYECTABLE,2,AMPOLLA ,1
2,HEMATOLOGIA,BLEOMICINA 15 MG.INYECTABLE,2,AMPOLLA ,1
107,QUIMIOTERAPIA,BLEOMICINA 15 MG.INYECTABLE,2,AMPOLLA ,1
109,HEMATOLOGIA PEDIATRICA,MITOXANTRONA INYECTABLE,2,FRASCO AMPOLLA 20MG,1
3,NEUROLOGIA,MITOXANTRONA INYECTABLE,2,FRASCO AMPOLLA 20MG,1
2,HEMATOLOGIA,MITOXANTRONA INYECTABLE,2,FRASCO AMPOLLA 20MG,1
107,QUIMIOTERAPIA,MITOXANTRONA INYECTABLE,2,FRASCO AMPOLLA 20MG,1
49,ONCOLOGIA,FLUORURACILO 250 MG INYECTABLE.,2,FRASCO AMPOLLA,1
25,OFTALMOLOGIA,FLUORURACILO 250 MG INYECTABLE.,2,FRASCO AMPOLLA,1
107,QUIMIOTERAPIA,FLUORURACILO 250 MG INYECTABLE.,2,FRASCO AMPOLLA,1
183,ONCOLOGIA PEDIATRICA,MERCAPTOPURINA 50 MG.COMPRIMIDO/TABLETA,3,COMPRIMIDO,20
109,HEMATOLOGIA PEDIATRICA,MERCAPTOPURINA 50 MG.COMPRIMIDO/TABLETA,3,COMPRIMIDO,20
2,HEMATOLOGIA,MERCAPTOPURINA 50 MG.COMPRIMIDO/TABLETA,3,COMPRIMIDO,20
2,HEMATOLOGIA,MERCAPTOPURINA 50 MG.COMPRIMIDO/TABLETA,3,COMPRIMIDO,20
2,HEMATOLOGIA,MERCAPTOPURINA 50 MG.COMPRIMIDO/TABLETA,3,COMPRIMIDO,20
107,QUIMIOTERAPIA,MERCAPTOPURINA 50 MG.COMPRIMIDO/TABLETA,3,COMPRIMIDO,20
183,ONCOLOGIA PEDIATRICA,METOTREXATO 50 MG.INYECTABLE,2,FRASCO AMPOLLA,1
109,HEMATOLOGIA PEDIATRICA,METOTREXATO 50 MG.INYECTABLE,2,FRASCO AMPOLLA,1
87,REUMATOLOGIA PEDIATRICA,METOTREXATO 50 MG.INYECTABLE,2,FRASCO AMPOLLA,1
69,UNIDAD DE TRANSPLANTE,METOTREXATO 50 MG.INYECTABLE,2,FRASCO AMPOLLA,1
50,NEFROLOGIA,METOTREXATO 50 MG.INYECTABLE,2,FRASCO AMPOLLA,1
49,ONCOLOGIA,METOTREXATO 50 MG.INYECTABLE,2,FRASCO AMPOLLA,1
42,DERMATOLOGIA PEDIATRICA,METOTREXATO 50 MG.INYECTABLE,2,FRASCO AMPOLLA,1
31,OBSTETRICIA,METOTREXATO 50 MG.INYECTABLE,2,FRASCO AMPOLLA,1
31,OBSTETRICIA,METOTREXATO 50 MG.INYECTABLE,2,FRASCO AMPOLLA,1
8,DERMATOLOGIA,METOTREXATO 50 MG.INYECTABLE,2,FRASCO AMPOLLA,1
6,NEFROLOGIA PEDIATRICA,METOTREXATO 50 MG.INYECTABLE,2,FRASCO AMPOLLA,1
2,HEMATOLOGIA,METOTREXATO 50 MG.INYECTABLE,2,FRASCO AMPOLLA,1
1,REUMATOLOGIA,METOTREXATO 50 MG.INYECTABLE,2,FRASCO AMPOLLA,1
1,REUMATOLOGIA,METOTREXATO 50 MG.INYECTABLE,2,FRASCO AMPOLLA,1
107,QUIMIOTERAPIA,METOTREXATO 50 MG.INYECTABLE,2,FRASCO AMPOLLA,1
183,ONCOLOGIA PEDIATRICA,METOTREXATO 500 MG.INYECTABLE,2,FRASCO AMPOLLA,1
109,HEMATOLOGIA PEDIATRICA,METOTREXATO 500 MG.INYECTABLE,2,FRASCO AMPOLLA,1
87,REUMATOLOGIA PEDIATRICA,METOTREXATO 500 MG.INYECTABLE,2,FRASCO AMPOLLA,1
69,UNIDAD DE TRANSPLANTE,METOTREXATO 500 MG.INYECTABLE,2,FRASCO AMPOLLA,1
50,NEFROLOGIA,METOTREXATO 500 MG.INYECTABLE,2,FRASCO AMPOLLA,1
49,ONCOLOGIA,METOTREXATO 500 MG.INYECTABLE,2,FRASCO AMPOLLA,1
6,NEFROLOGIA PEDIATRICA,METOTREXATO 500 MG.INYECTABLE,2,FRASCO AMPOLLA,1
2,HEMATOLOGIA,METOTREXATO 500 MG.INYECTABLE,2,FRASCO AMPOLLA,1
107,QUIMIOTERAPIA,METOTREXATO 500 MG.INYECTABLE,2,FRASCO AMPOLLA,1
183,ONCOLOGIA PEDIATRICA,"METOTREXATO 2,5 MG.",3,COMPRIMIDO,20
109,HEMATOLOGIA PEDIATRICA,"METOTREXATO 2,5 MG.",3,COMPRIMIDO,20
87,REUMATOLOGIA PEDIATRICA,"METOTREXATO 2,5 MG.",3,COMPRIMIDO,20
86,NEUMOLOGIA PEDIATRICA,"METOTREXATO 2,5 MG.",3,COMPRIMIDO,1
69,UNIDAD DE TRANSPLANTE,"METOTREXATO 2,5 MG.",3,COMPRIMIDO,20
56,NEUMOLOGIA,"METOTREXATO 2,5 MG.",3,COMPRIMIDO,1
50,NEFROLOGIA,"METOTREXATO 2,5 MG.",3,COMPRIMIDO,20
42,DERMATOLOGIA PEDIATRICA,"METOTREXATO 2,5 MG.",3,COMPRIMIDO,20
34,GINECOLOGIA,"METOTREXATO 2,5 MG.",3,COMPRIMIDO,20
33,GINECO-OBSTETRICIA,"METOTREXATO 2,5 MG.",3,COMPRIMIDO,20
31,OBSTETRICIA,"METOTREXATO 2,5 MG.",3,COMPRIMIDO,20
9,ALERGIA E INMUNOLOGIA,"METOTREXATO 2,5 MG.",3,COMPRIMIDO,1
8,DERMATOLOGIA,"METOTREXATO 2,5 MG.",3,COMPRIMIDO,20
6,NEFROLOGIA PEDIATRICA,"METOTREXATO 2,5 MG.",3,COMPRIMIDO,20
2,HEMATOLOGIA,"METOTREXATO 2,5 MG.",3,COMPRIMIDO,20
1,REUMATOLOGIA,"METOTREXATO 2,5 MG.",3,COMPRIMIDO,20
1,REUMATOLOGIA,"METOTREXATO 2,5 MG.",3,COMPRIMIDO,20
107,QUIMIOTERAPIA,"METOTREXATO 2,5 MG.",3,COMPRIMIDO,20
183,ONCOLOGIA PEDIATRICA,AZATIOPRINA 50MG ,3,UNIDAD,20
110,HEMATOLOGIA CRONICOS,AZATIOPRINA 50MG ,3,UNIDAD,20
109,HEMATOLOGIA PEDIATRICA,AZATIOPRINA 50MG ,3,UNIDAD,20
97,SALUD OCUPACIONAL,AZATIOPRINA 50MG ,3,UNIDAD,1
89,GERIATRIA,AZATIOPRINA 50MG ,3,UNIDAD,1
89,GERIATRIA,AZATIOPRINA 50MG ,3,UNIDAD,1
87,REUMATOLOGIA PEDIATRICA,AZATIOPRINA 50MG ,3,UNIDAD,1
87,REUMATOLOGIA PEDIATRICA,AZATIOPRINA 50MG ,3,UNIDAD,20
69,UNIDAD DE TRANSPLANTE,AZATIOPRINA 50MG ,3,UNIDAD,20
66,NEUROLOGIA PEDIATRICA,AZATIOPRINA 50MG ,3,UNIDAD,120
60,GASTROENTEROLOGIA PEDIATRICA,AZATIOPRINA 50MG ,3,UNIDAD,1
60,GASTROENTEROLOGIA PEDIATRICA,AZATIOPRINA 50MG ,3,UNIDAD,20
58,MASTOLOGIA,AZATIOPRINA 50MG ,3,UNIDAD,1
50,NEFROLOGIA,AZATIOPRINA 50MG ,3,UNIDAD,20
49,ONCOLOGIA,AZATIOPRINA 50MG ,3,UNIDAD,1
49,ONCOLOGIA,AZATIOPRINA 50MG ,3,UNIDAD,20
42,DERMATOLOGIA PEDIATRICA,AZATIOPRINA 50MG ,3,UNIDAD,1
42,DERMATOLOGIA PEDIATRICA,AZATIOPRINA 50MG ,3,UNIDAD,20
10,GASTROENTEROLOGIA,AZATIOPRINA 50MG ,3,UNIDAD,1
10,GASTROENTEROLOGIA,AZATIOPRINA 50MG ,3,UNIDAD,1
8,DERMATOLOGIA,AZATIOPRINA 50MG ,3,UNIDAD,1
6,NEFROLOGIA PEDIATRICA,AZATIOPRINA 50MG ,3,UNIDAD,1
3,NEUROLOGIA,AZATIOPRINA 50MG ,3,UNIDAD,1
3,NEUROLOGIA,AZATIOPRINA 50MG ,3,UNIDAD,20
2,HEMATOLOGIA,AZATIOPRINA 50MG ,3,UNIDAD,1
2,HEMATOLOGIA,AZATIOPRINA 50MG ,3,UNIDAD,20
1,REUMATOLOGIA,AZATIOPRINA 50MG ,3,UNIDAD,1
1,REUMATOLOGIA,AZATIOPRINA 50MG ,3,UNIDAD,20
183,ONCOLOGIA PEDIATRICA,ASPARAGINASA INYECTABLE,2,AMPOLLA 10.000 UI,1
109,HEMATOLOGIA PEDIATRICA,ASPARAGINASA INYECTABLE,2,AMPOLLA 10.000 UI,1
49,ONCOLOGIA,ASPARAGINASA INYECTABLE,2,AMPOLLA 10.000 UI,1
2,HEMATOLOGIA,ASPARAGINASA INYECTABLE,2,AMPOLLA 10.000 UI,1
107,QUIMIOTERAPIA,ASPARAGINASA INYECTABLE,2,AMPOLLA 10.000 UI,1
183,ONCOLOGIA PEDIATRICA,LEUCOVORINA CALCICA 15MG.,3,COMPRIMIDO ,20
139,INFECTOLOGIA PEDIATRICA,LEUCOVORINA CALCICA 15MG.,3,COMPRIMIDO ,20
110,HEMATOLOGIA CRONICOS,LEUCOVORINA CALCICA 15MG.,3,COMPRIMIDO ,20
109,HEMATOLOGIA PEDIATRICA,LEUCOVORINA CALCICA 15MG.,3,COMPRIMIDO ,20
69,UNIDAD DE TRANSPLANTE,LEUCOVORINA CALCICA 15MG.,3,COMPRIMIDO ,20
50,NEFROLOGIA,LEUCOVORINA CALCICA 15MG.,3,COMPRIMIDO ,20
47,INFECTOLOGIA,LEUCOVORINA CALCICA 15MG.,3,COMPRIMIDO ,20
6,NEFROLOGIA PEDIATRICA,LEUCOVORINA CALCICA 15MG.,3,COMPRIMIDO ,20
2,HEMATOLOGIA,LEUCOVORINA CALCICA 15MG.,3,COMPRIMIDO ,20
107,QUIMIOTERAPIA,LEUCOVORINA CALCICA 15MG.,3,COMPRIMIDO ,20
183,ONCOLOGIA PEDIATRICA,LEUCOVORINA CALCICA 50 MG,2,AMPOLLA / FCO. AMPOLLA,1
109,HEMATOLOGIA PEDIATRICA,LEUCOVORINA CALCICA 50 MG,2,AMPOLLA / FCO. AMPOLLA,1
69,UNIDAD DE TRANSPLANTE,LEUCOVORINA CALCICA 50 MG,2,AMPOLLA / FCO. AMPOLLA,1
50,NEFROLOGIA,LEUCOVORINA CALCICA 50 MG,2,AMPOLLA / FCO. AMPOLLA,1
49,ONCOLOGIA,LEUCOVORINA CALCICA 50 MG,2,AMPOLLA / FCO. AMPOLLA,1
6,NEFROLOGIA PEDIATRICA,LEUCOVORINA CALCICA 50 MG,2,AMPOLLA / FCO. AMPOLLA,1
2,HEMATOLOGIA,LEUCOVORINA CALCICA 50 MG,2,AMPOLLA / FCO. AMPOLLA,1
107,QUIMIOTERAPIA,LEUCOVORINA CALCICA 50 MG,2,AMPOLLA / FCO. AMPOLLA,1
110,HEMATOLOGIA CRONICOS,CICLOSPORINA A 100 MG,3,UNIDAD,1
109,HEMATOLOGIA PEDIATRICA,CICLOSPORINA A 100 MG,3,UNIDAD,1
87,REUMATOLOGIA PEDIATRICA,CICLOSPORINA A 100 MG,3,UNIDAD,20
86,NEUMOLOGIA PEDIATRICA,CICLOSPORINA A 100 MG,3,UNIDAD,1
69,UNIDAD DE TRANSPLANTE,CICLOSPORINA A 100 MG,3,UNIDAD,20
60,GASTROENTEROLOGIA PEDIATRICA,CICLOSPORINA A 100 MG,3,UNIDAD,20
56,NEUMOLOGIA,CICLOSPORINA A 100 MG,3,UNIDAD,1
50,NEFROLOGIA,CICLOSPORINA A 100 MG,3,UNIDAD,20
42,DERMATOLOGIA PEDIATRICA,CICLOSPORINA A 100 MG,3,UNIDAD,20
42,DERMATOLOGIA PEDIATRICA,CICLOSPORINA A 100 MG,3,UNIDAD,20
10,GASTROENTEROLOGIA,CICLOSPORINA A 100 MG,3,UNIDAD,1
9,ALERGIA E INMUNOLOGIA,CICLOSPORINA A 100 MG,3,UNIDAD,1
8,DERMATOLOGIA,CICLOSPORINA A 100 MG,3,UNIDAD,20
8,DERMATOLOGIA,CICLOSPORINA A 100 MG,3,UNIDAD,20
6,NEFROLOGIA PEDIATRICA,CICLOSPORINA A 100 MG,3,UNIDAD,20
2,HEMATOLOGIA,CICLOSPORINA A 100 MG,3,UNIDAD,20
1,REUMATOLOGIA,CICLOSPORINA A 100 MG,3,UNIDAD,20
1,REUMATOLOGIA,CICLOSPORINA A 100 MG,3,UNIDAD,20
109,HEMATOLOGIA PEDIATRICA,CICLOSPORINA 100 MG/ML,8,KIT.,1
69,UNIDAD DE TRANSPLANTE,CICLOSPORINA 100 MG/ML,8,KIT.,1
60,GASTROENTEROLOGIA PEDIATRICA,CICLOSPORINA 100 MG/ML,8,KIT.,1
50,NEFROLOGIA,CICLOSPORINA 100 MG/ML,8,KIT.,1
42,DERMATOLOGIA PEDIATRICA,CICLOSPORINA 100 MG/ML,8,KIT.,1
42,DERMATOLOGIA PEDIATRICA,CICLOSPORINA 100 MG/ML,8,KIT.,1
10,GASTROENTEROLOGIA,CICLOSPORINA 100 MG/ML,8,KIT.,1
8,DERMATOLOGIA,CICLOSPORINA 100 MG/ML,8,KIT.,1
6,NEFROLOGIA PEDIATRICA,CICLOSPORINA 100 MG/ML,8,KIT.,1
2,HEMATOLOGIA,CICLOSPORINA 100 MG/ML,8,KIT.,1
160,CLIMATERIO,GAMMA GLOBULINA HUMANA ANTITETANICA 250UI INYECTABLE,2,FCO.AMP./JER.PRELLENADA,1
170,ESTUDIOS HEMODINAMIA ,GAMMA GLOBULINA HUMANA ANTITETANICA 250UI INYECTABLE,2,FCO.AMP./JER.PRELLENADA,1
23,URGENCIAS CLINICA MEDICA,SUERO ANTIOFIDICO POLIVALENTE,2,FRASCO AMPOLLA,4
15,URGENCIAS TRAUMATOLOGIA,SUERO ANTIOFIDICO POLIVALENTE,2,FRASCO AMPOLLA,1
14,URGENCIAS PEDIATRICAS,SUERO ANTIOFIDICO POLIVALENTE,2,FRASCO AMPOLLA,4
86,NEUMOLOGIA PEDIATRICA,VACUNA BCG INYECTABLE,2, FRASCO AMPOLLA,1
37,PEDIATRIA,VACUNA BCG INYECTABLE,2, FRASCO AMPOLLA,1
101,MEDICINA FAMILIAR,VACUNA ANTIHEPATITIS B INYECTABLE,2,AMPOLLA/ JERINGA PRELLENADA,1
69,UNIDAD DE TRANSPLANTE,VACUNA ANTIHEPATITIS B INYECTABLE,2,AMPOLLA/ JERINGA PRELLENADA,1
50,NEFROLOGIA,VACUNA ANTIHEPATITIS B INYECTABLE,2,AMPOLLA/ JERINGA PRELLENADA,1
47,INFECTOLOGIA,VACUNA ANTIHEPATITIS B INYECTABLE,2,AMPOLLA/ JERINGA PRELLENADA,1
10,GASTROENTEROLOGIA,VACUNA ANTIHEPATITIS B INYECTABLE,2,AMPOLLA/ JERINGA PRELLENADA,1
6,NEFROLOGIA PEDIATRICA,VACUNA ANTIHEPATITIS B INYECTABLE,2,AMPOLLA/ JERINGA PRELLENADA,1
2,HEMATOLOGIA,VACUNA ANTIHEPATITIS B INYECTABLE,2,AMPOLLA/ JERINGA PRELLENADA,1
183,ONCOLOGIA PEDIATRICA,VITAMINA A 50000 UI,6,PERLA/CAPSULA,20
182,NUTRIOLOGIA PEDIATRICA,VITAMINA A 50000 UI,6,PERLA/CAPSULA,20
181,NEURODESARROLLO ,VITAMINA A 50000 UI,6,PERLA/CAPSULA,20
160,CLIMATERIO,VITAMINA A 50000 UI,6,PERLA/CAPSULA,20
109,HEMATOLOGIA PEDIATRICA,VITAMINA A 50000 UI,6,PERLA/CAPSULA,20
101,MEDICINA FAMILIAR,VITAMINA A 50000 UI,6,PERLA/CAPSULA,20
89,GERIATRIA,VITAMINA A 50000 UI,6,PERLA/CAPSULA,20
87,REUMATOLOGIA PEDIATRICA,VITAMINA A 50000 UI,6,PERLA/CAPSULA,20
86,NEUMOLOGIA PEDIATRICA,VITAMINA A 50000 UI,6,PERLA/CAPSULA,20
66,NEUROLOGIA PEDIATRICA,VITAMINA A 50000 UI,6,PERLA/CAPSULA,30
60,GASTROENTEROLOGIA PEDIATRICA,VITAMINA A 50000 UI,6,PERLA/CAPSULA,20
58,MASTOLOGIA,VITAMINA A 50000 UI,6,PERLA/CAPSULA,20
42,DERMATOLOGIA PEDIATRICA,VITAMINA A 50000 UI,6,PERLA/CAPSULA,20
22,OTORRINOLARINGOLOGIA,VITAMINA A 50000 UI,6,PERLA/CAPSULA,20
11,CLINICA MEDICA,VITAMINA A 50000 UI,6,PERLA/CAPSULA,20
8,DERMATOLOGIA,VITAMINA A 50000 UI,6,PERLA/CAPSULA,20
8,DERMATOLOGIA,VITAMINA A 50000 UI,6,PERLA/CAPSULA,20
6,NEFROLOGIA PEDIATRICA,VITAMINA A 50000 UI,6,PERLA/CAPSULA,20
5,CARDIOLOGIA PEDIATRICA,VITAMINA A 50000 UI,6,PERLA/CAPSULA,20
4,ENDOCRINOLOGIA,VITAMINA A 50000 UI,6,PERLA/CAPSULA,20
177,PSIQUIATRIA INFANTIL,VITAMINA A 50000 UI,6,PERLA/CAPSULA,20
170,ESTUDIOS HEMODINAMIA ,VITAMINA A 50000 UI,6,PERLA/CAPSULA,30
182,NUTRIOLOGIA PEDIATRICA,VITAMINA A + C + D,8,FRASCO GOTERO ,1
181,NEURODESARROLLO ,VITAMINA A + C + D,8,FRASCO GOTERO ,1
78,TERAPIA INTENSIVA NINOS,VITAMINA A + C + D,8,FRASCO GOTERO ,1
77,NEONATOLOGIA,VITAMINA A + C + D,8,FRASCO GOTERO ,1
37,PEDIATRIA,VITAMINA A + C + D,8,FRASCO GOTERO ,1
6,NEFROLOGIA PEDIATRICA,VITAMINA A + C + D,8,FRASCO GOTERO ,1
217,TRAUMATOLOGIA TUMORES,COMPLEJO B(B1+B6+B12)200MG O +100MG O+1000MCG 0+,3,COMPR.RECUBIERTO/CAPSULA,20
216,TRAUMATOLOGIA RODILLA,COMPLEJO B(B1+B6+B12)200MG O +100MG O+1000MCG 0+,3,COMPR.RECUBIERTO/CAPSULA,20
215,TRAUMATOLOGIA HOMBRO Y CODO,COMPLEJO B(B1+B6+B12)200MG O +100MG O+1000MCG 0+,3,COMPR.RECUBIERTO/CAPSULA,20
214,TRAUMATOLOGIA PIE Y TOBILLO,COMPLEJO B(B1+B6+B12)200MG O +100MG O+1000MCG 0+,3,COMPR.RECUBIERTO/CAPSULA,20
213,TRAUMATOLOGIA MANO Y ANTEBRAZO,COMPLEJO B(B1+B6+B12)200MG O +100MG O+1000MCG 0+,3,COMPR.RECUBIERTO/CAPSULA,20
212,TRAUMATOLOGIA CADERA,COMPLEJO B(B1+B6+B12)200MG O +100MG O+1000MCG 0+,3,COMPR.RECUBIERTO/CAPSULA,20
211,TRAUMATOLOGIA COLUMNA,COMPLEJO B(B1+B6+B12)200MG O +100MG O+1000MCG 0+,3,COMPR.RECUBIERTO/CAPSULA,20
199,TELESALUD HV,COMPLEJO B(B1+B6+B12)200MG O +100MG O+1000MCG 0+,3,COMPR.RECUBIERTO/CAPSULA,1
183,ONCOLOGIA PEDIATRICA,COMPLEJO B(B1+B6+B12)200MG O +100MG O+1000MCG 0+,3,COMPR.RECUBIERTO/CAPSULA,20
182,NUTRIOLOGIA PEDIATRICA,COMPLEJO B(B1+B6+B12)200MG O +100MG O+1000MCG 0+,3,COMPR.RECUBIERTO/CAPSULA,20
181,NEURODESARROLLO ,COMPLEJO B(B1+B6+B12)200MG O +100MG O+1000MCG 0+,3,COMPR.RECUBIERTO/CAPSULA,20
160,CLIMATERIO,COMPLEJO B(B1+B6+B12)200MG O +100MG O+1000MCG 0+,3,COMPR.RECUBIERTO/CAPSULA,20
139,INFECTOLOGIA PEDIATRICA,COMPLEJO B(B1+B6+B12)200MG O +100MG O+1000MCG 0+,3,COMPR.RECUBIERTO/CAPSULA,20
110,HEMATOLOGIA CRONICOS,COMPLEJO B(B1+B6+B12)200MG O +100MG O+1000MCG 0+,3,COMPR.RECUBIERTO/CAPSULA,20
109,HEMATOLOGIA PEDIATRICA,COMPLEJO B(B1+B6+B12)200MG O +100MG O+1000MCG 0+,3,COMPR.RECUBIERTO/CAPSULA,20
101,MEDICINA FAMILIAR,COMPLEJO B(B1+B6+B12)200MG O +100MG O+1000MCG 0+,3,COMPR.RECUBIERTO/CAPSULA,20
91,TERAPIA DEL DOLOR Y MEDICINA PALIATIVA ,COMPLEJO B(B1+B6+B12)200MG O +100MG O+1000MCG 0+,3,COMPR.RECUBIERTO/CAPSULA,20
89,GERIATRIA,COMPLEJO B(B1+B6+B12)200MG O +100MG O+1000MCG 0+,3,COMPR.RECUBIERTO/CAPSULA,20
87,REUMATOLOGIA PEDIATRICA,COMPLEJO B(B1+B6+B12)200MG O +100MG O+1000MCG 0+,3,COMPR.RECUBIERTO/CAPSULA,20
86,NEUMOLOGIA PEDIATRICA,COMPLEJO B(B1+B6+B12)200MG O +100MG O+1000MCG 0+,3,COMPR.RECUBIERTO/CAPSULA,20
69,UNIDAD DE TRANSPLANTE,COMPLEJO B(B1+B6+B12)200MG O +100MG O+1000MCG 0+,3,COMPR.RECUBIERTO/CAPSULA,20
66,NEUROLOGIA PEDIATRICA,COMPLEJO B(B1+B6+B12)200MG O +100MG O+1000MCG 0+,3,COMPR.RECUBIERTO/CAPSULA,60
66,NEUROLOGIA PEDIATRICA,COMPLEJO B(B1+B6+B12)200MG O +100MG O+1000MCG 0+,3,COMPR.RECUBIERTO/CAPSULA,1
60,GASTROENTEROLOGIA PEDIATRICA,COMPLEJO B(B1+B6+B12)200MG O +100MG O+1000MCG 0+,3,COMPR.RECUBIERTO/CAPSULA,20
58,MASTOLOGIA,COMPLEJO B(B1+B6+B12)200MG O +100MG O+1000MCG 0+,3,COMPR.RECUBIERTO/CAPSULA,20
57,DIABETOLOGIA,COMPLEJO B(B1+B6+B12)200MG O +100MG O+1000MCG 0+,3,COMPR.RECUBIERTO/CAPSULA,20
50,NEFROLOGIA,COMPLEJO B(B1+B6+B12)200MG O +100MG O+1000MCG 0+,3,COMPR.RECUBIERTO/CAPSULA,20
42,DERMATOLOGIA PEDIATRICA,COMPLEJO B(B1+B6+B12)200MG O +100MG O+1000MCG 0+,3,COMPR.RECUBIERTO/CAPSULA,20
37,PEDIATRIA,COMPLEJO B(B1+B6+B12)200MG O +100MG O+1000MCG 0+,3,COMPR.RECUBIERTO/CAPSULA,20
34,GINECOLOGIA,COMPLEJO B(B1+B6+B12)200MG O +100MG O+1000MCG 0+,3,COMPR.RECUBIERTO/CAPSULA,20
31,OBSTETRICIA,COMPLEJO B(B1+B6+B12)200MG O +100MG O+1000MCG 0+,3,COMPR.RECUBIERTO/CAPSULA,20
22,OTORRINOLARINGOLOGIA,COMPLEJO B(B1+B6+B12)200MG O +100MG O+1000MCG 0+,3,COMPR.RECUBIERTO/CAPSULA,20
18,FISIATRIA ADULTO,COMPLEJO B(B1+B6+B12)200MG O +100MG O+1000MCG 0+,3,COMPR.RECUBIERTO/CAPSULA,20
16,TRAUMATOLOGIA GENERAL,COMPLEJO B(B1+B6+B12)200MG O +100MG O+1000MCG 0+,3,COMPR.RECUBIERTO/CAPSULA,20
12,CARDIOLOGIA,COMPLEJO B(B1+B6+B12)200MG O +100MG O+1000MCG 0+,3,COMPR.RECUBIERTO/CAPSULA,20
11,CLINICA MEDICA,COMPLEJO B(B1+B6+B12)200MG O +100MG O+1000MCG 0+,3,COMPR.RECUBIERTO/CAPSULA,20
11,CLINICA MEDICA,COMPLEJO B(B1+B6+B12)200MG O +100MG O+1000MCG 0+,3,COMPR.RECUBIERTO/CAPSULA,20
11,CLINICA MEDICA,COMPLEJO B(B1+B6+B12)200MG O +100MG O+1000MCG 0+,3,COMPR.RECUBIERTO/CAPSULA,20
7,SIQUIATRIA,COMPLEJO B(B1+B6+B12)200MG O +100MG O+1000MCG 0+,3,COMPR.RECUBIERTO/CAPSULA,1
6,NEFROLOGIA PEDIATRICA,COMPLEJO B(B1+B6+B12)200MG O +100MG O+1000MCG 0+,3,COMPR.RECUBIERTO/CAPSULA,20
6,NEFROLOGIA PEDIATRICA,COMPLEJO B(B1+B6+B12)200MG O +100MG O+1000MCG 0+,3,COMPR.RECUBIERTO/CAPSULA,20
5,CARDIOLOGIA PEDIATRICA,COMPLEJO B(B1+B6+B12)200MG O +100MG O+1000MCG 0+,3,COMPR.RECUBIERTO/CAPSULA,20
4,ENDOCRINOLOGIA,COMPLEJO B(B1+B6+B12)200MG O +100MG O+1000MCG 0+,3,COMPR.RECUBIERTO/CAPSULA,20
3,NEUROLOGIA,COMPLEJO B(B1+B6+B12)200MG O +100MG O+1000MCG 0+,3,COMPR.RECUBIERTO/CAPSULA,20
2,HEMATOLOGIA,COMPLEJO B(B1+B6+B12)200MG O +100MG O+1000MCG 0+,3,COMPR.RECUBIERTO/CAPSULA,20
2,HEMATOLOGIA,COMPLEJO B(B1+B6+B12)200MG O +100MG O+1000MCG 0+,3,COMPR.RECUBIERTO/CAPSULA,20
1,REUMATOLOGIA,COMPLEJO B(B1+B6+B12)200MG O +100MG O+1000MCG 0+,3,COMPR.RECUBIERTO/CAPSULA,20
1,REUMATOLOGIA,COMPLEJO B(B1+B6+B12)200MG O +100MG O+1000MCG 0+,3,COMPR.RECUBIERTO/CAPSULA,20
177,PSIQUIATRIA INFANTIL,COMPLEJO B(B1+B6+B12)200MG O +100MG O+1000MCG 0+,3,COMPR.RECUBIERTO/CAPSULA,20
170,ESTUDIOS HEMODINAMIA ,COMPLEJO B(B1+B6+B12)200MG O +100MG O+1000MCG 0+,3,COMPR.RECUBIERTO/CAPSULA,30
204,UNIDAD DE OBSTETRICIA,POLIVITAMINICO CON O SIN MINERALES ,3,COMPRIMIDO,20
199,TELESALUD HV,POLIVITAMINICO CON O SIN MINERALES ,3,COMPRIMIDO,30
182,NUTRIOLOGIA PEDIATRICA,POLIVITAMINICO CON O SIN MINERALES ,3,COMPRIMIDO,20
181,NEURODESARROLLO ,POLIVITAMINICO CON O SIN MINERALES ,3,COMPRIMIDO,20
160,CLIMATERIO,POLIVITAMINICO CON O SIN MINERALES ,3,COMPRIMIDO,20
139,INFECTOLOGIA PEDIATRICA,POLIVITAMINICO CON O SIN MINERALES ,3,COMPRIMIDO,20
110,HEMATOLOGIA CRONICOS,POLIVITAMINICO CON O SIN MINERALES ,3,COMPRIMIDO,20
109,HEMATOLOGIA PEDIATRICA,POLIVITAMINICO CON O SIN MINERALES ,3,COMPRIMIDO,20
101,MEDICINA FAMILIAR,POLIVITAMINICO CON O SIN MINERALES ,3,COMPRIMIDO,20
87,REUMATOLOGIA PEDIATRICA,POLIVITAMINICO CON O SIN MINERALES ,3,COMPRIMIDO,20
86,NEUMOLOGIA PEDIATRICA,POLIVITAMINICO CON O SIN MINERALES ,3,COMPRIMIDO,20
66,NEUROLOGIA PEDIATRICA,POLIVITAMINICO CON O SIN MINERALES ,3,COMPRIMIDO,60
60,GASTROENTEROLOGIA PEDIATRICA,POLIVITAMINICO CON O SIN MINERALES ,3,COMPRIMIDO,20
58,MASTOLOGIA,POLIVITAMINICO CON O SIN MINERALES ,3,COMPRIMIDO,20
56,NEUMOLOGIA,POLIVITAMINICO CON O SIN MINERALES ,3,COMPRIMIDO,20
50,NEFROLOGIA,POLIVITAMINICO CON O SIN MINERALES ,3,COMPRIMIDO,20
34,GINECOLOGIA,POLIVITAMINICO CON O SIN MINERALES ,3,COMPRIMIDO,20
22,OTORRINOLARINGOLOGIA,POLIVITAMINICO CON O SIN MINERALES ,3,COMPRIMIDO,20
12,CARDIOLOGIA,POLIVITAMINICO CON O SIN MINERALES ,3,COMPRIMIDO,20
11,CLINICA MEDICA,POLIVITAMINICO CON O SIN MINERALES ,3,COMPRIMIDO,20
9,ALERGIA E INMUNOLOGIA,POLIVITAMINICO CON O SIN MINERALES ,3,COMPRIMIDO,20
7,SIQUIATRIA,POLIVITAMINICO CON O SIN MINERALES ,3,COMPRIMIDO,1
6,NEFROLOGIA PEDIATRICA,POLIVITAMINICO CON O SIN MINERALES ,3,COMPRIMIDO,20
5,CARDIOLOGIA PEDIATRICA,POLIVITAMINICO CON O SIN MINERALES ,3,COMPRIMIDO,20
4,ENDOCRINOLOGIA,POLIVITAMINICO CON O SIN MINERALES ,3,COMPRIMIDO,20
2,HEMATOLOGIA,POLIVITAMINICO CON O SIN MINERALES ,3,COMPRIMIDO,20
177,PSIQUIATRIA INFANTIL,POLIVITAMINICO CON O SIN MINERALES ,3,COMPRIMIDO,20
170,ESTUDIOS HEMODINAMIA ,POLIVITAMINICO CON O SIN MINERALES ,3,COMPRIMIDO,30
183,ONCOLOGIA PEDIATRICA,VITAMINA C 100-200 MG/ML SOLUCION,8,FRASCO GOTERO 15- 30 ML,1
182,NUTRIOLOGIA PEDIATRICA,VITAMINA C 100-200 MG/ML SOLUCION,8,FRASCO GOTERO 15- 30 ML,1
181,NEURODESARROLLO ,VITAMINA C 100-200 MG/ML SOLUCION,8,FRASCO GOTERO 15- 30 ML,1
101,MEDICINA FAMILIAR,VITAMINA C 100-200 MG/ML SOLUCION,8,FRASCO GOTERO 15- 30 ML,1
87,REUMATOLOGIA PEDIATRICA,VITAMINA C 100-200 MG/ML SOLUCION,8,FRASCO GOTERO 15- 30 ML,1
86,NEUMOLOGIA PEDIATRICA,VITAMINA C 100-200 MG/ML SOLUCION,8,FRASCO GOTERO 15- 30 ML,1
60,GASTROENTEROLOGIA PEDIATRICA,VITAMINA C 100-200 MG/ML SOLUCION,8,FRASCO GOTERO 15- 30 ML,1
58,MASTOLOGIA,VITAMINA C 100-200 MG/ML SOLUCION,8,FRASCO GOTERO 15- 30 ML,1
42,DERMATOLOGIA PEDIATRICA,VITAMINA C 100-200 MG/ML SOLUCION,8,FRASCO GOTERO 15- 30 ML,1
21,UROLOGIA,VITAMINA C 100-200 MG/ML SOLUCION,8,FRASCO GOTERO 15- 30 ML,1
11,CLINICA MEDICA,VITAMINA C 100-200 MG/ML SOLUCION,8,FRASCO GOTERO 15- 30 ML,1
9,ALERGIA E INMUNOLOGIA,VITAMINA C 100-200 MG/ML SOLUCION,8,FRASCO GOTERO 15- 30 ML,1
6,NEFROLOGIA PEDIATRICA,VITAMINA C 100-200 MG/ML SOLUCION,8,FRASCO GOTERO 15- 30 ML,1
5,CARDIOLOGIA PEDIATRICA,VITAMINA C 100-200 MG/ML SOLUCION,8,FRASCO GOTERO 15- 30 ML,1
177,PSIQUIATRIA INFANTIL,VITAMINA C 100-200 MG/ML SOLUCION,8,FRASCO GOTERO 15- 30 ML,1
170,ESTUDIOS HEMODINAMIA ,VITAMINA C 100-200 MG/ML SOLUCION,8,FRASCO GOTERO 15- 30 ML,2
217,TRAUMATOLOGIA TUMORES,VITAMINA C 500 MG ,3,COMPRIMIDO,20
216,TRAUMATOLOGIA RODILLA,VITAMINA C 500 MG ,3,COMPRIMIDO,20
215,TRAUMATOLOGIA HOMBRO Y CODO,VITAMINA C 500 MG ,3,COMPRIMIDO,20
214,TRAUMATOLOGIA PIE Y TOBILLO,VITAMINA C 500 MG ,3,COMPRIMIDO,20
213,TRAUMATOLOGIA MANO Y ANTEBRAZO,VITAMINA C 500 MG ,3,COMPRIMIDO,20
212,TRAUMATOLOGIA CADERA,VITAMINA C 500 MG ,3,COMPRIMIDO,20
211,TRAUMATOLOGIA COLUMNA,VITAMINA C 500 MG ,3,COMPRIMIDO,20
204,UNIDAD DE OBSTETRICIA,VITAMINA C 500 MG ,3,COMPRIMIDO,20
183,ONCOLOGIA PEDIATRICA,VITAMINA C 500 MG ,3,COMPRIMIDO,20
182,NUTRIOLOGIA PEDIATRICA,VITAMINA C 500 MG ,3,COMPRIMIDO,20
181,NEURODESARROLLO ,VITAMINA C 500 MG ,3,COMPRIMIDO,20
160,CLIMATERIO,VITAMINA C 500 MG ,3,COMPRIMIDO,20
110,HEMATOLOGIA CRONICOS,VITAMINA C 500 MG ,3,COMPRIMIDO,20
109,HEMATOLOGIA PEDIATRICA,VITAMINA C 500 MG ,3,COMPRIMIDO,20
101,MEDICINA FAMILIAR,VITAMINA C 500 MG ,3,COMPRIMIDO,20
101,MEDICINA FAMILIAR,VITAMINA C 500 MG ,3,COMPRIMIDO,20
91,TERAPIA DEL DOLOR Y MEDICINA PALIATIVA ,VITAMINA C 500 MG ,3,COMPRIMIDO,20
91,TERAPIA DEL DOLOR Y MEDICINA PALIATIVA ,VITAMINA C 500 MG ,3,COMPRIMIDO,20
87,REUMATOLOGIA PEDIATRICA,VITAMINA C 500 MG ,3,COMPRIMIDO,20
86,NEUMOLOGIA PEDIATRICA,VITAMINA C 500 MG ,3,COMPRIMIDO,20
60,GASTROENTEROLOGIA PEDIATRICA,VITAMINA C 500 MG ,3,COMPRIMIDO,20
58,MASTOLOGIA,VITAMINA C 500 MG ,3,COMPRIMIDO,20
56,NEUMOLOGIA,VITAMINA C 500 MG ,3,COMPRIMIDO,20
50,NEFROLOGIA,VITAMINA C 500 MG ,3,COMPRIMIDO,20
42,DERMATOLOGIA PEDIATRICA,VITAMINA C 500 MG ,3,COMPRIMIDO,20
37,PEDIATRIA,VITAMINA C 500 MG ,3,COMPRIMIDO,20
34,GINECOLOGIA,VITAMINA C 500 MG ,3,COMPRIMIDO,20
34,GINECOLOGIA,VITAMINA C 500 MG ,3,COMPRIMIDO,20
33,GINECO-OBSTETRICIA,VITAMINA C 500 MG ,3,COMPRIMIDO,1
31,OBSTETRICIA,VITAMINA C 500 MG ,3,COMPRIMIDO,20
21,UROLOGIA,VITAMINA C 500 MG ,3,COMPRIMIDO,20
16,TRAUMATOLOGIA GENERAL,VITAMINA C 500 MG ,3,COMPRIMIDO,20
12,CARDIOLOGIA,VITAMINA C 500 MG ,3,COMPRIMIDO,20
11,CLINICA MEDICA,VITAMINA C 500 MG ,3,COMPRIMIDO,20
11,CLINICA MEDICA,VITAMINA C 500 MG ,3,COMPRIMIDO,20
11,CLINICA MEDICA,VITAMINA C 500 MG ,3,COMPRIMIDO,20
9,ALERGIA E INMUNOLOGIA,VITAMINA C 500 MG ,3,COMPRIMIDO,20
8,DERMATOLOGIA,VITAMINA C 500 MG ,3,COMPRIMIDO,20
8,DERMATOLOGIA,VITAMINA C 500 MG ,3,COMPRIMIDO,20
6,NEFROLOGIA PEDIATRICA,VITAMINA C 500 MG ,3,COMPRIMIDO,20
5,CARDIOLOGIA PEDIATRICA,VITAMINA C 500 MG ,3,COMPRIMIDO,20
4,ENDOCRINOLOGIA,VITAMINA C 500 MG ,3,COMPRIMIDO,20
3,NEUROLOGIA,VITAMINA C 500 MG ,3,COMPRIMIDO,20
2,HEMATOLOGIA,VITAMINA C 500 MG ,3,COMPRIMIDO,20
1,REUMATOLOGIA,VITAMINA C 500 MG ,3,COMPRIMIDO,20
177,PSIQUIATRIA INFANTIL,VITAMINA C 500 MG ,3,COMPRIMIDO,20
170,ESTUDIOS HEMODINAMIA ,VITAMINA C 500 MG ,3,COMPRIMIDO,30
109,HEMATOLOGIA PEDIATRICA,CALCIO LACTATO/CITRATO/ACETATO 500MG CA ELEMENTAL COMP.,3,COMPRIMIDO,20
204,UNIDAD DE OBSTETRICIA,"SULFATO DE MAGNESIO 50% (0,5 G/ ML)",2,AMPOLLA,3
34,GINECOLOGIA,"SULFATO DE MAGNESIO 50% (0,5 G/ ML)",2,AMPOLLA,1
33,GINECO-OBSTETRICIA,"SULFATO DE MAGNESIO 50% (0,5 G/ ML)",2,AMPOLLA,1
31,OBSTETRICIA,"SULFATO DE MAGNESIO 50% (0,5 G/ ML)",2,AMPOLLA,1
14,URGENCIAS PEDIATRICAS,"SULFATO DE MAGNESIO 50% (0,5 G/ ML)",2,AMPOLLA,1
181,NEURODESARROLLO ,"ANTIGRIPAL(ANTITERMICO,ANTIHISTAM,DESCONG,VASOCONSTRICTOR)",3,COMPRIMIDO,20
139,INFECTOLOGIA PEDIATRICA,"ANTIGRIPAL(ANTITERMICO,ANTIHISTAM,DESCONG,VASOCONSTRICTOR)",3,COMPRIMIDO,20
101,MEDICINA FAMILIAR,"ANTIGRIPAL(ANTITERMICO,ANTIHISTAM,DESCONG,VASOCONSTRICTOR)",3,COMPRIMIDO,20
91,TERAPIA DEL DOLOR Y MEDICINA PALIATIVA ,"ANTIGRIPAL(ANTITERMICO,ANTIHISTAM,DESCONG,VASOCONSTRICTOR)",3,COMPRIMIDO,20
86,NEUMOLOGIA PEDIATRICA,"ANTIGRIPAL(ANTITERMICO,ANTIHISTAM,DESCONG,VASOCONSTRICTOR)",3,COMPRIMIDO,20
57,DIABETOLOGIA,"ANTIGRIPAL(ANTITERMICO,ANTIHISTAM,DESCONG,VASOCONSTRICTOR)",3,COMPRIMIDO,30
56,NEUMOLOGIA,"ANTIGRIPAL(ANTITERMICO,ANTIHISTAM,DESCONG,VASOCONSTRICTOR)",3,COMPRIMIDO,20
56,NEUMOLOGIA,"ANTIGRIPAL(ANTITERMICO,ANTIHISTAM,DESCONG,VASOCONSTRICTOR)",3,COMPRIMIDO,1
50,NEFROLOGIA,"ANTIGRIPAL(ANTITERMICO,ANTIHISTAM,DESCONG,VASOCONSTRICTOR)",3,COMPRIMIDO,20
42,DERMATOLOGIA PEDIATRICA,"ANTIGRIPAL(ANTITERMICO,ANTIHISTAM,DESCONG,VASOCONSTRICTOR)",3,COMPRIMIDO,20
37,PEDIATRIA,"ANTIGRIPAL(ANTITERMICO,ANTIHISTAM,DESCONG,VASOCONSTRICTOR)",3,COMPRIMIDO,20
34,GINECOLOGIA,"ANTIGRIPAL(ANTITERMICO,ANTIHISTAM,DESCONG,VASOCONSTRICTOR)",3,COMPRIMIDO,30
34,GINECOLOGIA,"ANTIGRIPAL(ANTITERMICO,ANTIHISTAM,DESCONG,VASOCONSTRICTOR)",3,COMPRIMIDO,20
12,CARDIOLOGIA,"ANTIGRIPAL(ANTITERMICO,ANTIHISTAM,DESCONG,VASOCONSTRICTOR)",3,COMPRIMIDO,20
12,CARDIOLOGIA,"ANTIGRIPAL(ANTITERMICO,ANTIHISTAM,DESCONG,VASOCONSTRICTOR)",3,COMPRIMIDO,20
11,CLINICA MEDICA,"ANTIGRIPAL(ANTITERMICO,ANTIHISTAM,DESCONG,VASOCONSTRICTOR)",3,COMPRIMIDO,20
11,CLINICA MEDICA,"ANTIGRIPAL(ANTITERMICO,ANTIHISTAM,DESCONG,VASOCONSTRICTOR)",3,COMPRIMIDO,20
4,ENDOCRINOLOGIA,"ANTIGRIPAL(ANTITERMICO,ANTIHISTAM,DESCONG,VASOCONSTRICTOR)",3,COMPRIMIDO,20
4,ENDOCRINOLOGIA,"ANTIGRIPAL(ANTITERMICO,ANTIHISTAM,DESCONG,VASOCONSTRICTOR)",3,COMPRIMIDO,20
4,ENDOCRINOLOGIA,"ANTIGRIPAL(ANTITERMICO,ANTIHISTAM,DESCONG,VASOCONSTRICTOR)",3,COMPRIMIDO,20
1,REUMATOLOGIA,"ANTIGRIPAL(ANTITERMICO,ANTIHISTAM,DESCONG,VASOCONSTRICTOR)",3,COMPRIMIDO,20
170,ESTUDIOS HEMODINAMIA ,"ANTIGRIPAL(ANTITERMICO,ANTIHISTAM,DESCONG,VASOCONSTRICTOR)",3,COMPRIMIDO,20
150,FISIATRA (NIÑOS) ,LIDOCAINA CLORHIDRATO 2%. (20MG/ML.),7,POMO 2%,1
91,TERAPIA DEL DOLOR Y MEDICINA PALIATIVA ,LIDOCAINA CLORHIDRATO 2%. (20MG/ML.),7,POMO 2%,1
86,NEUMOLOGIA PEDIATRICA,LIDOCAINA CLORHIDRATO 2%. (20MG/ML.),7,POMO 2%,1
60,GASTROENTEROLOGIA PEDIATRICA,LIDOCAINA CLORHIDRATO 2%. (20MG/ML.),7,POMO 2%,1
56,NEUMOLOGIA,LIDOCAINA CLORHIDRATO 2%. (20MG/ML.),7,POMO 2%,1
28,CIRUGIA GENERAL,LIDOCAINA CLORHIDRATO 2%. (20MG/ML.),7,POMO 2%,1
22,OTORRINOLARINGOLOGIA,LIDOCAINA CLORHIDRATO 2%. (20MG/ML.),7,POMO 2%,1
21,UROLOGIA,LIDOCAINA CLORHIDRATO 2%. (20MG/ML.),7,POMO 2%,1
18,FISIATRIA ADULTO,LIDOCAINA CLORHIDRATO 2%. (20MG/ML.),7,POMO 2%,1
11,CLINICA MEDICA,LIDOCAINA CLORHIDRATO 2%. (20MG/ML.),7,POMO 2%,1
10,GASTROENTEROLOGIA,LIDOCAINA CLORHIDRATO 2%. (20MG/ML.),7,POMO 2%,1
150,FISIATRA (NIÑOS) ,LIDOCAINA AEROSOL,13,FRASCO SPRAY 10%-20%,1
86,NEUMOLOGIA PEDIATRICA,LIDOCAINA AEROSOL,13,FRASCO SPRAY 10%-20%,1
60,GASTROENTEROLOGIA PEDIATRICA,LIDOCAINA AEROSOL,13,FRASCO SPRAY 10%-20%,1
56,NEUMOLOGIA,LIDOCAINA AEROSOL,13,FRASCO SPRAY 10%-20%,1
51,ANESTESIOLOGIA,LIDOCAINA AEROSOL,13,FRASCO SPRAY 10%-20%,1
29,PROCTOLOGIA,LIDOCAINA AEROSOL,13,FRASCO SPRAY 10%-20%,1
22,OTORRINOLARINGOLOGIA,LIDOCAINA AEROSOL,13,FRASCO SPRAY 10%-20%,1
18,FISIATRIA ADULTO,LIDOCAINA AEROSOL,13,FRASCO SPRAY 10%-20%,1
10,GASTROENTEROLOGIA,LIDOCAINA AEROSOL,13,FRASCO SPRAY 10%-20%,1
150,FISIATRA (NIÑOS) ,LIDOCAINA (SIN EPINEFRINA) 2%. (20MG/ML.),2,FRASCO AMPOLLA 2% 2OML,1
51,ANESTESIOLOGIA,LIDOCAINA (SIN EPINEFRINA) 2%. (20MG/ML.),2,FRASCO AMPOLLA 2% 2OML,1
28,CIRUGIA GENERAL,LIDOCAINA (SIN EPINEFRINA) 2%. (20MG/ML.),2,FRASCO AMPOLLA 2% 2OML,1
18,FISIATRIA ADULTO,LIDOCAINA (SIN EPINEFRINA) 2%. (20MG/ML.),2,FRASCO AMPOLLA 2% 2OML,1
1,REUMATOLOGIA,LIDOCAINA (SIN EPINEFRINA) 2%. (20MG/ML.),2,FRASCO AMPOLLA 2% 2OML,1
35,HEMODIALISIS,LIDOCAINA (SIN EPINEFRINA) 2%. (20MG/ML.),2,FRASCO AMPOLLA 2% 2OML,1
51,ANESTESIOLOGIA,LIDOCAINA CON EPINEFRINA 2%+ EPINEFRINA 1:200.000,2,FRASCO AMPOLLA 2% 20ML,1
28,CIRUGIA GENERAL,LIDOCAINA CON EPINEFRINA 2%+ EPINEFRINA 1:200.000,2,FRASCO AMPOLLA 2% 20ML,1
28,CIRUGIA GENERAL,"BUPIVACAINA HIPERBARICA 0,5% BUPIVACAINA + 8% DEXTROSA",2,AMPOLLA,1
51,ANESTESIOLOGIA,"BUPIVACAINA CON EPINEFRINA 0,5 % + EPINEFRINA 1:200.000",2,VIAL,1
28,CIRUGIA GENERAL,"BUPIVACAINA CON EPINEFRINA 0,5 % + EPINEFRINA 1:200.000",2,VIAL,1
51,ANESTESIOLOGIA,"BUPIVACAINA SIN EPINEFRINA 0,5% (5 MG/ML) ",2,VIAL,1
28,CIRUGIA GENERAL,"BUPIVACAINA SIN EPINEFRINA 0,5% (5 MG/ML) ",2,VIAL,1
51,ANESTESIOLOGIA,HALOTANO LIQUIDO ANESTESICO VOLATIL,4,FRASCO AMPOLLA,1
28,CIRUGIA GENERAL,HALOTANO LIQUIDO ANESTESICO VOLATIL,4,FRASCO AMPOLLA,1
51,ANESTESIOLOGIA,KETAMINA 500 MG (50  MG/ML.),2,AMPOLLA 50MG/ML,1
28,CIRUGIA GENERAL,KETAMINA 500 MG (50  MG/ML.),2,AMPOLLA 50MG/ML,1
28,CIRUGIA GENERAL,BESILATO DE ATRACURIO 50MG (10MG/ML),22,AMPOLLA,1
51,ANESTESIOLOGIA,THIOPENTAL SODICO 1 GR.INYECTABLE,2,FRASCO AMPOLLA,1
48,TERAPIA INTENSIVA,THIOPENTAL SODICO 1 GR.INYECTABLE,2,FRASCO AMPOLLA,1
28,CIRUGIA GENERAL,THIOPENTAL SODICO 1 GR.INYECTABLE,2,FRASCO AMPOLLA,1
48,TERAPIA INTENSIVA,"FENTANILO 100 MCG (0,05MG/ML)",2,AMPOLLA,1
28,CIRUGIA GENERAL,"FENTANILO 100 MCG (0,05MG/ML)",2,AMPOLLA,1
35,HEMODIALISIS,"FENTANILO 100 MCG (0,05MG/ML)",2,AMPOLLA,2
51,ANESTESIOLOGIA,PROPOFOL 1% (10 MG/ML.),2,AMP./FCO. AMPOLLA MD X 20 ML,1
48,TERAPIA INTENSIVA,PROPOFOL 1% (10 MG/ML.),2,AMP./FCO. AMPOLLA MD X 20 ML,1
28,CIRUGIA GENERAL,PROPOFOL 1% (10 MG/ML.),2,AMP./FCO. AMPOLLA MD X 20 ML,1
183,ONCOLOGIA PEDIATRICA,MIDAZOLAN 15MG (5MG/ML.),2,AMPOLLA,1
58,MASTOLOGIA,MIDAZOLAN 15MG (5MG/ML.),2,AMPOLLA,1
49,ONCOLOGIA,MIDAZOLAN 15MG (5MG/ML.),2,AMPOLLA,1
2,HEMATOLOGIA,MIDAZOLAN 15MG (5MG/ML.),2,AMPOLLA,1
35,HEMODIALISIS,MIDAZOLAN 15MG (5MG/ML.),2,AMPOLLA,1
23,URGENCIAS CLINICA MEDICA,MIDAZOLAN 15MG (5MG/ML.),2,AMPOLLA,1
35,HEMODIALISIS,SOLUCIÓN DEXTROSA HIPERTÓNICA 50%,4,SACHET,2
14,URGENCIAS PEDIATRICAS,CLORURO DE POTASIO 3 MOLAR (3MEQ/ML),2,AMPOLLA,1
204,UNIDAD DE OBSTETRICIA,GLUCONATO DE CALCIO 10% (100 MG/ML) ,2,AMPOLLA,1
35,HEMODIALISIS,GLUCONATO DE CALCIO 10% (100 MG/ML) ,2,AMPOLLA,2
35,HEMODIALISIS,BICARBONATO DE SODIO 1 MOLAR X 100 ML.  (LIQUIDO) ,4,SACHET,2
182,NUTRIOLOGIA PEDIATRICA,SALES DE REHIDRATACIÓN ORAL (SRO)FÓRMULA ESTÁNDAR DE LA OMS,17,SOBRE CON POLVO P/RECONSTRUIR,1
160,CLIMATERIO,SALES DE REHIDRATACIÓN ORAL (SRO)FÓRMULA ESTÁNDAR DE LA OMS,17,SOBRE CON POLVO P/RECONSTRUIR,1
109,HEMATOLOGIA PEDIATRICA,SALES DE REHIDRATACIÓN ORAL (SRO)FÓRMULA ESTÁNDAR DE LA OMS,17,SOBRE CON POLVO P/RECONSTRUIR,1
101,MEDICINA FAMILIAR,SALES DE REHIDRATACIÓN ORAL (SRO)FÓRMULA ESTÁNDAR DE LA OMS,17,SOBRE CON POLVO P/RECONSTRUIR,1
86,NEUMOLOGIA PEDIATRICA,SALES DE REHIDRATACIÓN ORAL (SRO)FÓRMULA ESTÁNDAR DE LA OMS,17,SOBRE CON POLVO P/RECONSTRUIR,1
60,GASTROENTEROLOGIA PEDIATRICA,SALES DE REHIDRATACIÓN ORAL (SRO)FÓRMULA ESTÁNDAR DE LA OMS,17,SOBRE CON POLVO P/RECONSTRUIR,1
58,MASTOLOGIA,SALES DE REHIDRATACIÓN ORAL (SRO)FÓRMULA ESTÁNDAR DE LA OMS,17,SOBRE CON POLVO P/RECONSTRUIR,1
42,DERMATOLOGIA PEDIATRICA,SALES DE REHIDRATACIÓN ORAL (SRO)FÓRMULA ESTÁNDAR DE LA OMS,17,SOBRE CON POLVO P/RECONSTRUIR,20
21,UROLOGIA,SALES DE REHIDRATACIÓN ORAL (SRO)FÓRMULA ESTÁNDAR DE LA OMS,17,SOBRE CON POLVO P/RECONSTRUIR,1
11,CLINICA MEDICA,SALES DE REHIDRATACIÓN ORAL (SRO)FÓRMULA ESTÁNDAR DE LA OMS,17,SOBRE CON POLVO P/RECONSTRUIR,1
11,CLINICA MEDICA,SALES DE REHIDRATACIÓN ORAL (SRO)FÓRMULA ESTÁNDAR DE LA OMS,17,SOBRE CON POLVO P/RECONSTRUIR,1
6,NEFROLOGIA PEDIATRICA,SALES DE REHIDRATACIÓN ORAL (SRO)FÓRMULA ESTÁNDAR DE LA OMS,17,SOBRE CON POLVO P/RECONSTRUIR,1
5,CARDIOLOGIA PEDIATRICA,SALES DE REHIDRATACIÓN ORAL (SRO)FÓRMULA ESTÁNDAR DE LA OMS,17,SOBRE CON POLVO P/RECONSTRUIR,20
4,ENDOCRINOLOGIA,SALES DE REHIDRATACIÓN ORAL (SRO)FÓRMULA ESTÁNDAR DE LA OMS,17,SOBRE CON POLVO P/RECONSTRUIR,1
170,ESTUDIOS HEMODINAMIA ,SALES DE REHIDRATACIÓN ORAL (SRO)FÓRMULA ESTÁNDAR DE LA OMS,17,SOBRE CON POLVO P/RECONSTRUIR,6
35,HEMODIALISIS,CLORURO DE SODIO 3 MOLAR  (3MEQ/ML),2,AMPOLLA,2
14,URGENCIAS PEDIATRICAS,CLORURO DE SODIO 3 MOLAR  (3MEQ/ML),2,AMPOLLA,1
217,TRAUMATOLOGIA TUMORES,DIPIRONA 500 MG.,3,COMPRIMIDO,20
216,TRAUMATOLOGIA RODILLA,DIPIRONA 500 MG.,3,COMPRIMIDO,20
215,TRAUMATOLOGIA HOMBRO Y CODO,DIPIRONA 500 MG.,3,COMPRIMIDO,20
214,TRAUMATOLOGIA PIE Y TOBILLO,DIPIRONA 500 MG.,3,COMPRIMIDO,20
213,TRAUMATOLOGIA MANO Y ANTEBRAZO,DIPIRONA 500 MG.,3,COMPRIMIDO,20
212,TRAUMATOLOGIA CADERA,DIPIRONA 500 MG.,3,COMPRIMIDO,20
211,TRAUMATOLOGIA COLUMNA,DIPIRONA 500 MG.,3,COMPRIMIDO,20
181,NEURODESARROLLO ,DIPIRONA 500 MG.,3,COMPRIMIDO,20
160,CLIMATERIO,DIPIRONA 500 MG.,3,COMPRIMIDO,20
101,MEDICINA FAMILIAR,DIPIRONA 500 MG.,3,COMPRIMIDO,20
69,UNIDAD DE TRANSPLANTE,DIPIRONA 500 MG.,3,COMPRIMIDO,20
57,DIABETOLOGIA,DIPIRONA 500 MG.,3,COMPRIMIDO,30
56,NEUMOLOGIA,DIPIRONA 500 MG.,3,COMPRIMIDO,20
42,DERMATOLOGIA PEDIATRICA,DIPIRONA 500 MG.,3,COMPRIMIDO,20
37,PEDIATRIA,DIPIRONA 500 MG.,3,COMPRIMIDO,20
34,GINECOLOGIA,DIPIRONA 500 MG.,3,COMPRIMIDO,30
34,GINECOLOGIA,DIPIRONA 500 MG.,3,COMPRIMIDO,20
34,GINECOLOGIA,DIPIRONA 500 MG.,3,COMPRIMIDO,20
21,UROLOGIA,DIPIRONA 500 MG.,3,COMPRIMIDO,20
16,TRAUMATOLOGIA GENERAL,DIPIRONA 500 MG.,3,COMPRIMIDO,20
12,CARDIOLOGIA,DIPIRONA 500 MG.,3,COMPRIMIDO,20
11,CLINICA MEDICA,DIPIRONA 500 MG.,3,COMPRIMIDO,20
11,CLINICA MEDICA,DIPIRONA 500 MG.,3,COMPRIMIDO,20
11,CLINICA MEDICA,DIPIRONA 500 MG.,3,COMPRIMIDO,20
7,SIQUIATRIA,DIPIRONA 500 MG.,3,COMPRIMIDO,1
4,ENDOCRINOLOGIA,DIPIRONA 500 MG.,3,COMPRIMIDO,20
3,NEUROLOGIA,DIPIRONA 500 MG.,3,COMPRIMIDO,20
1,REUMATOLOGIA,DIPIRONA 500 MG.,3,COMPRIMIDO,20
170,ESTUDIOS HEMODINAMIA ,DIPIRONA 500 MG.,3,COMPRIMIDO,30
181,NEURODESARROLLO ,DIPIRONA 500 MG/ML,8,FRASCO GOTERO,1
160,CLIMATERIO,DIPIRONA 500 MG/ML,8,FRASCO GOTERO,1
139,INFECTOLOGIA PEDIATRICA,DIPIRONA 500 MG/ML,8,FRASCO GOTERO,1
69,UNIDAD DE TRANSPLANTE,DIPIRONA 500 MG/ML,8,FRASCO GOTERO,1
56,NEUMOLOGIA,DIPIRONA 500 MG/ML,8,FRASCO GOTERO,1
42,DERMATOLOGIA PEDIATRICA,DIPIRONA 500 MG/ML,8,FRASCO GOTERO,1
37,PEDIATRIA,DIPIRONA 500 MG/ML,8,FRASCO GOTERO,1
21,UROLOGIA,DIPIRONA 500 MG/ML,8,FRASCO GOTERO,1
11,CLINICA MEDICA,DIPIRONA 500 MG/ML,8,FRASCO GOTERO,1
4,ENDOCRINOLOGIA,DIPIRONA 500 MG/ML,8,FRASCO GOTERO,1
170,ESTUDIOS HEMODINAMIA ,DIPIRONA 500 MG/ML,8,FRASCO GOTERO,2
183,ONCOLOGIA PEDIATRICA,DIPIRONA 500 MG,16,SUPOSITORIO,1
109,HEMATOLOGIA PEDIATRICA,DIPIRONA 500 MG,16,SUPOSITORIO,1
101,MEDICINA FAMILIAR,DIPIRONA 500 MG,16,SUPOSITORIO,20
86,NEUMOLOGIA PEDIATRICA,DIPIRONA 500 MG,16,SUPOSITORIO,1
78,TERAPIA INTENSIVA NINOS,DIPIRONA 500 MG,16,SUPOSITORIO,1
69,UNIDAD DE TRANSPLANTE,DIPIRONA 500 MG,16,SUPOSITORIO,20
50,NEFROLOGIA,DIPIRONA 500 MG,16,SUPOSITORIO,20
49,ONCOLOGIA,DIPIRONA 500 MG,16,SUPOSITORIO,1
37,PEDIATRIA,DIPIRONA 500 MG,16,SUPOSITORIO,1
6,NEFROLOGIA PEDIATRICA,DIPIRONA 500 MG,16,SUPOSITORIO,20
2,HEMATOLOGIA,DIPIRONA 500 MG,16,SUPOSITORIO,1
14,URGENCIAS PEDIATRICAS,DIPIRONA 500 MG,16,SUPOSITORIO,1
217,TRAUMATOLOGIA TUMORES,ENALAPRIL 20 MG,3,UNIDAD,20
216,TRAUMATOLOGIA RODILLA,ENALAPRIL 20 MG,3,UNIDAD,20
215,TRAUMATOLOGIA HOMBRO Y CODO,ENALAPRIL 20 MG,3,UNIDAD,20
214,TRAUMATOLOGIA PIE Y TOBILLO,ENALAPRIL 20 MG,3,UNIDAD,20
213,TRAUMATOLOGIA MANO Y ANTEBRAZO,ENALAPRIL 20 MG,3,UNIDAD,20
212,TRAUMATOLOGIA CADERA,ENALAPRIL 20 MG,3,UNIDAD,20
211,TRAUMATOLOGIA COLUMNA,ENALAPRIL 20 MG,3,UNIDAD,20
199,TELESALUD HV,ENALAPRIL 20 MG,3,UNIDAD,30
183,ONCOLOGIA PEDIATRICA,ENALAPRIL 20 MG,3,UNIDAD,20
181,NEURODESARROLLO ,ENALAPRIL 20 MG,3,UNIDAD,20
160,CLIMATERIO,ENALAPRIL 20 MG,3,UNIDAD,20
110,HEMATOLOGIA CRONICOS,ENALAPRIL 20 MG,3,UNIDAD,20
109,HEMATOLOGIA PEDIATRICA,ENALAPRIL 20 MG,3,UNIDAD,20
101,MEDICINA FAMILIAR,ENALAPRIL 20 MG,3,UNIDAD,20
89,GERIATRIA,ENALAPRIL 20 MG,3,UNIDAD,20
87,REUMATOLOGIA PEDIATRICA,ENALAPRIL 20 MG,3,UNIDAD,20
86,NEUMOLOGIA PEDIATRICA,ENALAPRIL 20 MG,3,UNIDAD,20
66,NEUROLOGIA PEDIATRICA,ENALAPRIL 20 MG,3,UNIDAD,60
60,GASTROENTEROLOGIA PEDIATRICA,ENALAPRIL 20 MG,3,UNIDAD,20
58,MASTOLOGIA,ENALAPRIL 20 MG,3,UNIDAD,20
57,DIABETOLOGIA,ENALAPRIL 20 MG,3,UNIDAD,20
57,DIABETOLOGIA,ENALAPRIL 20 MG,3,UNIDAD,20
56,NEUMOLOGIA,ENALAPRIL 20 MG,3,UNIDAD,20
56,NEUMOLOGIA,ENALAPRIL 20 MG,3,UNIDAD,1
50,NEFROLOGIA,ENALAPRIL 20 MG,3,UNIDAD,20
49,ONCOLOGIA,ENALAPRIL 20 MG,3,UNIDAD,20
44,ENDOCRINOLOGIA PEDIATRICA,ENALAPRIL 20 MG,3,UNIDAD,20
42,DERMATOLOGIA PEDIATRICA,ENALAPRIL 20 MG,3,UNIDAD,20
22,OTORRINOLARINGOLOGIA,ENALAPRIL 20 MG,3,UNIDAD,20
21,UROLOGIA,ENALAPRIL 20 MG,3,UNIDAD,20
16,TRAUMATOLOGIA GENERAL,ENALAPRIL 20 MG,3,UNIDAD,20
12,CARDIOLOGIA,ENALAPRIL 20 MG,3,UNIDAD,20
12,CARDIOLOGIA,ENALAPRIL 20 MG,3,UNIDAD,20
11,CLINICA MEDICA,ENALAPRIL 20 MG,3,UNIDAD,20
11,CLINICA MEDICA,ENALAPRIL 20 MG,3,UNIDAD,20
8,DERMATOLOGIA,ENALAPRIL 20 MG,3,UNIDAD,20
7,SIQUIATRIA,ENALAPRIL 20 MG,3,UNIDAD,20
6,NEFROLOGIA PEDIATRICA,ENALAPRIL 20 MG,3,UNIDAD,20
6,NEFROLOGIA PEDIATRICA,ENALAPRIL 20 MG,3,UNIDAD,20
6,NEFROLOGIA PEDIATRICA,ENALAPRIL 20 MG,3,UNIDAD,20
5,CARDIOLOGIA PEDIATRICA,ENALAPRIL 20 MG,3,UNIDAD,20
4,ENDOCRINOLOGIA,ENALAPRIL 20 MG,3,UNIDAD,20
3,NEUROLOGIA,ENALAPRIL 20 MG,3,UNIDAD,20
2,HEMATOLOGIA,ENALAPRIL 20 MG,3,UNIDAD,20
1,REUMATOLOGIA,ENALAPRIL 20 MG,3,UNIDAD,20
177,PSIQUIATRIA INFANTIL,ENALAPRIL 20 MG,3,UNIDAD,20
170,ESTUDIOS HEMODINAMIA ,ENALAPRIL 20 MG,3,UNIDAD,30
199,TELESALUD HV,ANTIHEMORROIDAL CON CORTIZONA CREMA/POMADA,7,POMO C/ APLICADOR X 20 A 30 GR,2
183,ONCOLOGIA PEDIATRICA,ANTIHEMORROIDAL CON CORTIZONA CREMA/POMADA,7,POMO C/ APLICADOR X 20 A 30 GR,1
112,CIRUGIA MINIMA INVASIVA,ANTIHEMORROIDAL CON CORTIZONA CREMA/POMADA,7,POMO C/ APLICADOR X 20 A 30 GR,1
101,MEDICINA FAMILIAR,ANTIHEMORROIDAL CON CORTIZONA CREMA/POMADA,7,POMO C/ APLICADOR X 20 A 30 GR,1
91,TERAPIA DEL DOLOR Y MEDICINA PALIATIVA ,ANTIHEMORROIDAL CON CORTIZONA CREMA/POMADA,7,POMO C/ APLICADOR X 20 A 30 GR,1
89,GERIATRIA,ANTIHEMORROIDAL CON CORTIZONA CREMA/POMADA,7,POMO C/ APLICADOR X 20 A 30 GR,1
69,UNIDAD DE TRANSPLANTE,ANTIHEMORROIDAL CON CORTIZONA CREMA/POMADA,7,POMO C/ APLICADOR X 20 A 30 GR,1
60,GASTROENTEROLOGIA PEDIATRICA,ANTIHEMORROIDAL CON CORTIZONA CREMA/POMADA,7,POMO C/ APLICADOR X 20 A 30 GR,1
60,GASTROENTEROLOGIA PEDIATRICA,ANTIHEMORROIDAL CON CORTIZONA CREMA/POMADA,7,POMO C/ APLICADOR X 20 A 30 GR,1
59,RADIOTERAPIA,ANTIHEMORROIDAL CON CORTIZONA CREMA/POMADA,7,POMO C/ APLICADOR X 20 A 30 GR,1
50,NEFROLOGIA,ANTIHEMORROIDAL CON CORTIZONA CREMA/POMADA,7,POMO C/ APLICADOR X 20 A 30 GR,1
42,DERMATOLOGIA PEDIATRICA,ANTIHEMORROIDAL CON CORTIZONA CREMA/POMADA,7,POMO C/ APLICADOR X 20 A 30 GR,1
34,GINECOLOGIA,ANTIHEMORROIDAL CON CORTIZONA CREMA/POMADA,7,POMO C/ APLICADOR X 20 A 30 GR,1
33,GINECO-OBSTETRICIA,ANTIHEMORROIDAL CON CORTIZONA CREMA/POMADA,7,POMO C/ APLICADOR X 20 A 30 GR,1
31,OBSTETRICIA,ANTIHEMORROIDAL CON CORTIZONA CREMA/POMADA,7,POMO C/ APLICADOR X 20 A 30 GR,1
29,PROCTOLOGIA,ANTIHEMORROIDAL CON CORTIZONA CREMA/POMADA,7,POMO C/ APLICADOR X 20 A 30 GR,1
28,CIRUGIA GENERAL,ANTIHEMORROIDAL CON CORTIZONA CREMA/POMADA,7,POMO C/ APLICADOR X 20 A 30 GR,1
27,CIRUGIA VASCULAR PERIFERICA,ANTIHEMORROIDAL CON CORTIZONA CREMA/POMADA,7,POMO C/ APLICADOR X 20 A 30 GR,1
11,CLINICA MEDICA,ANTIHEMORROIDAL CON CORTIZONA CREMA/POMADA,7,POMO C/ APLICADOR X 20 A 30 GR,1
10,GASTROENTEROLOGIA,ANTIHEMORROIDAL CON CORTIZONA CREMA/POMADA,7,POMO C/ APLICADOR X 20 A 30 GR,1
10,GASTROENTEROLOGIA,ANTIHEMORROIDAL CON CORTIZONA CREMA/POMADA,7,POMO C/ APLICADOR X 20 A 30 GR,1
8,DERMATOLOGIA,ANTIHEMORROIDAL CON CORTIZONA CREMA/POMADA,7,POMO C/ APLICADOR X 20 A 30 GR,1
6,NEFROLOGIA PEDIATRICA,ANTIHEMORROIDAL CON CORTIZONA CREMA/POMADA,7,POMO C/ APLICADOR X 20 A 30 GR,1
183,ONCOLOGIA PEDIATRICA,ANTIHEMORROIDAL CON CORTIZONA CREMA/POMADA,8,POMO SIN APLICADOR-IPS,1
42,DERMATOLOGIA PEDIATRICA,ANTIHEMORROIDAL CON CORTIZONA CREMA/POMADA,8,POMO SIN APLICADOR-IPS,1
204,UNIDAD DE OBSTETRICIA,METRONIDAZOL,5,UNIDAD,10
199,TELESALUD HV,METRONIDAZOL,5,UNIDAD,20
183,ONCOLOGIA PEDIATRICA,METRONIDAZOL,5,UNIDAD,1
160,CLIMATERIO,METRONIDAZOL,5,UNIDAD,1
101,MEDICINA FAMILIAR,METRONIDAZOL,5,UNIDAD,20
97,SALUD OCUPACIONAL,METRONIDAZOL,5,UNIDAD,10
89,GERIATRIA,METRONIDAZOL,5,UNIDAD,10
59,RADIOTERAPIA,METRONIDAZOL,5,UNIDAD,1
57,DIABETOLOGIA,METRONIDAZOL,5,UNIDAD,2
52,SALUD REPRODUCTIVA,METRONIDAZOL,5,UNIDAD,1
34,GINECOLOGIA,METRONIDAZOL,5,UNIDAD,1
34,GINECOLOGIA,METRONIDAZOL,5,UNIDAD,1
34,GINECOLOGIA,METRONIDAZOL,5,UNIDAD,1
33,GINECO-OBSTETRICIA,METRONIDAZOL,5,UNIDAD,1
31,OBSTETRICIA,METRONIDAZOL,5,UNIDAD,1
31,OBSTETRICIA,METRONIDAZOL,5,UNIDAD,1
28,CIRUGIA GENERAL,METRONIDAZOL,5,UNIDAD,20
21,UROLOGIA,METRONIDAZOL,5,UNIDAD,1
21,UROLOGIA,METRONIDAZOL,5,UNIDAD,20
11,CLINICA MEDICA,METRONIDAZOL,5,UNIDAD,20
4,ENDOCRINOLOGIA,METRONIDAZOL,5,UNIDAD,1
4,ENDOCRINOLOGIA,METRONIDAZOL,5,UNIDAD,2
98,PLANIFICACION FAMILIAR,METRONIDAZOL,5,UNIDAD,1
204,UNIDAD DE OBSTETRICIA,BETAMETASONA 0.1%(1 MG/G)   ,7,POMO,1
199,TELESALUD HV,BETAMETASONA 0.1%(1 MG/G)   ,7,POMO,2
183,ONCOLOGIA PEDIATRICA,BETAMETASONA 0.1%(1 MG/G)   ,7,POMO,1
181,NEURODESARROLLO ,BETAMETASONA 0.1%(1 MG/G)   ,7,POMO,1
139,INFECTOLOGIA PEDIATRICA,BETAMETASONA 0.1%(1 MG/G)   ,7,POMO,1
109,HEMATOLOGIA PEDIATRICA,BETAMETASONA 0.1%(1 MG/G)   ,7,POMO,1
101,MEDICINA FAMILIAR,BETAMETASONA 0.1%(1 MG/G)   ,7,POMO,1
87,REUMATOLOGIA PEDIATRICA,BETAMETASONA 0.1%(1 MG/G)   ,7,POMO,1
66,NEUROLOGIA PEDIATRICA,BETAMETASONA 0.1%(1 MG/G)   ,7,POMO,1
60,GASTROENTEROLOGIA PEDIATRICA,BETAMETASONA 0.1%(1 MG/G)   ,7,POMO,1
58,MASTOLOGIA,BETAMETASONA 0.1%(1 MG/G)   ,7,POMO,1
42,DERMATOLOGIA PEDIATRICA,BETAMETASONA 0.1%(1 MG/G)   ,7,POMO,1
37,PEDIATRIA,BETAMETASONA 0.1%(1 MG/G)   ,7,POMO,1
34,GINECOLOGIA,BETAMETASONA 0.1%(1 MG/G)   ,7,POMO,1
11,CLINICA MEDICA,BETAMETASONA 0.1%(1 MG/G)   ,7,POMO,1
11,CLINICA MEDICA,BETAMETASONA 0.1%(1 MG/G)   ,7,POMO,1
9,ALERGIA E INMUNOLOGIA,BETAMETASONA 0.1%(1 MG/G)   ,7,POMO,1
8,DERMATOLOGIA,BETAMETASONA 0.1%(1 MG/G)   ,7,POMO,1
6,NEFROLOGIA PEDIATRICA,BETAMETASONA 0.1%(1 MG/G)   ,7,POMO,1
5,CARDIOLOGIA PEDIATRICA,BETAMETASONA 0.1%(1 MG/G)   ,7,POMO,1
4,ENDOCRINOLOGIA,BETAMETASONA 0.1%(1 MG/G)   ,7,POMO,1
2,HEMATOLOGIA,BETAMETASONA 0.1%(1 MG/G)   ,7,POMO,1
177,PSIQUIATRIA INFANTIL,BETAMETASONA 0.1%(1 MG/G)   ,7,POMO,1
170,ESTUDIOS HEMODINAMIA ,BETAMETASONA 0.1%(1 MG/G)   ,7,POMO,1
181,NEURODESARROLLO ,EXPECT/MUCOLIT NIÑOS AMBROXOL/BROMEXINA 15MG-4MG/5ML JBE,9,FRASCO 100/150 ML,1
160,CLIMATERIO,EXPECT/MUCOLIT NIÑOS AMBROXOL/BROMEXINA 15MG-4MG/5ML JBE,9,FRASCO 100/150 ML,1
139,INFECTOLOGIA PEDIATRICA,EXPECT/MUCOLIT NIÑOS AMBROXOL/BROMEXINA 15MG-4MG/5ML JBE,9,FRASCO 100/150 ML,1
86,NEUMOLOGIA PEDIATRICA,EXPECT/MUCOLIT NIÑOS AMBROXOL/BROMEXINA 15MG-4MG/5ML JBE,9,FRASCO 100/150 ML,1
56,NEUMOLOGIA,EXPECT/MUCOLIT NIÑOS AMBROXOL/BROMEXINA 15MG-4MG/5ML JBE,9,FRASCO 100/150 ML,1
42,DERMATOLOGIA PEDIATRICA,EXPECT/MUCOLIT NIÑOS AMBROXOL/BROMEXINA 15MG-4MG/5ML JBE,9,FRASCO 100/150 ML,1
37,PEDIATRIA,EXPECT/MUCOLIT NIÑOS AMBROXOL/BROMEXINA 15MG-4MG/5ML JBE,9,FRASCO 100/150 ML,1
7,SIQUIATRIA,EXPECT/MUCOLIT NIÑOS AMBROXOL/BROMEXINA 15MG-4MG/5ML JBE,9,FRASCO 100/150 ML,1
4,ENDOCRINOLOGIA,EXPECT/MUCOLIT NIÑOS AMBROXOL/BROMEXINA 15MG-4MG/5ML JBE,9,FRASCO 100/150 ML,1
170,ESTUDIOS HEMODINAMIA ,EXPECT/MUCOLIT NIÑOS AMBROXOL/BROMEXINA 15MG-4MG/5ML JBE,9,FRASCO 100/150 ML,2
56,NEUMOLOGIA,KETOTIFENO 0.2 MG/ML.JARABE ,9,FRASCO 100/125 ML,1
43,OTORRINOLARINGOLOGIA PEDIATRICA,KETOTIFENO 0.2 MG/ML.JARABE ,9,FRASCO 100/125 ML,1
37,PEDIATRIA,KETOTIFENO 0.2 MG/ML.JARABE ,9,FRASCO 100/125 ML,1
22,OTORRINOLARINGOLOGIA,KETOTIFENO 0.2 MG/ML.JARABE ,9,FRASCO 100/125 ML,1
183,ONCOLOGIA PEDIATRICA,"CLORFENIRAMINA 2,5 MG/5 ML",9,KIT,1
181,NEURODESARROLLO ,"CLORFENIRAMINA 2,5 MG/5 ML",9,KIT,1
160,CLIMATERIO,"CLORFENIRAMINA 2,5 MG/5 ML",9,KIT,1
139,INFECTOLOGIA PEDIATRICA,"CLORFENIRAMINA 2,5 MG/5 ML",9,KIT,1
139,INFECTOLOGIA PEDIATRICA,"CLORFENIRAMINA 2,5 MG/5 ML",9,KIT,1
109,HEMATOLOGIA PEDIATRICA,"CLORFENIRAMINA 2,5 MG/5 ML",9,KIT,1
101,MEDICINA FAMILIAR,"CLORFENIRAMINA 2,5 MG/5 ML",9,KIT,1
86,NEUMOLOGIA PEDIATRICA,"CLORFENIRAMINA 2,5 MG/5 ML",9,KIT,1
66,NEUROLOGIA PEDIATRICA,"CLORFENIRAMINA 2,5 MG/5 ML",9,KIT,2
60,GASTROENTEROLOGIA PEDIATRICA,"CLORFENIRAMINA 2,5 MG/5 ML",9,KIT,1
58,MASTOLOGIA,"CLORFENIRAMINA 2,5 MG/5 ML",9,KIT,1
56,NEUMOLOGIA,"CLORFENIRAMINA 2,5 MG/5 ML",9,KIT,1
42,DERMATOLOGIA PEDIATRICA,"CLORFENIRAMINA 2,5 MG/5 ML",9,KIT,1
37,PEDIATRIA,"CLORFENIRAMINA 2,5 MG/5 ML",9,KIT,1
21,UROLOGIA,"CLORFENIRAMINA 2,5 MG/5 ML",9,KIT,1
11,CLINICA MEDICA,"CLORFENIRAMINA 2,5 MG/5 ML",9,KIT,1
9,ALERGIA E INMUNOLOGIA,"CLORFENIRAMINA 2,5 MG/5 ML",9,KIT,1
6,NEFROLOGIA PEDIATRICA,"CLORFENIRAMINA 2,5 MG/5 ML",9,KIT,1
5,CARDIOLOGIA PEDIATRICA,"CLORFENIRAMINA 2,5 MG/5 ML",9,KIT,1
177,PSIQUIATRIA INFANTIL,"CLORFENIRAMINA 2,5 MG/5 ML",9,KIT,1
170,ESTUDIOS HEMODINAMIA ,"CLORFENIRAMINA 2,5 MG/5 ML",9,KIT,2
181,NEURODESARROLLO ,"CLORFENIRAMINA 2,5 MG/5 ML",10,FRASCO X 125 ML,1
87,REUMATOLOGIA PEDIATRICA,"CLORFENIRAMINA 2,5 MG/5 ML",10,FRASCO X 125 ML,1
5,CARDIOLOGIA PEDIATRICA,"CLORFENIRAMINA 2,5 MG/5 ML",10,FRASCO X 125 ML,1
170,ESTUDIOS HEMODINAMIA ,"CLORFENIRAMINA 2,5 MG/5 ML",10,FRASCO X 125 ML,2
181,NEURODESARROLLO ,TOBRAMICINA  0.3 % (3MG/ML),14,FRASCO GOTERO ,1
139,INFECTOLOGIA PEDIATRICA,TOBRAMICINA  0.3 % (3MG/ML),14,FRASCO GOTERO ,1
77,NEONATOLOGIA,TOBRAMICINA  0.3 % (3MG/ML),14,FRASCO GOTERO ,1
47,INFECTOLOGIA,TOBRAMICINA  0.3 % (3MG/ML),14,FRASCO GOTERO ,1
40,OFTALMOLOGIA PEDIATRICA,TOBRAMICINA  0.3 % (3MG/ML),14,FRASCO GOTERO ,1
34,GINECOLOGIA,TOBRAMICINA  0.3 % (3MG/ML),14,FRASCO GOTERO ,1
33,GINECO-OBSTETRICIA,TOBRAMICINA  0.3 % (3MG/ML),14,FRASCO GOTERO ,1
25,OFTALMOLOGIA,TOBRAMICINA  0.3 % (3MG/ML),14,FRASCO GOTERO ,1
160,CLIMATERIO,RIFAMICINA 1 % AEROSOL  ,13,SPRAY,1
109,HEMATOLOGIA PEDIATRICA,RIFAMICINA 1 % AEROSOL  ,13,SPRAY,1
60,GASTROENTEROLOGIA PEDIATRICA,RIFAMICINA 1 % AEROSOL  ,13,SPRAY,1
58,MASTOLOGIA,RIFAMICINA 1 % AEROSOL  ,13,SPRAY,1
42,DERMATOLOGIA PEDIATRICA,RIFAMICINA 1 % AEROSOL  ,13,SPRAY,1
6,NEFROLOGIA PEDIATRICA,RIFAMICINA 1 % AEROSOL  ,13,SPRAY,1
199,TELESALUD HV,SULFADIAZINA DE PLATA CON LIDOCAINA + VITAMINA A ,7,POTE ,2
89,GERIATRIA,SULFADIAZINA DE PLATA CON LIDOCAINA + VITAMINA A ,7,POTE ,1
78,TERAPIA INTENSIVA NINOS,SULFADIAZINA DE PLATA CON LIDOCAINA + VITAMINA A ,7,POTE ,1
48,TERAPIA INTENSIVA,SULFADIAZINA DE PLATA CON LIDOCAINA + VITAMINA A ,7,POTE ,1
37,PEDIATRIA,SULFADIAZINA DE PLATA CON LIDOCAINA + VITAMINA A ,7,POTE ,1
28,CIRUGIA GENERAL,SULFADIAZINA DE PLATA CON LIDOCAINA + VITAMINA A ,7,POTE ,1
17,CIRUGIA RECONSTRUCTIVA,SULFADIAZINA DE PLATA CON LIDOCAINA + VITAMINA A ,7,POTE ,1
11,CLINICA MEDICA,SULFADIAZINA DE PLATA CON LIDOCAINA + VITAMINA A ,7,POTE ,1
199,TELESALUD HV,ACIDO FUSIDICO 2% (2MG/G) ,12,POMO,2
181,NEURODESARROLLO ,ACIDO FUSIDICO 2% (2MG/G) ,12,POMO,1
150,FISIATRA (NIÑOS) ,ACIDO FUSIDICO 2% (2MG/G) ,12,POMO,1
101,MEDICINA FAMILIAR,ACIDO FUSIDICO 2% (2MG/G) ,12,POMO,1
97,SALUD OCUPACIONAL,ACIDO FUSIDICO 2% (2MG/G) ,12,POMO,1
89,GERIATRIA,ACIDO FUSIDICO 2% (2MG/G) ,12,POMO,1
86,NEUMOLOGIA PEDIATRICA,ACIDO FUSIDICO 2% (2MG/G) ,12,POMO,1
85,CIRUGIA PEDIATRICA,ACIDO FUSIDICO 2% (2MG/G) ,12,POMO,1
56,NEUMOLOGIA,ACIDO FUSIDICO 2% (2MG/G) ,12,POMO,1
42,DERMATOLOGIA PEDIATRICA,ACIDO FUSIDICO 2% (2MG/G) ,12,POMO,1
42,DERMATOLOGIA PEDIATRICA,ACIDO FUSIDICO 2% (2MG/G) ,12,POMO,2
37,PEDIATRIA,ACIDO FUSIDICO 2% (2MG/G) ,12,POMO,1
28,CIRUGIA GENERAL,ACIDO FUSIDICO 2% (2MG/G) ,12,POMO,1
18,FISIATRIA ADULTO,ACIDO FUSIDICO 2% (2MG/G) ,12,POMO,1
17,CIRUGIA RECONSTRUCTIVA,ACIDO FUSIDICO 2% (2MG/G) ,12,POMO,1
11,CLINICA MEDICA,ACIDO FUSIDICO 2% (2MG/G) ,12,POMO,1
9,ALERGIA E INMUNOLOGIA,ACIDO FUSIDICO 2% (2MG/G) ,12,POMO,1
8,DERMATOLOGIA,ACIDO FUSIDICO 2% (2MG/G) ,12,POMO,1
181,NEURODESARROLLO ,AMOXICILINA + SULBACTAM 1000MG+500MG  ,2,VIAL,1
160,CLIMATERIO,AMOXICILINA + SULBACTAM 1000MG+500MG  ,2,VIAL,1
139,INFECTOLOGIA PEDIATRICA,AMOXICILINA + SULBACTAM 1000MG+500MG  ,2,VIAL,1
42,DERMATOLOGIA PEDIATRICA,AMOXICILINA + SULBACTAM 1000MG+500MG  ,2,VIAL,1
10,GASTROENTEROLOGIA,AMOXICILINA + SULBACTAM 1000MG+500MG  ,2,VIAL,1
40,OFTALMOLOGIA PEDIATRICA,SOLUCION VISCOLASTICA HIALORUNIDATO SODICO  SOLUCION      ,4,FRASCO/JERINGA,1
25,OFTALMOLOGIA,SOLUCION VISCOLASTICA HIALORUNIDATO SODICO  SOLUCION      ,4,FRASCO/JERINGA,1
47,INFECTOLOGIA,LAMIVUDINA 150 MG.,3,COMPRIMIDO,1
10,GASTROENTEROLOGIA,LAMIVUDINA 150 MG.,3,COMPRIMIDO,20
101,MEDICINA FAMILIAR,VACUNA ANTIGRIPAL INYECTABLE.,2,FRASCO AMPOLLA,1
97,SALUD OCUPACIONAL,VACUNA ANTIGRIPAL INYECTABLE.,2,FRASCO AMPOLLA,1
89,GERIATRIA,VACUNA ANTIGRIPAL INYECTABLE.,2,FRASCO AMPOLLA,1
86,NEUMOLOGIA PEDIATRICA,VACUNA ANTIGRIPAL INYECTABLE.,2,FRASCO AMPOLLA,1
57,DIABETOLOGIA,VACUNA ANTIGRIPAL INYECTABLE.,2,FRASCO AMPOLLA,1
56,NEUMOLOGIA,VACUNA ANTIGRIPAL INYECTABLE.,2,FRASCO AMPOLLA,1
47,INFECTOLOGIA,VACUNA ANTIGRIPAL INYECTABLE.,2,FRASCO AMPOLLA,1
37,PEDIATRIA,VACUNA ANTIGRIPAL INYECTABLE.,2,FRASCO AMPOLLA,1
11,CLINICA MEDICA,VACUNA ANTIGRIPAL INYECTABLE.,2,FRASCO AMPOLLA,1
78,TERAPIA INTENSIVA NINOS,MEROPENEN 500 MG.INYECTABLE ,2,AMPOLLA,1
48,TERAPIA INTENSIVA,MEROPENEN 500 MG.INYECTABLE ,2,AMPOLLA,1
47,INFECTOLOGIA,MEROPENEN 500 MG.INYECTABLE ,2,AMPOLLA,1
97,SALUD OCUPACIONAL,BEZAFIBRATO 400 MG.,3,COMPRIMIDO,1
59,RADIOTERAPIA,BEZAFIBRATO 400 MG.,3,COMPRIMIDO,1
57,DIABETOLOGIA,BEZAFIBRATO 400 MG.,3,COMPRIMIDO,20
55,CARDIOCIRUGIA,BEZAFIBRATO 400 MG.,3,COMPRIMIDO,20
44,ENDOCRINOLOGIA PEDIATRICA,BEZAFIBRATO 400 MG.,3,COMPRIMIDO,20
11,CLINICA MEDICA,BEZAFIBRATO 400 MG.,3,COMPRIMIDO,20
5,CARDIOLOGIA PEDIATRICA,BEZAFIBRATO 400 MG.,3,COMPRIMIDO,20
4,ENDOCRINOLOGIA,BEZAFIBRATO 400 MG.,3,COMPRIMIDO,20
2,HEMATOLOGIA,BEZAFIBRATO 400 MG.,3,COMPRIMIDO,1
46,HEMODINAMIA,BEZAFIBRATO 400 MG.,3,COMPRIMIDO,20
160,CLIMATERIO,NORADRENALINA 4 MG (1 MG/ML),2,AMPOLLA,1
35,HEMODIALISIS,NORADRENALINA 4 MG (1 MG/ML),2,AMPOLLA,1
23,URGENCIAS CLINICA MEDICA,NORADRENALINA 4 MG (1 MG/ML),2,AMPOLLA,1
110,HEMATOLOGIA CRONICOS,MICOFENOLATO MOFETIL 500 MG,20,COMPRIMIDOC/CUBIERTA ENTERICA ,20
87,REUMATOLOGIA PEDIATRICA,MICOFENOLATO MOFETIL 500 MG,20,COMPRIMIDOC/CUBIERTA ENTERICA ,20
87,REUMATOLOGIA PEDIATRICA,MICOFENOLATO MOFETIL 500 MG,20,COMPRIMIDOC/CUBIERTA ENTERICA ,20
66,NEUROLOGIA PEDIATRICA,MICOFENOLATO MOFETIL 500 MG,20,COMPRIMIDOC/CUBIERTA ENTERICA ,180
60,GASTROENTEROLOGIA PEDIATRICA,MICOFENOLATO MOFETIL 500 MG,20,COMPRIMIDOC/CUBIERTA ENTERICA ,20
50,NEFROLOGIA,MICOFENOLATO MOFETIL 500 MG,20,COMPRIMIDOC/CUBIERTA ENTERICA ,20
42,DERMATOLOGIA PEDIATRICA,MICOFENOLATO MOFETIL 500 MG,20,COMPRIMIDOC/CUBIERTA ENTERICA ,20
8,DERMATOLOGIA,MICOFENOLATO MOFETIL 500 MG,20,COMPRIMIDOC/CUBIERTA ENTERICA ,1
6,NEFROLOGIA PEDIATRICA,MICOFENOLATO MOFETIL 500 MG,20,COMPRIMIDOC/CUBIERTA ENTERICA ,20
3,NEUROLOGIA,MICOFENOLATO MOFETIL 500 MG,20,COMPRIMIDOC/CUBIERTA ENTERICA ,1
2,HEMATOLOGIA,MICOFENOLATO MOFETIL 500 MG,20,COMPRIMIDOC/CUBIERTA ENTERICA ,20
1,REUMATOLOGIA,MICOFENOLATO MOFETIL 500 MG,20,COMPRIMIDOC/CUBIERTA ENTERICA ,20
1,REUMATOLOGIA,MICOFENOLATO MOFETIL 500 MG,20,COMPRIMIDOC/CUBIERTA ENTERICA ,20
69,UNIDAD DE TRANSPLANTE,MICOFENOLATO MOFETIL 500 MG,21,COMP.C/CUB. ENTERICA 360MG,1
109,HEMATOLOGIA PEDIATRICA,"INMUNOGLOBULINA G HUMANA 5% (0,05 G/ML)  ",22,FRASCO AMPOLLA,1
87,REUMATOLOGIA PEDIATRICA,"INMUNOGLOBULINA G HUMANA 5% (0,05 G/ML)  ",22,FRASCO AMPOLLA,1
86,NEUMOLOGIA PEDIATRICA,"INMUNOGLOBULINA G HUMANA 5% (0,05 G/ML)  ",22,FRASCO AMPOLLA,1
66,NEUROLOGIA PEDIATRICA,"INMUNOGLOBULINA G HUMANA 5% (0,05 G/ML)  ",22,FRASCO AMPOLLA,1
37,PEDIATRIA,"INMUNOGLOBULINA G HUMANA 5% (0,05 G/ML)  ",22,FRASCO AMPOLLA,1
1,REUMATOLOGIA,"INMUNOGLOBULINA G HUMANA 5% (0,05 G/ML)  ",22,FRASCO AMPOLLA,1
217,TRAUMATOLOGIA TUMORES,ACIDO ACETIL SALICILICO 100-125MG    ,3,UNIDAD,20
216,TRAUMATOLOGIA RODILLA,ACIDO ACETIL SALICILICO 100-125MG    ,3,UNIDAD,20
215,TRAUMATOLOGIA HOMBRO Y CODO,ACIDO ACETIL SALICILICO 100-125MG    ,3,UNIDAD,20
214,TRAUMATOLOGIA PIE Y TOBILLO,ACIDO ACETIL SALICILICO 100-125MG    ,3,UNIDAD,20
213,TRAUMATOLOGIA MANO Y ANTEBRAZO,ACIDO ACETIL SALICILICO 100-125MG    ,3,UNIDAD,20
212,TRAUMATOLOGIA CADERA,ACIDO ACETIL SALICILICO 100-125MG    ,3,UNIDAD,20
211,TRAUMATOLOGIA COLUMNA,ACIDO ACETIL SALICILICO 100-125MG    ,3,UNIDAD,20
204,UNIDAD DE OBSTETRICIA,ACIDO ACETIL SALICILICO 100-125MG    ,3,UNIDAD,10
199,TELESALUD HV,ACIDO ACETIL SALICILICO 100-125MG    ,3,UNIDAD,30
183,ONCOLOGIA PEDIATRICA,ACIDO ACETIL SALICILICO 100-125MG    ,3,UNIDAD,20
181,NEURODESARROLLO ,ACIDO ACETIL SALICILICO 100-125MG    ,3,UNIDAD,20
160,CLIMATERIO,ACIDO ACETIL SALICILICO 100-125MG    ,3,UNIDAD,20
139,INFECTOLOGIA PEDIATRICA,ACIDO ACETIL SALICILICO 100-125MG    ,3,UNIDAD,20
110,HEMATOLOGIA CRONICOS,ACIDO ACETIL SALICILICO 100-125MG    ,3,UNIDAD,20
109,HEMATOLOGIA PEDIATRICA,ACIDO ACETIL SALICILICO 100-125MG    ,3,UNIDAD,20
101,MEDICINA FAMILIAR,ACIDO ACETIL SALICILICO 100-125MG    ,3,UNIDAD,20
101,MEDICINA FAMILIAR,ACIDO ACETIL SALICILICO 100-125MG    ,3,UNIDAD,20
91,TERAPIA DEL DOLOR Y MEDICINA PALIATIVA ,ACIDO ACETIL SALICILICO 100-125MG    ,3,UNIDAD,20
89,GERIATRIA,ACIDO ACETIL SALICILICO 100-125MG    ,3,UNIDAD,20
89,GERIATRIA,ACIDO ACETIL SALICILICO 100-125MG    ,3,UNIDAD,20
89,GERIATRIA,ACIDO ACETIL SALICILICO 100-125MG    ,3,UNIDAD,20
87,REUMATOLOGIA PEDIATRICA,ACIDO ACETIL SALICILICO 100-125MG    ,3,UNIDAD,20
86,NEUMOLOGIA PEDIATRICA,ACIDO ACETIL SALICILICO 100-125MG    ,3,UNIDAD,20
69,UNIDAD DE TRANSPLANTE,ACIDO ACETIL SALICILICO 100-125MG    ,3,UNIDAD,20
66,NEUROLOGIA PEDIATRICA,ACIDO ACETIL SALICILICO 100-125MG    ,3,UNIDAD,60
60,GASTROENTEROLOGIA PEDIATRICA,ACIDO ACETIL SALICILICO 100-125MG    ,3,UNIDAD,20
58,MASTOLOGIA,ACIDO ACETIL SALICILICO 100-125MG    ,3,UNIDAD,20
57,DIABETOLOGIA,ACIDO ACETIL SALICILICO 100-125MG    ,3,UNIDAD,20
56,NEUMOLOGIA,ACIDO ACETIL SALICILICO 100-125MG    ,3,UNIDAD,20
50,NEFROLOGIA,ACIDO ACETIL SALICILICO 100-125MG    ,3,UNIDAD,20
49,ONCOLOGIA,ACIDO ACETIL SALICILICO 100-125MG    ,3,UNIDAD,20
34,GINECOLOGIA,ACIDO ACETIL SALICILICO 100-125MG    ,3,UNIDAD,20
34,GINECOLOGIA,ACIDO ACETIL SALICILICO 100-125MG    ,3,UNIDAD,20
34,GINECOLOGIA,ACIDO ACETIL SALICILICO 100-125MG    ,3,UNIDAD,20
31,OBSTETRICIA,ACIDO ACETIL SALICILICO 100-125MG    ,3,UNIDAD,20
18,FISIATRIA ADULTO,ACIDO ACETIL SALICILICO 100-125MG    ,3,UNIDAD,20
16,TRAUMATOLOGIA GENERAL,ACIDO ACETIL SALICILICO 100-125MG    ,3,UNIDAD,20
12,CARDIOLOGIA,ACIDO ACETIL SALICILICO 100-125MG    ,3,UNIDAD,20
11,CLINICA MEDICA,ACIDO ACETIL SALICILICO 100-125MG    ,3,UNIDAD,20
9,ALERGIA E INMUNOLOGIA,ACIDO ACETIL SALICILICO 100-125MG    ,3,UNIDAD,20
7,SIQUIATRIA,ACIDO ACETIL SALICILICO 100-125MG    ,3,UNIDAD,20
7,SIQUIATRIA,ACIDO ACETIL SALICILICO 100-125MG    ,3,UNIDAD,20
6,NEFROLOGIA PEDIATRICA,ACIDO ACETIL SALICILICO 100-125MG    ,3,UNIDAD,20
5,CARDIOLOGIA PEDIATRICA,ACIDO ACETIL SALICILICO 100-125MG    ,3,UNIDAD,20
4,ENDOCRINOLOGIA,ACIDO ACETIL SALICILICO 100-125MG    ,3,UNIDAD,20
4,ENDOCRINOLOGIA,ACIDO ACETIL SALICILICO 100-125MG    ,3,UNIDAD,20
3,NEUROLOGIA,ACIDO ACETIL SALICILICO 100-125MG    ,3,UNIDAD,20
2,HEMATOLOGIA,ACIDO ACETIL SALICILICO 100-125MG    ,3,UNIDAD,20
1,REUMATOLOGIA,ACIDO ACETIL SALICILICO 100-125MG    ,3,UNIDAD,20
177,PSIQUIATRIA INFANTIL,ACIDO ACETIL SALICILICO 100-125MG    ,3,UNIDAD,20
170,ESTUDIOS HEMODINAMIA ,ACIDO ACETIL SALICILICO 100-125MG    ,3,UNIDAD,20
46,HEMODINAMIA,ACIDO ACETIL SALICILICO 100-125MG    ,3,UNIDAD,20
199,TELESALUD HV,TESTOSTERONA ENANTATO 250 MG/1 ML INYECTABLE ,2,AMPOLLA IM,1
160,CLIMATERIO,TESTOSTERONA ENANTATO 250 MG/1 ML INYECTABLE ,2,AMPOLLA IM,1
44,ENDOCRINOLOGIA PEDIATRICA,TESTOSTERONA ENANTATO 250 MG/1 ML INYECTABLE ,2,AMPOLLA IM,1
34,GINECOLOGIA,TESTOSTERONA ENANTATO 250 MG/1 ML INYECTABLE ,2,AMPOLLA IM,1
34,GINECOLOGIA,TESTOSTERONA ENANTATO 250 MG/1 ML INYECTABLE ,2,AMPOLLA IM,1
33,GINECO-OBSTETRICIA,TESTOSTERONA ENANTATO 250 MG/1 ML INYECTABLE ,2,AMPOLLA IM,1
31,OBSTETRICIA,TESTOSTERONA ENANTATO 250 MG/1 ML INYECTABLE ,2,AMPOLLA IM,1
21,UROLOGIA,TESTOSTERONA ENANTATO 250 MG/1 ML INYECTABLE ,2,AMPOLLA IM,1
4,ENDOCRINOLOGIA,TESTOSTERONA ENANTATO 250 MG/1 ML INYECTABLE ,2,AMPOLLA IM,1
4,ENDOCRINOLOGIA,TESTOSTERONA ENANTATO 250 MG/1 ML INYECTABLE ,2,AMPOLLA IM,1
199,TELESALUD HV,FENAZOPIRIDINA 200 MG.,3,COMPRIMIDO RECUBIERTO,30
183,ONCOLOGIA PEDIATRICA,FENAZOPIRIDINA 200 MG.,3,COMPRIMIDO RECUBIERTO,20
160,CLIMATERIO,FENAZOPIRIDINA 200 MG.,3,COMPRIMIDO RECUBIERTO,20
101,MEDICINA FAMILIAR,FENAZOPIRIDINA 200 MG.,3,COMPRIMIDO RECUBIERTO,20
97,SALUD OCUPACIONAL,FENAZOPIRIDINA 200 MG.,3,COMPRIMIDO RECUBIERTO,20
89,GERIATRIA,FENAZOPIRIDINA 200 MG.,3,COMPRIMIDO RECUBIERTO,20
69,UNIDAD DE TRANSPLANTE,FENAZOPIRIDINA 200 MG.,3,COMPRIMIDO RECUBIERTO,20
55,CARDIOCIRUGIA,FENAZOPIRIDINA 200 MG.,3,COMPRIMIDO RECUBIERTO,20
52,SALUD REPRODUCTIVA,FENAZOPIRIDINA 200 MG.,3,COMPRIMIDO RECUBIERTO,1
50,NEFROLOGIA,FENAZOPIRIDINA 200 MG.,3,COMPRIMIDO RECUBIERTO,20
49,ONCOLOGIA,FENAZOPIRIDINA 200 MG.,3,COMPRIMIDO RECUBIERTO,1
37,PEDIATRIA,FENAZOPIRIDINA 200 MG.,3,COMPRIMIDO RECUBIERTO,1
34,GINECOLOGIA,FENAZOPIRIDINA 200 MG.,3,COMPRIMIDO RECUBIERTO,20
33,GINECO-OBSTETRICIA,FENAZOPIRIDINA 200 MG.,3,COMPRIMIDO RECUBIERTO,1
31,OBSTETRICIA,FENAZOPIRIDINA 200 MG.,3,COMPRIMIDO RECUBIERTO,10
31,OBSTETRICIA,FENAZOPIRIDINA 200 MG.,3,COMPRIMIDO RECUBIERTO,20
29,PROCTOLOGIA,FENAZOPIRIDINA 200 MG.,3,COMPRIMIDO RECUBIERTO,1
28,CIRUGIA GENERAL,FENAZOPIRIDINA 200 MG.,3,COMPRIMIDO RECUBIERTO,20
27,CIRUGIA VASCULAR PERIFERICA,FENAZOPIRIDINA 200 MG.,3,COMPRIMIDO RECUBIERTO,1
21,UROLOGIA,FENAZOPIRIDINA 200 MG.,3,COMPRIMIDO RECUBIERTO,20
12,CARDIOLOGIA,FENAZOPIRIDINA 200 MG.,3,COMPRIMIDO RECUBIERTO,20
11,CLINICA MEDICA,FENAZOPIRIDINA 200 MG.,3,COMPRIMIDO RECUBIERTO,20
11,CLINICA MEDICA,FENAZOPIRIDINA 200 MG.,3,COMPRIMIDO RECUBIERTO,20
6,NEFROLOGIA PEDIATRICA,FENAZOPIRIDINA 200 MG.,3,COMPRIMIDO RECUBIERTO,20
5,CARDIOLOGIA PEDIATRICA,FENAZOPIRIDINA 200 MG.,3,COMPRIMIDO RECUBIERTO,20
4,ENDOCRINOLOGIA,FENAZOPIRIDINA 200 MG.,3,COMPRIMIDO RECUBIERTO,20
46,HEMODINAMIA,FENAZOPIRIDINA 200 MG.,3,COMPRIMIDO RECUBIERTO,20
86,NEUMOLOGIA PEDIATRICA,AMIKACINA 100 MG AMPOLLA. ,2,AMPOLLA,1
69,UNIDAD DE TRANSPLANTE,AMIKACINA 100 MG AMPOLLA. ,2,AMPOLLA,1
47,INFECTOLOGIA,AMIKACINA 100 MG AMPOLLA. ,2,AMPOLLA,1
86,NEUMOLOGIA PEDIATRICA,"CIPROFLOXACINA 0,3% (3 MG/ML)",14,FRASCO GOTERO,1
69,UNIDAD DE TRANSPLANTE,"CIPROFLOXACINA 0,3% (3 MG/ML)",14,FRASCO GOTERO,1
50,NEFROLOGIA,"CIPROFLOXACINA 0,3% (3 MG/ML)",14,FRASCO GOTERO,1
40,OFTALMOLOGIA PEDIATRICA,"CIPROFLOXACINA 0,3% (3 MG/ML)",14,FRASCO GOTERO,1
25,OFTALMOLOGIA,"CIPROFLOXACINA 0,3% (3 MG/ML)",14,FRASCO GOTERO,1
22,OTORRINOLARINGOLOGIA,"CIPROFLOXACINA 0,3% (3 MG/ML)",14,FRASCO GOTERO,1
11,CLINICA MEDICA,"CIPROFLOXACINA 0,3% (3 MG/ML)",14,FRASCO GOTERO,1
9,ALERGIA E INMUNOLOGIA,"CIPROFLOXACINA 0,3% (3 MG/ML)",14,FRASCO GOTERO,1
6,NEFROLOGIA PEDIATRICA,"CIPROFLOXACINA 0,3% (3 MG/ML)",14,FRASCO GOTERO,1
150,FISIATRA (NIÑOS) ,CITICOLINA 100 MG/ML.SOLUCION ,8,FRASCO GOTERO,1
91,TERAPIA DEL DOLOR Y MEDICINA PALIATIVA ,CITICOLINA 100 MG/ML.SOLUCION ,8,FRASCO GOTERO,1
89,GERIATRIA,CITICOLINA 100 MG/ML.SOLUCION ,8,FRASCO GOTERO,1
24,NEUROCIRUGIA,CITICOLINA 100 MG/ML.SOLUCION ,8,FRASCO GOTERO,1
18,FISIATRIA ADULTO,CITICOLINA 100 MG/ML.SOLUCION ,8,FRASCO GOTERO,1
11,CLINICA MEDICA,CITICOLINA 100 MG/ML.SOLUCION ,8,FRASCO GOTERO,1
3,NEUROLOGIA,CITICOLINA 100 MG/ML.SOLUCION ,8,FRASCO GOTERO,1
46,HEMODINAMIA,CITICOLINA 100 MG/ML.SOLUCION ,8,FRASCO GOTERO,1
7,SIQUIATRIA,CARBONATO DE LITIO 300 mg,3,COMPRIMIDO,1
87,REUMATOLOGIA PEDIATRICA,LEFLUNOMIDA 20 MG.,3,COMPRIMIDO,20
1,REUMATOLOGIA,LEFLUNOMIDA 20 MG.,3,COMPRIMIDO,20
1,REUMATOLOGIA,LEFLUNOMIDA 20 MG.,3,COMPRIMIDO,20
199,TELESALUD HV,LEVOFLOXACINA 500 MG,3,COMPRIMIDO RECUBIERTO ,20
183,ONCOLOGIA PEDIATRICA,LEVOFLOXACINA 500 MG,3,COMPRIMIDO RECUBIERTO ,20
139,INFECTOLOGIA PEDIATRICA,LEVOFLOXACINA 500 MG,3,COMPRIMIDO RECUBIERTO ,20
97,SALUD OCUPACIONAL,LEVOFLOXACINA 500 MG,3,COMPRIMIDO RECUBIERTO ,20
91,TERAPIA DEL DOLOR Y MEDICINA PALIATIVA ,LEVOFLOXACINA 500 MG,3,COMPRIMIDO RECUBIERTO ,1
89,GERIATRIA,LEVOFLOXACINA 500 MG,3,COMPRIMIDO RECUBIERTO ,20
87,REUMATOLOGIA PEDIATRICA,LEVOFLOXACINA 500 MG,3,COMPRIMIDO RECUBIERTO ,20
86,NEUMOLOGIA PEDIATRICA,LEVOFLOXACINA 500 MG,3,COMPRIMIDO RECUBIERTO ,20
86,NEUMOLOGIA PEDIATRICA,LEVOFLOXACINA 500 MG,3,COMPRIMIDO RECUBIERTO ,1
69,UNIDAD DE TRANSPLANTE,LEVOFLOXACINA 500 MG,3,COMPRIMIDO RECUBIERTO ,20
60,GASTROENTEROLOGIA PEDIATRICA,LEVOFLOXACINA 500 MG,3,COMPRIMIDO RECUBIERTO ,20
56,NEUMOLOGIA,LEVOFLOXACINA 500 MG,3,COMPRIMIDO RECUBIERTO ,20
50,NEFROLOGIA,LEVOFLOXACINA 500 MG,3,COMPRIMIDO RECUBIERTO ,20
47,INFECTOLOGIA,LEVOFLOXACINA 500 MG,3,COMPRIMIDO RECUBIERTO ,20
22,OTORRINOLARINGOLOGIA,LEVOFLOXACINA 500 MG,3,COMPRIMIDO RECUBIERTO ,1
12,CARDIOLOGIA,LEVOFLOXACINA 500 MG,3,COMPRIMIDO RECUBIERTO ,20
11,CLINICA MEDICA,LEVOFLOXACINA 500 MG,3,COMPRIMIDO RECUBIERTO ,10
11,CLINICA MEDICA,LEVOFLOXACINA 500 MG,3,COMPRIMIDO RECUBIERTO ,20
10,GASTROENTEROLOGIA,LEVOFLOXACINA 500 MG,3,COMPRIMIDO RECUBIERTO ,1
9,ALERGIA E INMUNOLOGIA,LEVOFLOXACINA 500 MG,3,COMPRIMIDO RECUBIERTO ,20
6,NEFROLOGIA PEDIATRICA,LEVOFLOXACINA 500 MG,3,COMPRIMIDO RECUBIERTO ,20
5,CARDIOLOGIA PEDIATRICA,LEVOFLOXACINA 500 MG,3,COMPRIMIDO RECUBIERTO ,20
2,HEMATOLOGIA,LEVOFLOXACINA 500 MG,3,COMPRIMIDO RECUBIERTO ,1
23,URGENCIAS CLINICA MEDICA,LEVOFLOXACINA 500 MG,3,COMPRIMIDO RECUBIERTO ,1
199,TELESALUD HV,MESALASINA 5 ASA 500 MG.,3,COMPRIMIDO,30
89,GERIATRIA,MESALASINA 5 ASA 500 MG.,3,COMPRIMIDO,20
87,REUMATOLOGIA PEDIATRICA,MESALASINA 5 ASA 500 MG.,3,COMPRIMIDO,20
60,GASTROENTEROLOGIA PEDIATRICA,MESALASINA 5 ASA 500 MG.,3,COMPRIMIDO,1
29,PROCTOLOGIA,MESALASINA 5 ASA 500 MG.,3,COMPRIMIDO,20
28,CIRUGIA GENERAL,MESALASINA 5 ASA 500 MG.,3,COMPRIMIDO,20
11,CLINICA MEDICA,MESALASINA 5 ASA 500 MG.,3,COMPRIMIDO,20
10,GASTROENTEROLOGIA,MESALASINA 5 ASA 500 MG.,3,COMPRIMIDO,20
10,GASTROENTEROLOGIA,MESALASINA 5 ASA 500 MG.,3,COMPRIMIDO,20
1,REUMATOLOGIA,MESALASINA 5 ASA 500 MG.,3,COMPRIMIDO,20
23,URGENCIAS CLINICA MEDICA,MESALASINA 5 ASA 500 MG.,3,COMPRIMIDO,1
199,TELESALUD HV,RISPERIDONA 3 MG.,3,COMPRIMIDO,30
181,NEURODESARROLLO ,RISPERIDONA 3 MG.,3,COMPRIMIDO,20
91,TERAPIA DEL DOLOR Y MEDICINA PALIATIVA ,RISPERIDONA 3 MG.,3,COMPRIMIDO,1
89,GERIATRIA,RISPERIDONA 3 MG.,3,COMPRIMIDO,20
66,NEUROLOGIA PEDIATRICA,RISPERIDONA 3 MG.,3,COMPRIMIDO,90
24,NEUROCIRUGIA,RISPERIDONA 3 MG.,3,COMPRIMIDO,1
24,NEUROCIRUGIA,RISPERIDONA 3 MG.,3,COMPRIMIDO,20
7,SIQUIATRIA,RISPERIDONA 3 MG.,3,COMPRIMIDO,20
3,NEUROLOGIA,RISPERIDONA 3 MG.,3,COMPRIMIDO,20
177,PSIQUIATRIA INFANTIL,RISPERIDONA 3 MG.,3,COMPRIMIDO,20
199,TELESALUD HV,"TAMSULOSINA CLORHIDRATO  0,4 MG  ",20,COMPRIMIDO RECUBIERTO/CAPSULA,20
183,ONCOLOGIA PEDIATRICA,"TAMSULOSINA CLORHIDRATO  0,4 MG  ",20,COMPRIMIDO RECUBIERTO/CAPSULA,20
101,MEDICINA FAMILIAR,"TAMSULOSINA CLORHIDRATO  0,4 MG  ",20,COMPRIMIDO RECUBIERTO/CAPSULA,30
91,TERAPIA DEL DOLOR Y MEDICINA PALIATIVA ,"TAMSULOSINA CLORHIDRATO  0,4 MG  ",20,COMPRIMIDO RECUBIERTO/CAPSULA,1
89,GERIATRIA,"TAMSULOSINA CLORHIDRATO  0,4 MG  ",20,COMPRIMIDO RECUBIERTO/CAPSULA,20
69,UNIDAD DE TRANSPLANTE,"TAMSULOSINA CLORHIDRATO  0,4 MG  ",20,COMPRIMIDO RECUBIERTO/CAPSULA,1
59,RADIOTERAPIA,"TAMSULOSINA CLORHIDRATO  0,4 MG  ",20,COMPRIMIDO RECUBIERTO/CAPSULA,1
50,NEFROLOGIA,"TAMSULOSINA CLORHIDRATO  0,4 MG  ",20,COMPRIMIDO RECUBIERTO/CAPSULA,20
49,ONCOLOGIA,"TAMSULOSINA CLORHIDRATO  0,4 MG  ",20,COMPRIMIDO RECUBIERTO/CAPSULA,1
21,UROLOGIA,"TAMSULOSINA CLORHIDRATO  0,4 MG  ",20,COMPRIMIDO RECUBIERTO/CAPSULA,20
11,CLINICA MEDICA,"TAMSULOSINA CLORHIDRATO  0,4 MG  ",20,COMPRIMIDO RECUBIERTO/CAPSULA,1
6,NEFROLOGIA PEDIATRICA,"TAMSULOSINA CLORHIDRATO  0,4 MG  ",20,COMPRIMIDO RECUBIERTO/CAPSULA,1
166,UNIDAD DE TERAPIA INTERMEDIA ADULTO,ACT.TISULAR DEL PLASMINOGENO 50MG INYECTABLE.,2,AMPOLLA ,1
66,NEUROLOGIA PEDIATRICA,ACT.TISULAR DEL PLASMINOGENO 50MG INYECTABLE.,2,AMPOLLA ,1
55,CARDIOCIRUGIA,ACT.TISULAR DEL PLASMINOGENO 50MG INYECTABLE.,2,AMPOLLA ,1
48,TERAPIA INTENSIVA,ACT.TISULAR DEL PLASMINOGENO 50MG INYECTABLE.,2,AMPOLLA ,1
12,CARDIOLOGIA,ACT.TISULAR DEL PLASMINOGENO 50MG INYECTABLE.,2,AMPOLLA ,1
5,CARDIOLOGIA PEDIATRICA,ACT.TISULAR DEL PLASMINOGENO 50MG INYECTABLE.,2,AMPOLLA ,1
3,NEUROLOGIA,ACT.TISULAR DEL PLASMINOGENO 50MG INYECTABLE.,2,AMPOLLA ,1
114,UNIDAD CORONARIA,ACT.TISULAR DEL PLASMINOGENO 50MG INYECTABLE.,2,AMPOLLA ,1
23,URGENCIAS CLINICA MEDICA,ACT.TISULAR DEL PLASMINOGENO 50MG INYECTABLE.,2,AMPOLLA ,1
199,TELESALUD HV,IPRATROPIO BROMURO 0.25 MG/ML SOLUCION  ,21,FRASCO GOTERO,1
101,MEDICINA FAMILIAR,IPRATROPIO BROMURO 0.25 MG/ML SOLUCION  ,21,FRASCO GOTERO,1
86,NEUMOLOGIA PEDIATRICA,IPRATROPIO BROMURO 0.25 MG/ML SOLUCION  ,21,FRASCO GOTERO,1
56,NEUMOLOGIA,IPRATROPIO BROMURO 0.25 MG/ML SOLUCION  ,21,FRASCO GOTERO,1
48,TERAPIA INTENSIVA,IPRATROPIO BROMURO 0.25 MG/ML SOLUCION  ,21,FRASCO GOTERO,1
48,TERAPIA INTENSIVA,IPRATROPIO BROMURO 0.25 MG/ML SOLUCION  ,21,FRASCO GOTERO,1
37,PEDIATRIA,IPRATROPIO BROMURO 0.25 MG/ML SOLUCION  ,21,FRASCO GOTERO,1
11,CLINICA MEDICA,IPRATROPIO BROMURO 0.25 MG/ML SOLUCION  ,21,FRASCO GOTERO,1
9,ALERGIA E INMUNOLOGIA,IPRATROPIO BROMURO 0.25 MG/ML SOLUCION  ,21,FRASCO GOTERO,1
11,CLINICA MEDICA,HIERRO PARENTERAL 100MG FE ELEMENTAL.INYECTABLE,2,AMPOLLA,1
204,UNIDAD DE OBSTETRICIA,INMUNOGLOBULINA ANTI D 300 MCG.INYECTABLE,22,FRASCO AMPOLLA,1
52,SALUD REPRODUCTIVA,INMUNOGLOBULINA ANTI D 300 MCG.INYECTABLE,22,FRASCO AMPOLLA,1
34,GINECOLOGIA,INMUNOGLOBULINA ANTI D 300 MCG.INYECTABLE,22,FRASCO AMPOLLA,1
33,GINECO-OBSTETRICIA,INMUNOGLOBULINA ANTI D 300 MCG.INYECTABLE,22,FRASCO AMPOLLA,1
31,OBSTETRICIA,INMUNOGLOBULINA ANTI D 300 MCG.INYECTABLE,22,FRASCO AMPOLLA,1
183,ONCOLOGIA PEDIATRICA,PACLITAXEL 150 MG.INYECTABLE,2,FRASCO AMPOLLA ,1
49,ONCOLOGIA,PACLITAXEL 150 MG.INYECTABLE,2,FRASCO AMPOLLA ,1
107,QUIMIOTERAPIA,PACLITAXEL 150 MG.INYECTABLE,2,FRASCO AMPOLLA ,1
204,UNIDAD DE OBSTETRICIA,"GENTAMICINA 0,1%CREMA  ",12,POMO X 20 GR.,1
183,ONCOLOGIA PEDIATRICA,"GENTAMICINA 0,1%CREMA  ",12,POMO X 20 GR.,1
181,NEURODESARROLLO ,"GENTAMICINA 0,1%CREMA  ",12,POMO X 20 GR.,1
160,CLIMATERIO,"GENTAMICINA 0,1%CREMA  ",12,POMO X 20 GR.,1
139,INFECTOLOGIA PEDIATRICA,"GENTAMICINA 0,1%CREMA  ",12,POMO X 20 GR.,1
66,NEUROLOGIA PEDIATRICA,"GENTAMICINA 0,1%CREMA  ",12,POMO X 20 GR.,2
42,DERMATOLOGIA PEDIATRICA,"GENTAMICINA 0,1%CREMA  ",12,POMO X 20 GR.,1
37,PEDIATRIA,"GENTAMICINA 0,1%CREMA  ",12,POMO X 20 GR.,1
34,GINECOLOGIA,"GENTAMICINA 0,1%CREMA  ",12,POMO X 20 GR.,1
21,UROLOGIA,"GENTAMICINA 0,1%CREMA  ",12,POMO X 20 GR.,1
12,CARDIOLOGIA,"GENTAMICINA 0,1%CREMA  ",12,POMO X 20 GR.,1
11,CLINICA MEDICA,"GENTAMICINA 0,1%CREMA  ",12,POMO X 20 GR.,1
5,CARDIOLOGIA PEDIATRICA,"GENTAMICINA 0,1%CREMA  ",12,POMO X 20 GR.,1
4,ENDOCRINOLOGIA,"GENTAMICINA 0,1%CREMA  ",12,POMO X 20 GR.,1
177,PSIQUIATRIA INFANTIL,"GENTAMICINA 0,1%CREMA  ",12,POMO X 20 GR.,1
170,ESTUDIOS HEMODINAMIA ,"GENTAMICINA 0,1%CREMA  ",12,POMO X 20 GR.,2
160,CLIMATERIO,HIDROCORTISONA 100 MG.INYECTABLE,2,FRASCO AMPOLLA,1
21,UROLOGIA,HIDROCORTISONA 100 MG.INYECTABLE,2,FRASCO AMPOLLA,1
9,ALERGIA E INMUNOLOGIA,HIDROCORTISONA 100 MG.INYECTABLE,2,FRASCO AMPOLLA,1
35,HEMODIALISIS,HIDROCORTISONA 100 MG.INYECTABLE,2,FRASCO AMPOLLA,5
160,CLIMATERIO,OXACILINA 1 G,2,FRASCO AMPOLLA,1
60,GASTROENTEROLOGIA PEDIATRICA,POLIDOCANOL 2 %.INYECTABLE,2,AMPOLLA,1
10,GASTROENTEROLOGIA,POLIDOCANOL 2 %.INYECTABLE,2,AMPOLLA,1
40,OFTALMOLOGIA PEDIATRICA,DORZOLAMIDA 2 %.COLIRIO,14,COLIRIO,1
199,TELESALUD HV,AMLODIPINA 10MG  ,3,UNIDAD,30
183,ONCOLOGIA PEDIATRICA,AMLODIPINA 10MG  ,3,UNIDAD,20
110,HEMATOLOGIA CRONICOS,AMLODIPINA 10MG  ,3,UNIDAD,20
101,MEDICINA FAMILIAR,AMLODIPINA 10MG  ,3,UNIDAD,1
101,MEDICINA FAMILIAR,AMLODIPINA 10MG  ,3,UNIDAD,20
97,SALUD OCUPACIONAL,AMLODIPINA 10MG  ,3,UNIDAD,1
89,GERIATRIA,AMLODIPINA 10MG  ,3,UNIDAD,20
69,UNIDAD DE TRANSPLANTE,AMLODIPINA 10MG  ,3,UNIDAD,1
59,RADIOTERAPIA,AMLODIPINA 10MG  ,3,UNIDAD,1
57,DIABETOLOGIA,AMLODIPINA 10MG  ,3,UNIDAD,20
55,CARDIOCIRUGIA,AMLODIPINA 10MG  ,3,UNIDAD,1
50,NEFROLOGIA,AMLODIPINA 10MG  ,3,UNIDAD,20
44,ENDOCRINOLOGIA PEDIATRICA,AMLODIPINA 10MG  ,3,UNIDAD,1
24,NEUROCIRUGIA,AMLODIPINA 10MG  ,3,UNIDAD,1
12,CARDIOLOGIA,AMLODIPINA 10MG  ,3,UNIDAD,20
11,CLINICA MEDICA,AMLODIPINA 10MG  ,3,UNIDAD,20
6,NEFROLOGIA PEDIATRICA,AMLODIPINA 10MG  ,3,UNIDAD,1
5,CARDIOLOGIA PEDIATRICA,AMLODIPINA 10MG  ,3,UNIDAD,1
4,ENDOCRINOLOGIA,AMLODIPINA 10MG  ,3,UNIDAD,1
4,ENDOCRINOLOGIA,AMLODIPINA 10MG  ,3,UNIDAD,20
4,ENDOCRINOLOGIA,AMLODIPINA 10MG  ,3,UNIDAD,20
3,NEUROLOGIA,AMLODIPINA 10MG  ,3,UNIDAD,1
2,HEMATOLOGIA,AMLODIPINA 10MG  ,3,UNIDAD,1
46,HEMODINAMIA,AMLODIPINA 10MG  ,3,UNIDAD,20
199,TELESALUD HV,TAMOXIFENO 20 MG.COMPRIMIDO/TABLETA.,3,COMPRIMIDO,30
183,ONCOLOGIA PEDIATRICA,TAMOXIFENO 20 MG.COMPRIMIDO/TABLETA.,3,COMPRIMIDO,20
160,CLIMATERIO,TAMOXIFENO 20 MG.COMPRIMIDO/TABLETA.,3,COMPRIMIDO,20
91,TERAPIA DEL DOLOR Y MEDICINA PALIATIVA ,TAMOXIFENO 20 MG.COMPRIMIDO/TABLETA.,3,COMPRIMIDO,20
59,RADIOTERAPIA,TAMOXIFENO 20 MG.COMPRIMIDO/TABLETA.,3,COMPRIMIDO,20
58,MASTOLOGIA,TAMOXIFENO 20 MG.COMPRIMIDO/TABLETA.,3,COMPRIMIDO,20
49,ONCOLOGIA,TAMOXIFENO 20 MG.COMPRIMIDO/TABLETA.,3,COMPRIMIDO,20
49,ONCOLOGIA,TAMOXIFENO 20 MG.COMPRIMIDO/TABLETA.,3,COMPRIMIDO,20
34,GINECOLOGIA,TAMOXIFENO 20 MG.COMPRIMIDO/TABLETA.,3,COMPRIMIDO,20
33,GINECO-OBSTETRICIA,TAMOXIFENO 20 MG.COMPRIMIDO/TABLETA.,3,COMPRIMIDO,20
31,OBSTETRICIA,TAMOXIFENO 20 MG.COMPRIMIDO/TABLETA.,3,COMPRIMIDO,20
21,UROLOGIA,TAMOXIFENO 20 MG.COMPRIMIDO/TABLETA.,3,COMPRIMIDO,1
4,ENDOCRINOLOGIA,TAMOXIFENO 20 MG.COMPRIMIDO/TABLETA.,3,COMPRIMIDO,20
110,HEMATOLOGIA CRONICOS,FACTOR VIII  1000 UI.INYECTABLE,1,PLASMATICO FRASCO AMPOLLA,1
109,HEMATOLOGIA PEDIATRICA,FACTOR VIII  1000 UI.INYECTABLE,1,PLASMATICO FRASCO AMPOLLA,1
2,HEMATOLOGIA,FACTOR VIII  1000 UI.INYECTABLE,1,PLASMATICO FRASCO AMPOLLA,1
2,HEMATOLOGIA,FACTOR VIII  1000 UI.INYECTABLE,1,PLASMATICO FRASCO AMPOLLA,1
107,QUIMIOTERAPIA,FACTOR VIII  1000 UI.INYECTABLE,1,PLASMATICO FRASCO AMPOLLA,1
109,HEMATOLOGIA PEDIATRICA,FACTOR VIII  1000 UI.INYECTABLE,2,RECOMB.FCO.AMP.FLA.OCTOCOG1000,1
2,HEMATOLOGIA,FACTOR VIII  1000 UI.INYECTABLE,2,RECOMB.FCO.AMP.FLA.OCTOCOG1000,1
109,HEMATOLOGIA PEDIATRICA,FACTOR VIII  1000 UI.INYECTABLE,3,RECOMB SIMOCTOCOG,1
2,HEMATOLOGIA,FACTOR VIII  1000 UI.INYECTABLE,3,RECOMB SIMOCTOCOG,1
110,HEMATOLOGIA CRONICOS,ACENOCUMAROL 4 MG.,1,COMPRIMIDO,20
109,HEMATOLOGIA PEDIATRICA,ACENOCUMAROL 4 MG.,1,COMPRIMIDO,1
89,GERIATRIA,ACENOCUMAROL 4 MG.,1,COMPRIMIDO,20
84,ANTICOAGULADOS,ACENOCUMAROL 4 MG.,1,COMPRIMIDO,1
69,UNIDAD DE TRANSPLANTE,ACENOCUMAROL 4 MG.,1,COMPRIMIDO,1
55,CARDIOCIRUGIA,ACENOCUMAROL 4 MG.,1,COMPRIMIDO,20
12,CARDIOLOGIA,ACENOCUMAROL 4 MG.,1,COMPRIMIDO,1
5,CARDIOLOGIA PEDIATRICA,ACENOCUMAROL 4 MG.,1,COMPRIMIDO,1
2,HEMATOLOGIA,ACENOCUMAROL 4 MG.,1,COMPRIMIDO,20
46,HEMODINAMIA,ACENOCUMAROL 4 MG.,1,COMPRIMIDO,1
110,HEMATOLOGIA CRONICOS,FACTOR IX LIOFILIZADO 500/1000 UI.INYECTABLE,1,FRASCO AMPOLLA,1
109,HEMATOLOGIA PEDIATRICA,FACTOR IX LIOFILIZADO 500/1000 UI.INYECTABLE,1,FRASCO AMPOLLA,1
2,HEMATOLOGIA,FACTOR IX LIOFILIZADO 500/1000 UI.INYECTABLE,1,FRASCO AMPOLLA,1
107,QUIMIOTERAPIA,FACTOR IX LIOFILIZADO 500/1000 UI.INYECTABLE,1,FRASCO AMPOLLA,1
110,HEMATOLOGIA CRONICOS,ENOXAPARINA 60 MG (6.000 UI) ,1,JER.PRELLENADA.,1
110,HEMATOLOGIA CRONICOS,ENOXAPARINA 60 MG (6.000 UI) ,1,JER.PRELLENADA.,1
109,HEMATOLOGIA PEDIATRICA,ENOXAPARINA 60 MG (6.000 UI) ,1,JER.PRELLENADA.,1
109,HEMATOLOGIA PEDIATRICA,ENOXAPARINA 60 MG (6.000 UI) ,1,JER.PRELLENADA.,1
55,CARDIOCIRUGIA,ENOXAPARINA 60 MG (6.000 UI) ,1,JER.PRELLENADA.,1
34,GINECOLOGIA,ENOXAPARINA 60 MG (6.000 UI) ,1,JER.PRELLENADA.,1
31,OBSTETRICIA,ENOXAPARINA 60 MG (6.000 UI) ,1,JER.PRELLENADA.,1
12,CARDIOLOGIA,ENOXAPARINA 60 MG (6.000 UI) ,1,JER.PRELLENADA.,1
12,CARDIOLOGIA,ENOXAPARINA 60 MG (6.000 UI) ,1,JER.PRELLENADA.,1
5,CARDIOLOGIA PEDIATRICA,ENOXAPARINA 60 MG (6.000 UI) ,1,JER.PRELLENADA.,1
2,HEMATOLOGIA,ENOXAPARINA 60 MG (6.000 UI) ,1,JER.PRELLENADA.,1
35,HEMODIALISIS,ENOXAPARINA 60 MG (6.000 UI) ,1,JER.PRELLENADA.,1
23,URGENCIAS CLINICA MEDICA,ENOXAPARINA 60 MG (6.000 UI) ,1,JER.PRELLENADA.,1
23,URGENCIAS CLINICA MEDICA,ENOXAPARINA 60 MG (6.000 UI) ,1,JER.PRELLENADA.,1
23,URGENCIAS CLINICA MEDICA,ENOXAPARINA 60 MG (6.000 UI) ,1,JER.PRELLENADA.,1
14,URGENCIAS PEDIATRICAS,ENOXAPARINA 60 MG (6.000 UI) ,1,JER.PRELLENADA.,1
109,HEMATOLOGIA PEDIATRICA,ENOXAPARINA 60 MG (6.000 UI) ,4,JERINGA PRELL.80 MG,1
84,ANTICOAGULADOS,ENOXAPARINA 60 MG (6.000 UI) ,4,JERINGA PRELL.80 MG,1
5,CARDIOLOGIA PEDIATRICA,ENOXAPARINA 60 MG (6.000 UI) ,4,JERINGA PRELL.80 MG,1
49,ONCOLOGIA,ALFA INTERFERON 3.000.000 UI.INYECTABLE,1,FRASCO AMPOLLA,1
40,OFTALMOLOGIA PEDIATRICA,LAGRIMAS ARTIFICIALES LUBRICANTE OCULAR II.COLIRIO,1,FRASCO GOTERO,1
25,OFTALMOLOGIA,LAGRIMAS ARTIFICIALES LUBRICANTE OCULAR II.COLIRIO,1,FRASCO GOTERO,1
217,TRAUMATOLOGIA TUMORES,DEXAMETAZONA 8MG,1,COMPRIMIDO,20
216,TRAUMATOLOGIA RODILLA,DEXAMETAZONA 8MG,1,COMPRIMIDO,20
215,TRAUMATOLOGIA HOMBRO Y CODO,DEXAMETAZONA 8MG,1,COMPRIMIDO,20
214,TRAUMATOLOGIA PIE Y TOBILLO,DEXAMETAZONA 8MG,1,COMPRIMIDO,20
213,TRAUMATOLOGIA MANO Y ANTEBRAZO,DEXAMETAZONA 8MG,1,COMPRIMIDO,20
212,TRAUMATOLOGIA CADERA,DEXAMETAZONA 8MG,1,COMPRIMIDO,20
211,TRAUMATOLOGIA COLUMNA,DEXAMETAZONA 8MG,1,COMPRIMIDO,20
199,TELESALUD HV,DEXAMETAZONA 8MG,1,COMPRIMIDO,20
183,ONCOLOGIA PEDIATRICA,DEXAMETAZONA 8MG,1,COMPRIMIDO,20
160,CLIMATERIO,DEXAMETAZONA 8MG,1,COMPRIMIDO,20
150,FISIATRA (NIÑOS) ,DEXAMETAZONA 8MG,1,COMPRIMIDO,1
110,HEMATOLOGIA CRONICOS,DEXAMETAZONA 8MG,1,COMPRIMIDO,20
109,HEMATOLOGIA PEDIATRICA,DEXAMETAZONA 8MG,1,COMPRIMIDO,20
101,MEDICINA FAMILIAR,DEXAMETAZONA 8MG,1,COMPRIMIDO,20
91,TERAPIA DEL DOLOR Y MEDICINA PALIATIVA ,DEXAMETAZONA 8MG,1,COMPRIMIDO,20
87,REUMATOLOGIA PEDIATRICA,DEXAMETAZONA 8MG,1,COMPRIMIDO,20
86,NEUMOLOGIA PEDIATRICA,DEXAMETAZONA 8MG,1,COMPRIMIDO,20
66,NEUROLOGIA PEDIATRICA,DEXAMETAZONA 8MG,1,COMPRIMIDO,20
59,RADIOTERAPIA,DEXAMETAZONA 8MG,1,COMPRIMIDO,20
58,MASTOLOGIA,DEXAMETAZONA 8MG,1,COMPRIMIDO,20
56,NEUMOLOGIA,DEXAMETAZONA 8MG,1,COMPRIMIDO,20
49,ONCOLOGIA,DEXAMETAZONA 8MG,1,COMPRIMIDO,20
42,DERMATOLOGIA PEDIATRICA,DEXAMETAZONA 8MG,1,COMPRIMIDO,20
37,PEDIATRIA,DEXAMETAZONA 8MG,1,COMPRIMIDO,20
34,GINECOLOGIA,DEXAMETAZONA 8MG,1,COMPRIMIDO,20
33,GINECO-OBSTETRICIA,DEXAMETAZONA 8MG,1,COMPRIMIDO,20
31,OBSTETRICIA,DEXAMETAZONA 8MG,1,COMPRIMIDO,20
24,NEUROCIRUGIA,DEXAMETAZONA 8MG,1,COMPRIMIDO,1
24,NEUROCIRUGIA,DEXAMETAZONA 8MG,1,COMPRIMIDO,1
22,OTORRINOLARINGOLOGIA,DEXAMETAZONA 8MG,1,COMPRIMIDO,20
18,FISIATRIA ADULTO,DEXAMETAZONA 8MG,1,COMPRIMIDO,20
17,CIRUGIA RECONSTRUCTIVA,DEXAMETAZONA 8MG,1,COMPRIMIDO,20
16,TRAUMATOLOGIA GENERAL,DEXAMETAZONA 8MG,1,COMPRIMIDO,20
11,CLINICA MEDICA,DEXAMETAZONA 8MG,1,COMPRIMIDO,20
9,ALERGIA E INMUNOLOGIA,DEXAMETAZONA 8MG,1,COMPRIMIDO,20
8,DERMATOLOGIA,DEXAMETAZONA 8MG,1,COMPRIMIDO,20
3,NEUROLOGIA,DEXAMETAZONA 8MG,1,COMPRIMIDO,20
2,HEMATOLOGIA,DEXAMETAZONA 8MG,1,COMPRIMIDO,20
1,REUMATOLOGIA,DEXAMETAZONA 8MG,1,COMPRIMIDO,20
1,REUMATOLOGIA,DEXAMETAZONA 8MG,1,COMPRIMIDO,20
204,UNIDAD DE OBSTETRICIA,PROGESTERONA NATURAL MICRONIZADA 100 MG ,1,CAPSULA,16
160,CLIMATERIO,PROGESTERONA NATURAL MICRONIZADA 100 MG ,1,CAPSULA,20
52,SALUD REPRODUCTIVA,PROGESTERONA NATURAL MICRONIZADA 100 MG ,1,CAPSULA,1
34,GINECOLOGIA,PROGESTERONA NATURAL MICRONIZADA 100 MG ,1,CAPSULA,20
33,GINECO-OBSTETRICIA,PROGESTERONA NATURAL MICRONIZADA 100 MG ,1,CAPSULA,20
31,OBSTETRICIA,PROGESTERONA NATURAL MICRONIZADA 100 MG ,1,CAPSULA,20
183,ONCOLOGIA PEDIATRICA,FLUORURACILO 500 MG.INYECTABLE,1,AMPOLLA/FRASCO AMPOLLA,1
49,ONCOLOGIA,FLUORURACILO 500 MG.INYECTABLE,1,AMPOLLA/FRASCO AMPOLLA,1
17,CIRUGIA RECONSTRUCTIVA,FLUORURACILO 500 MG.INYECTABLE,1,AMPOLLA/FRASCO AMPOLLA,1
107,QUIMIOTERAPIA,FLUORURACILO 500 MG.INYECTABLE,1,AMPOLLA/FRASCO AMPOLLA,1
51,ANESTESIOLOGIA,BUPIVACAINA S/ EPINEFRINA 0.75% INYECTABLE ,1,AMP. / FCO. AMPOLLA MD,1
28,CIRUGIA GENERAL,BUPIVACAINA S/ EPINEFRINA 0.75% INYECTABLE ,1,AMP. / FCO. AMPOLLA MD,1
51,ANESTESIOLOGIA,EFEDRINA SULFATO ,1,AMPOLLA,1
28,CIRUGIA GENERAL,EFEDRINA SULFATO ,1,AMPOLLA,1
60,GASTROENTEROLOGIA PEDIATRICA,ALBUMINA HUMANA 20%.,1,VIAL,1
59,RADIOTERAPIA,ALBUMINA HUMANA 20%.,1,VIAL,1
10,GASTROENTEROLOGIA,ALBUMINA HUMANA 20%.,1,VIAL,1
35,HEMODIALISIS,ALBUMINA HUMANA 20%.,1,VIAL,6
139,INFECTOLOGIA PEDIATRICA,ANFOTERICINA B DESOXICOLATO 50MG,1,VIAL,1
78,TERAPIA INTENSIVA NINOS,ANFOTERICINA B DESOXICOLATO 50MG,1,VIAL,1
47,INFECTOLOGIA,ANFOTERICINA B DESOXICOLATO 50MG,1,VIAL,1
37,PEDIATRIA,ANFOTERICINA B DESOXICOLATO 50MG,1,VIAL,1
11,CLINICA MEDICA,ANFOTERICINA B DESOXICOLATO 50MG,1,VIAL,1
183,ONCOLOGIA PEDIATRICA,IRINOTECAN (CPT) 100MG/5ML INYECTABLE,1,FRASCO AMPOLLA ,1
49,ONCOLOGIA,IRINOTECAN (CPT) 100MG/5ML INYECTABLE,1,FRASCO AMPOLLA ,1
2,HEMATOLOGIA,IRINOTECAN (CPT) 100MG/5ML INYECTABLE,1,FRASCO AMPOLLA ,1
107,QUIMIOTERAPIA,IRINOTECAN (CPT) 100MG/5ML INYECTABLE,1,FRASCO AMPOLLA ,1
86,NEUMOLOGIA PEDIATRICA,VACUNA ANTIHAEMOPHILUS B INYECTABLE,1,AMPOLLA,1
37,PEDIATRIA,VACUNA ANTIHAEMOPHILUS B INYECTABLE,1,AMPOLLA,1
2,HEMATOLOGIA,MELFALAN 5 MG.COMPRIMIDO,1,COMPRIMIDO,20
4,ENDOCRINOLOGIA,ENZIMA PANCREATINA 170 MG ,1,COMPRIMIDO,20
66,NEUROLOGIA PEDIATRICA,INTERFERON BETA 1A 6.000.000 UI.INYECTABLE ,1,JERINGA PRELLENADA,1
37,PEDIATRIA,INTERFERON BETA 1A 6.000.000 UI.INYECTABLE ,1,JERINGA PRELLENADA,1
24,NEUROCIRUGIA,INTERFERON BETA 1A 6.000.000 UI.INYECTABLE ,1,JERINGA PRELLENADA,1
3,NEUROLOGIA,INTERFERON BETA 1A 6.000.000 UI.INYECTABLE ,1,JERINGA PRELLENADA,1
169,RECETAS INTERFERON (NEUROLOGIA),INTERFERON BETA 1A 6.000.000 UI.INYECTABLE ,1,JERINGA PRELLENADA,1
75,RECETAS POR RESOLUCION,INTERFERON BETA 1A 6.000.000 UI.INYECTABLE ,1,JERINGA PRELLENADA,1
183,ONCOLOGIA PEDIATRICA,OXALIPLATINO 100 MG.INYECTABLE,1,FRASCO AMP.,1
49,ONCOLOGIA,OXALIPLATINO 100 MG.INYECTABLE,1,FRASCO AMP.,1
2,HEMATOLOGIA,OXALIPLATINO 100 MG.INYECTABLE,1,FRASCO AMP.,1
107,QUIMIOTERAPIA,OXALIPLATINO 100 MG.INYECTABLE,1,FRASCO AMP.,1
217,TRAUMATOLOGIA TUMORES,ALENDRONATO 70 MG,1,UNIDAD ,1
216,TRAUMATOLOGIA RODILLA,ALENDRONATO 70 MG,1,UNIDAD ,1
215,TRAUMATOLOGIA HOMBRO Y CODO,ALENDRONATO 70 MG,1,UNIDAD ,1
214,TRAUMATOLOGIA PIE Y TOBILLO,ALENDRONATO 70 MG,1,UNIDAD ,1
213,TRAUMATOLOGIA MANO Y ANTEBRAZO,ALENDRONATO 70 MG,1,UNIDAD ,1
212,TRAUMATOLOGIA CADERA,ALENDRONATO 70 MG,1,UNIDAD ,1
211,TRAUMATOLOGIA COLUMNA,ALENDRONATO 70 MG,1,UNIDAD ,1
199,TELESALUD HV,ALENDRONATO 70 MG,1,UNIDAD ,30
183,ONCOLOGIA PEDIATRICA,ALENDRONATO 70 MG,1,UNIDAD ,20
160,CLIMATERIO,ALENDRONATO 70 MG,1,UNIDAD ,1
150,FISIATRA (NIÑOS) ,ALENDRONATO 70 MG,1,UNIDAD ,1
110,HEMATOLOGIA CRONICOS,ALENDRONATO 70 MG,1,UNIDAD ,20
109,HEMATOLOGIA PEDIATRICA,ALENDRONATO 70 MG,1,UNIDAD ,20
101,MEDICINA FAMILIAR,ALENDRONATO 70 MG,1,UNIDAD ,1
91,TERAPIA DEL DOLOR Y MEDICINA PALIATIVA ,ALENDRONATO 70 MG,1,UNIDAD ,1
89,GERIATRIA,ALENDRONATO 70 MG,1,UNIDAD ,1
87,REUMATOLOGIA PEDIATRICA,ALENDRONATO 70 MG,1,UNIDAD ,1
69,UNIDAD DE TRANSPLANTE,ALENDRONATO 70 MG,1,UNIDAD ,1
60,GASTROENTEROLOGIA PEDIATRICA,ALENDRONATO 70 MG,1,UNIDAD ,20
60,GASTROENTEROLOGIA PEDIATRICA,ALENDRONATO 70 MG,1,UNIDAD ,20
59,RADIOTERAPIA,ALENDRONATO 70 MG,1,UNIDAD ,1
58,MASTOLOGIA,ALENDRONATO 70 MG,1,UNIDAD ,1
57,DIABETOLOGIA,ALENDRONATO 70 MG,1,UNIDAD ,20
50,NEFROLOGIA,ALENDRONATO 70 MG,1,UNIDAD ,1
49,ONCOLOGIA,ALENDRONATO 70 MG,1,UNIDAD ,20
44,ENDOCRINOLOGIA PEDIATRICA,ALENDRONATO 70 MG,1,UNIDAD ,1
41,TRAUMATOLOGIA PEDIATRICA,ALENDRONATO 70 MG,1,UNIDAD ,1
34,GINECOLOGIA,ALENDRONATO 70 MG,1,UNIDAD ,20
33,GINECO-OBSTETRICIA,ALENDRONATO 70 MG,1,UNIDAD ,1
31,OBSTETRICIA,ALENDRONATO 70 MG,1,UNIDAD ,1
24,NEUROCIRUGIA,ALENDRONATO 70 MG,1,UNIDAD ,1
18,FISIATRIA ADULTO,ALENDRONATO 70 MG,1,UNIDAD ,1
18,FISIATRIA ADULTO,ALENDRONATO 70 MG,1,UNIDAD ,1
16,TRAUMATOLOGIA GENERAL,ALENDRONATO 70 MG,1,UNIDAD ,1
11,CLINICA MEDICA,ALENDRONATO 70 MG,1,UNIDAD ,1
10,GASTROENTEROLOGIA,ALENDRONATO 70 MG,1,UNIDAD ,1
6,NEFROLOGIA PEDIATRICA,ALENDRONATO 70 MG,1,UNIDAD ,1
4,ENDOCRINOLOGIA,ALENDRONATO 70 MG,1,UNIDAD ,20
4,ENDOCRINOLOGIA,ALENDRONATO 70 MG,1,UNIDAD ,20
2,HEMATOLOGIA,ALENDRONATO 70 MG,1,UNIDAD ,20
1,REUMATOLOGIA,ALENDRONATO 70 MG,1,UNIDAD ,20
1,REUMATOLOGIA,ALENDRONATO 70 MG,1,UNIDAD ,20
107,QUIMIOTERAPIA,DACTINOMICINA (ACTINOMICINA D)INYECTABLE,1,FRASCO AMPOLLA 500 MCG,1
78,TERAPIA INTENSIVA NINOS,SURF PULMO PALMI COLFOSCERILO/CALFACTANT 25MG/27MG/35MG,1,VIAL (25MG),1
77,NEONATOLOGIA,SURF PULMO PALMI COLFOSCERILO/CALFACTANT 25MG/27MG/35MG,1,VIAL (25MG),1
107,QUIMIOTERAPIA,DOCETAXEL 20MG./VIAL,1,VIAL,1
2,HEMATOLOGIA,PEGINTERFERON ALFA 2A(40 DK)180 UG INYECTABLE,1,JERINGA PRELLENADA,4
107,QUIMIOTERAPIA,DOCETAXEL 80MG./VIAL,1,VIAL,1
182,NUTRIOLOGIA PEDIATRICA,POTASIO ORAL ,1,UNIDAD,20
69,UNIDAD DE TRANSPLANTE,POTASIO ORAL ,1,UNIDAD,20
60,GASTROENTEROLOGIA PEDIATRICA,POTASIO ORAL ,1,UNIDAD,20
50,NEFROLOGIA,POTASIO ORAL ,1,UNIDAD,20
10,GASTROENTEROLOGIA,POTASIO ORAL ,1,UNIDAD,1
6,NEFROLOGIA PEDIATRICA,POTASIO ORAL ,1,UNIDAD,20
183,ONCOLOGIA PEDIATRICA,VINORELBINE 50 MG INYECTABLE,1,FRASCO AMPOLLA ,1
109,HEMATOLOGIA PEDIATRICA,VINORELBINE 50 MG INYECTABLE,1,FRASCO AMPOLLA ,1
49,ONCOLOGIA,VINORELBINE 50 MG INYECTABLE,1,FRASCO AMPOLLA ,1
2,HEMATOLOGIA,VINORELBINE 50 MG INYECTABLE,1,FRASCO AMPOLLA ,1
107,QUIMIOTERAPIA,VINORELBINE 50 MG INYECTABLE,1,FRASCO AMPOLLA ,1
51,ANESTESIOLOGIA,SEVOFLURANO 100% (1ML/ML.),1,FRASCO C/VAPORIZADOR,1
28,CIRUGIA GENERAL,SEVOFLURANO 100% (1ML/ML.),1,FRASCO C/VAPORIZADOR,1
87,REUMATOLOGIA PEDIATRICA,ADALIMUMAB 40MG.INYECTABLE,1,JERINGA PRELLENADA,1
10,GASTROENTEROLOGIA,ADALIMUMAB 40MG.INYECTABLE,1,JERINGA PRELLENADA,1
8,DERMATOLOGIA,ADALIMUMAB 40MG.INYECTABLE,1,JERINGA PRELLENADA,1
204,UNIDAD DE OBSTETRICIA,MICONAZOL 2% CREMA.  ,1,POMO,1
160,CLIMATERIO,MICONAZOL 2% CREMA.  ,1,POMO,1
139,INFECTOLOGIA PEDIATRICA,MICONAZOL 2% CREMA.  ,1,POMO,1
42,DERMATOLOGIA PEDIATRICA,MICONAZOL 2% CREMA.  ,1,POMO,1
34,GINECOLOGIA,MICONAZOL 2% CREMA.  ,1,POMO,1
11,CLINICA MEDICA,MICONAZOL 2% CREMA.  ,1,POMO,1
170,ESTUDIOS HEMODINAMIA ,MICONAZOL 2% CREMA.  ,1,POMO,2
199,TELESALUD HV,ATORVASTATINA  40 MG ,1,UNIDAD,20
183,ONCOLOGIA PEDIATRICA,ATORVASTATINA  40 MG ,1,UNIDAD,20
182,NUTRIOLOGIA PEDIATRICA,ATORVASTATINA  40 MG ,1,UNIDAD,20
181,NEURODESARROLLO ,ATORVASTATINA  40 MG ,1,UNIDAD,20
160,CLIMATERIO,ATORVASTATINA  40 MG ,1,UNIDAD,20
110,HEMATOLOGIA CRONICOS,ATORVASTATINA  40 MG ,1,UNIDAD,20
109,HEMATOLOGIA PEDIATRICA,ATORVASTATINA  40 MG ,1,UNIDAD,20
101,MEDICINA FAMILIAR,ATORVASTATINA  40 MG ,1,UNIDAD,20
89,GERIATRIA,ATORVASTATINA  40 MG ,1,UNIDAD,20
87,REUMATOLOGIA PEDIATRICA,ATORVASTATINA  40 MG ,1,UNIDAD,20
69,UNIDAD DE TRANSPLANTE,ATORVASTATINA  40 MG ,1,UNIDAD,1
66,NEUROLOGIA PEDIATRICA,ATORVASTATINA  40 MG ,1,UNIDAD,30
60,GASTROENTEROLOGIA PEDIATRICA,ATORVASTATINA  40 MG ,1,UNIDAD,20
58,MASTOLOGIA,ATORVASTATINA  40 MG ,1,UNIDAD,20
57,DIABETOLOGIA,ATORVASTATINA  40 MG ,1,UNIDAD,20
56,NEUMOLOGIA,ATORVASTATINA  40 MG ,1,UNIDAD,20
50,NEFROLOGIA,ATORVASTATINA  40 MG ,1,UNIDAD,20
49,ONCOLOGIA,ATORVASTATINA  40 MG ,1,UNIDAD,20
49,ONCOLOGIA,ATORVASTATINA  40 MG ,1,UNIDAD,20
44,ENDOCRINOLOGIA PEDIATRICA,ATORVASTATINA  40 MG ,1,UNIDAD,20
42,DERMATOLOGIA PEDIATRICA,ATORVASTATINA  40 MG ,1,UNIDAD,20
21,UROLOGIA,ATORVASTATINA  40 MG ,1,UNIDAD,20
12,CARDIOLOGIA,ATORVASTATINA  40 MG ,1,UNIDAD,20
12,CARDIOLOGIA,ATORVASTATINA  40 MG ,1,UNIDAD,20
11,CLINICA MEDICA,ATORVASTATINA  40 MG ,1,UNIDAD,20
11,CLINICA MEDICA,ATORVASTATINA  40 MG ,1,UNIDAD,20
7,SIQUIATRIA,ATORVASTATINA  40 MG ,1,UNIDAD,20
6,NEFROLOGIA PEDIATRICA,ATORVASTATINA  40 MG ,1,UNIDAD,20
5,CARDIOLOGIA PEDIATRICA,ATORVASTATINA  40 MG ,1,UNIDAD,20
4,ENDOCRINOLOGIA,ATORVASTATINA  40 MG ,1,UNIDAD,20
3,NEUROLOGIA,ATORVASTATINA  40 MG ,1,UNIDAD,20
2,HEMATOLOGIA,ATORVASTATINA  40 MG ,1,UNIDAD,20
1,REUMATOLOGIA,ATORVASTATINA  40 MG ,1,UNIDAD,20
177,PSIQUIATRIA INFANTIL,ATORVASTATINA  40 MG ,1,UNIDAD,20
170,ESTUDIOS HEMODINAMIA ,ATORVASTATINA  40 MG ,1,UNIDAD,20
23,URGENCIAS CLINICA MEDICA,ATORVASTATINA  40 MG ,1,UNIDAD,20
199,TELESALUD HV,CETIRIZINA 10 MG.,1,COMPRIMIDO RECUBIERTO,30
199,TELESALUD HV,CETIRIZINA 10 MG.,1,COMPRIMIDO RECUBIERTO,20
183,ONCOLOGIA PEDIATRICA,CETIRIZINA 10 MG.,1,COMPRIMIDO RECUBIERTO,20
182,NUTRIOLOGIA PEDIATRICA,CETIRIZINA 10 MG.,1,COMPRIMIDO RECUBIERTO,20
139,INFECTOLOGIA PEDIATRICA,CETIRIZINA 10 MG.,1,COMPRIMIDO RECUBIERTO,20
101,MEDICINA FAMILIAR,CETIRIZINA 10 MG.,1,COMPRIMIDO RECUBIERTO,20
89,GERIATRIA,CETIRIZINA 10 MG.,1,COMPRIMIDO RECUBIERTO,20
86,NEUMOLOGIA PEDIATRICA,CETIRIZINA 10 MG.,1,COMPRIMIDO RECUBIERTO,20
86,NEUMOLOGIA PEDIATRICA,CETIRIZINA 10 MG.,1,COMPRIMIDO RECUBIERTO,1
69,UNIDAD DE TRANSPLANTE,CETIRIZINA 10 MG.,1,COMPRIMIDO RECUBIERTO,20
56,NEUMOLOGIA,CETIRIZINA 10 MG.,1,COMPRIMIDO RECUBIERTO,20
50,NEFROLOGIA,CETIRIZINA 10 MG.,1,COMPRIMIDO RECUBIERTO,20
50,NEFROLOGIA,CETIRIZINA 10 MG.,1,COMPRIMIDO RECUBIERTO,20
49,ONCOLOGIA,CETIRIZINA 10 MG.,1,COMPRIMIDO RECUBIERTO,1
49,ONCOLOGIA,CETIRIZINA 10 MG.,1,COMPRIMIDO RECUBIERTO,20
48,TERAPIA INTENSIVA,CETIRIZINA 10 MG.,1,COMPRIMIDO RECUBIERTO,1
47,INFECTOLOGIA,CETIRIZINA 10 MG.,1,COMPRIMIDO RECUBIERTO,1
43,OTORRINOLARINGOLOGIA PEDIATRICA,CETIRIZINA 10 MG.,1,COMPRIMIDO RECUBIERTO,20
42,DERMATOLOGIA PEDIATRICA,CETIRIZINA 10 MG.,1,COMPRIMIDO RECUBIERTO,1
42,DERMATOLOGIA PEDIATRICA,CETIRIZINA 10 MG.,1,COMPRIMIDO RECUBIERTO,20
37,PEDIATRIA,CETIRIZINA 10 MG.,1,COMPRIMIDO RECUBIERTO,1
31,OBSTETRICIA,CETIRIZINA 10 MG.,1,COMPRIMIDO RECUBIERTO,20
22,OTORRINOLARINGOLOGIA,CETIRIZINA 10 MG.,1,COMPRIMIDO RECUBIERTO,20
11,CLINICA MEDICA,CETIRIZINA 10 MG.,1,COMPRIMIDO RECUBIERTO,20
9,ALERGIA E INMUNOLOGIA,CETIRIZINA 10 MG.,1,COMPRIMIDO RECUBIERTO,20
8,DERMATOLOGIA,CETIRIZINA 10 MG.,1,COMPRIMIDO RECUBIERTO,20
6,NEFROLOGIA PEDIATRICA,CETIRIZINA 10 MG.,1,COMPRIMIDO RECUBIERTO,20
46,HEMODINAMIA,CETIRIZINA 10 MG.,1,COMPRIMIDO RECUBIERTO,20
199,TELESALUD HV,CLOPIDOGREL 75MG,1,UNIDAD,30
183,ONCOLOGIA PEDIATRICA,CLOPIDOGREL 75MG,1,UNIDAD,20
110,HEMATOLOGIA CRONICOS,CLOPIDOGREL 75MG,1,UNIDAD,20
109,HEMATOLOGIA PEDIATRICA,CLOPIDOGREL 75MG,1,UNIDAD,20
101,MEDICINA FAMILIAR,CLOPIDOGREL 75MG,1,UNIDAD,30
91,TERAPIA DEL DOLOR Y MEDICINA PALIATIVA ,CLOPIDOGREL 75MG,1,UNIDAD,1
89,GERIATRIA,CLOPIDOGREL 75MG,1,UNIDAD,20
69,UNIDAD DE TRANSPLANTE,CLOPIDOGREL 75MG,1,UNIDAD,20
66,NEUROLOGIA PEDIATRICA,CLOPIDOGREL 75MG,1,UNIDAD,60
59,RADIOTERAPIA,CLOPIDOGREL 75MG,1,UNIDAD,20
55,CARDIOCIRUGIA,CLOPIDOGREL 75MG,1,UNIDAD,20
50,NEFROLOGIA,CLOPIDOGREL 75MG,1,UNIDAD,20
27,CIRUGIA VASCULAR PERIFERICA,CLOPIDOGREL 75MG,1,UNIDAD,20
24,NEUROCIRUGIA,CLOPIDOGREL 75MG,1,UNIDAD,20
12,CARDIOLOGIA,CLOPIDOGREL 75MG,1,UNIDAD,20
11,CLINICA MEDICA,CLOPIDOGREL 75MG,1,UNIDAD,20
6,NEFROLOGIA PEDIATRICA,CLOPIDOGREL 75MG,1,UNIDAD,20
5,CARDIOLOGIA PEDIATRICA,CLOPIDOGREL 75MG,1,UNIDAD,20
3,NEUROLOGIA,CLOPIDOGREL 75MG,1,UNIDAD,20
2,HEMATOLOGIA,CLOPIDOGREL 75MG,1,UNIDAD,20
114,UNIDAD CORONARIA,CLOPIDOGREL 75MG,1,UNIDAD,1
46,HEMODINAMIA,CLOPIDOGREL 75MG,1,UNIDAD,20
23,URGENCIAS CLINICA MEDICA,CLOPIDOGREL 75MG,1,UNIDAD,20
42,DERMATOLOGIA PEDIATRICA,ESENCIA DE BERGAMOTA 2 % SOLUCION,1,FRASCO,1
8,DERMATOLOGIA,ESENCIA DE BERGAMOTA 2 % SOLUCION,1,FRASCO,1
199,TELESALUD HV,GLIMEPIRIDA 4 MG. ,1,COMPRIMIDO,30
69,UNIDAD DE TRANSPLANTE,GLIMEPIRIDA 4 MG. ,1,COMPRIMIDO,1
57,DIABETOLOGIA,GLIMEPIRIDA 4 MG. ,1,COMPRIMIDO,1
57,DIABETOLOGIA,GLIMEPIRIDA 4 MG. ,1,COMPRIMIDO,20
50,NEFROLOGIA,GLIMEPIRIDA 4 MG. ,1,COMPRIMIDO,1
44,ENDOCRINOLOGIA PEDIATRICA,GLIMEPIRIDA 4 MG. ,1,COMPRIMIDO,20
11,CLINICA MEDICA,GLIMEPIRIDA 4 MG. ,1,COMPRIMIDO,1
6,NEFROLOGIA PEDIATRICA,GLIMEPIRIDA 4 MG. ,1,COMPRIMIDO,20
4,ENDOCRINOLOGIA,GLIMEPIRIDA 4 MG. ,1,COMPRIMIDO,20
4,ENDOCRINOLOGIA,GLIMEPIRIDA 4 MG. ,1,COMPRIMIDO,30
160,CLIMATERIO,"TIBOLONA 2,5 MG ",1,COMPRIMIDO RECUBIERTO,20
44,ENDOCRINOLOGIA PEDIATRICA,"TIBOLONA 2,5 MG ",1,COMPRIMIDO RECUBIERTO,1
34,GINECOLOGIA,"TIBOLONA 2,5 MG ",1,COMPRIMIDO RECUBIERTO,20
33,GINECO-OBSTETRICIA,"TIBOLONA 2,5 MG ",1,COMPRIMIDO RECUBIERTO,1
31,OBSTETRICIA,"TIBOLONA 2,5 MG ",1,COMPRIMIDO RECUBIERTO,1
4,ENDOCRINOLOGIA,"TIBOLONA 2,5 MG ",1,COMPRIMIDO RECUBIERTO,20
4,ENDOCRINOLOGIA,"TIBOLONA 2,5 MG ",1,COMPRIMIDO RECUBIERTO,1
110,HEMATOLOGIA CRONICOS,HIERRO SACARATO 100 MG DE FE ELEMENTAL,1,AMPOLLA,1
109,HEMATOLOGIA PEDIATRICA,HIERRO SACARATO 100 MG DE FE ELEMENTAL,1,AMPOLLA,1
69,UNIDAD DE TRANSPLANTE,HIERRO SACARATO 100 MG DE FE ELEMENTAL,1,AMPOLLA,1
69,UNIDAD DE TRANSPLANTE,HIERRO SACARATO 100 MG DE FE ELEMENTAL,1,AMPOLLA,1
50,NEFROLOGIA,HIERRO SACARATO 100 MG DE FE ELEMENTAL,1,AMPOLLA,1
12,CARDIOLOGIA,HIERRO SACARATO 100 MG DE FE ELEMENTAL,1,AMPOLLA,1
6,NEFROLOGIA PEDIATRICA,HIERRO SACARATO 100 MG DE FE ELEMENTAL,1,AMPOLLA,1
2,HEMATOLOGIA,HIERRO SACARATO 100 MG DE FE ELEMENTAL,1,AMPOLLA,1
28,CIRUGIA GENERAL,HIALURONIDASA TESTICULAR 5OO MG INYECTABLE,1,AMPOLLA,1
25,OFTALMOLOGIA,HIALURONIDASA TESTICULAR 5OO MG INYECTABLE,1,AMPOLLA,1
181,NEURODESARROLLO ,TOBRAMICINA 3% UNGUENTO OFTALMICO ,1,POMO,1
139,INFECTOLOGIA PEDIATRICA,TOBRAMICINA 3% UNGUENTO OFTALMICO ,1,POMO,1
47,INFECTOLOGIA,TOBRAMICINA 3% UNGUENTO OFTALMICO ,1,POMO,1
40,OFTALMOLOGIA PEDIATRICA,TOBRAMICINA 3% UNGUENTO OFTALMICO ,1,POMO,1
25,OFTALMOLOGIA,TOBRAMICINA 3% UNGUENTO OFTALMICO ,1,POMO,1
40,OFTALMOLOGIA PEDIATRICA,BRIMONIDINA 0.2% COLIRIO ,1,FRASCO GOTERO X 5-10 ML,1
25,OFTALMOLOGIA,BRIMONIDINA 0.2% COLIRIO ,1,FRASCO GOTERO X 5-10 ML,1
25,OFTALMOLOGIA,BRIMONIDINA 0.2% COLIRIO ,1,FRASCO GOTERO X 5-10 ML,1
25,OFTALMOLOGIA,HIDROXIPROPIL METIL CELULOSA 2% COLIRIO,1,FRASCO X 10-15 ML ,1
77,NEONATOLOGIA,"TROPICAMIDA + FENILEFRINA 0,5 % + 5% (5MG/ML + 50 MG/ML)",1,FRASCO GOTERO,1
40,OFTALMOLOGIA PEDIATRICA,"TROPICAMIDA + FENILEFRINA 0,5 % + 5% (5MG/ML + 50 MG/ML)",1,FRASCO GOTERO,1
25,OFTALMOLOGIA,"TROPICAMIDA + FENILEFRINA 0,5 % + 5% (5MG/ML + 50 MG/ML)",1,FRASCO GOTERO,1
40,OFTALMOLOGIA PEDIATRICA,"DORZOLAMIDA + TIMOLOL  2% + 0,50% COLIRIO",1,FRASCO GOTERO,1
25,OFTALMOLOGIA,"DORZOLAMIDA + TIMOLOL  2% + 0,50% COLIRIO",1,FRASCO GOTERO,1
25,OFTALMOLOGIA,"DORZOLAMIDA + TIMOLOL  2% + 0,50% COLIRIO",1,FRASCO GOTERO,1
199,TELESALUD HV,POLIMIXINA B+BACITRACINA+NEOMICINA UNGUENTO/CREMA DERMICA.,1,POMO,2
69,UNIDAD DE TRANSPLANTE,POLIMIXINA B+BACITRACINA+NEOMICINA UNGUENTO/CREMA DERMICA.,1,POMO,1
59,RADIOTERAPIA,POLIMIXINA B+BACITRACINA+NEOMICINA UNGUENTO/CREMA DERMICA.,1,POMO,1
50,NEFROLOGIA,POLIMIXINA B+BACITRACINA+NEOMICINA UNGUENTO/CREMA DERMICA.,1,POMO,1
49,ONCOLOGIA,POLIMIXINA B+BACITRACINA+NEOMICINA UNGUENTO/CREMA DERMICA.,1,POMO,1
48,TERAPIA INTENSIVA,POLIMIXINA B+BACITRACINA+NEOMICINA UNGUENTO/CREMA DERMICA.,1,POMO,1
42,DERMATOLOGIA PEDIATRICA,POLIMIXINA B+BACITRACINA+NEOMICINA UNGUENTO/CREMA DERMICA.,1,POMO,1
42,DERMATOLOGIA PEDIATRICA,POLIMIXINA B+BACITRACINA+NEOMICINA UNGUENTO/CREMA DERMICA.,1,POMO,2
28,CIRUGIA GENERAL,POLIMIXINA B+BACITRACINA+NEOMICINA UNGUENTO/CREMA DERMICA.,1,POMO,1
17,CIRUGIA RECONSTRUCTIVA,POLIMIXINA B+BACITRACINA+NEOMICINA UNGUENTO/CREMA DERMICA.,1,POMO,1
11,CLINICA MEDICA,POLIMIXINA B+BACITRACINA+NEOMICINA UNGUENTO/CREMA DERMICA.,1,POMO,1
8,DERMATOLOGIA,POLIMIXINA B+BACITRACINA+NEOMICINA UNGUENTO/CREMA DERMICA.,1,POMO,2
6,NEFROLOGIA PEDIATRICA,POLIMIXINA B+BACITRACINA+NEOMICINA UNGUENTO/CREMA DERMICA.,1,POMO,1
55,CARDIOCIRUGIA,APROTININA 10.000 UIK/ML INYECTABLE,1,AMPOLLA,1
27,CIRUGIA VASCULAR PERIFERICA,APROTININA 10.000 UIK/ML INYECTABLE,1,AMPOLLA,1
199,TELESALUD HV,"CARVEDILOL 12,5 MG.",1,COMPRIMIDO RANURADO,30
183,ONCOLOGIA PEDIATRICA,"CARVEDILOL 12,5 MG.",1,COMPRIMIDO RANURADO,20
101,MEDICINA FAMILIAR,"CARVEDILOL 12,5 MG.",1,COMPRIMIDO RANURADO,1
89,GERIATRIA,"CARVEDILOL 12,5 MG.",1,COMPRIMIDO RANURADO,1
86,NEUMOLOGIA PEDIATRICA,"CARVEDILOL 12,5 MG.",1,COMPRIMIDO RANURADO,20
69,UNIDAD DE TRANSPLANTE,"CARVEDILOL 12,5 MG.",1,COMPRIMIDO RANURADO,20
60,GASTROENTEROLOGIA PEDIATRICA,"CARVEDILOL 12,5 MG.",1,COMPRIMIDO RANURADO,20
57,DIABETOLOGIA,"CARVEDILOL 12,5 MG.",1,COMPRIMIDO RANURADO,20
56,NEUMOLOGIA,"CARVEDILOL 12,5 MG.",1,COMPRIMIDO RANURADO,1
55,CARDIOCIRUGIA,"CARVEDILOL 12,5 MG.",1,COMPRIMIDO RANURADO,20
50,NEFROLOGIA,"CARVEDILOL 12,5 MG.",1,COMPRIMIDO RANURADO,20
12,CARDIOLOGIA,"CARVEDILOL 12,5 MG.",1,COMPRIMIDO RANURADO,20
11,CLINICA MEDICA,"CARVEDILOL 12,5 MG.",1,COMPRIMIDO RANURADO,1
10,GASTROENTEROLOGIA,"CARVEDILOL 12,5 MG.",1,COMPRIMIDO RANURADO,1
10,GASTROENTEROLOGIA,"CARVEDILOL 12,5 MG.",1,COMPRIMIDO RANURADO,1
6,NEFROLOGIA PEDIATRICA,"CARVEDILOL 12,5 MG.",1,COMPRIMIDO RANURADO,20
5,CARDIOLOGIA PEDIATRICA,"CARVEDILOL 12,5 MG.",1,COMPRIMIDO RANURADO,1
5,CARDIOLOGIA PEDIATRICA,"CARVEDILOL 12,5 MG.",1,COMPRIMIDO RANURADO,20
4,ENDOCRINOLOGIA,"CARVEDILOL 12,5 MG.",1,COMPRIMIDO RANURADO,1
3,NEUROLOGIA,"CARVEDILOL 12,5 MG.",1,COMPRIMIDO RANURADO,1
114,UNIDAD CORONARIA,"CARVEDILOL 12,5 MG.",1,COMPRIMIDO RANURADO,20
46,HEMODINAMIA,"CARVEDILOL 12,5 MG.",1,COMPRIMIDO RANURADO,20
217,TRAUMATOLOGIA TUMORES,GLUCOSAMINA+CONDROITIN SULF.+ MSM POLVO   ,1,SOBRE,1
216,TRAUMATOLOGIA RODILLA,GLUCOSAMINA+CONDROITIN SULF.+ MSM POLVO   ,1,SOBRE,1
215,TRAUMATOLOGIA HOMBRO Y CODO,GLUCOSAMINA+CONDROITIN SULF.+ MSM POLVO   ,1,SOBRE,1
214,TRAUMATOLOGIA PIE Y TOBILLO,GLUCOSAMINA+CONDROITIN SULF.+ MSM POLVO   ,1,SOBRE,1
213,TRAUMATOLOGIA MANO Y ANTEBRAZO,GLUCOSAMINA+CONDROITIN SULF.+ MSM POLVO   ,1,SOBRE,1
212,TRAUMATOLOGIA CADERA,GLUCOSAMINA+CONDROITIN SULF.+ MSM POLVO   ,1,SOBRE,1
211,TRAUMATOLOGIA COLUMNA,GLUCOSAMINA+CONDROITIN SULF.+ MSM POLVO   ,1,SOBRE,1
87,REUMATOLOGIA PEDIATRICA,GLUCOSAMINA+CONDROITIN SULF.+ MSM POLVO   ,1,SOBRE,1
18,FISIATRIA ADULTO,GLUCOSAMINA+CONDROITIN SULF.+ MSM POLVO   ,1,SOBRE,1
16,TRAUMATOLOGIA GENERAL,GLUCOSAMINA+CONDROITIN SULF.+ MSM POLVO   ,1,SOBRE,1
1,REUMATOLOGIA,GLUCOSAMINA+CONDROITIN SULF.+ MSM POLVO   ,1,SOBRE,1
1,REUMATOLOGIA,GLUCOSAMINA+CONDROITIN SULF.+ MSM POLVO   ,1,SOBRE,1
1,REUMATOLOGIA,GLUCOSAMINA+CONDROITIN SULF.+ MSM POLVO   ,1,SOBRE,1
217,TRAUMATOLOGIA TUMORES,HIALURONATO DE SODIO/ACIDO HIALURONICO 25/20MG INYECTABLE.,1,AMPOLLA/JER.PRELLENADA,1
216,TRAUMATOLOGIA RODILLA,HIALURONATO DE SODIO/ACIDO HIALURONICO 25/20MG INYECTABLE.,1,AMPOLLA/JER.PRELLENADA,1
215,TRAUMATOLOGIA HOMBRO Y CODO,HIALURONATO DE SODIO/ACIDO HIALURONICO 25/20MG INYECTABLE.,1,AMPOLLA/JER.PRELLENADA,1
214,TRAUMATOLOGIA PIE Y TOBILLO,HIALURONATO DE SODIO/ACIDO HIALURONICO 25/20MG INYECTABLE.,1,AMPOLLA/JER.PRELLENADA,1
213,TRAUMATOLOGIA MANO Y ANTEBRAZO,HIALURONATO DE SODIO/ACIDO HIALURONICO 25/20MG INYECTABLE.,1,AMPOLLA/JER.PRELLENADA,1
212,TRAUMATOLOGIA CADERA,HIALURONATO DE SODIO/ACIDO HIALURONICO 25/20MG INYECTABLE.,1,AMPOLLA/JER.PRELLENADA,1
211,TRAUMATOLOGIA COLUMNA,HIALURONATO DE SODIO/ACIDO HIALURONICO 25/20MG INYECTABLE.,1,AMPOLLA/JER.PRELLENADA,1
87,REUMATOLOGIA PEDIATRICA,HIALURONATO DE SODIO/ACIDO HIALURONICO 25/20MG INYECTABLE.,1,AMPOLLA/JER.PRELLENADA,1
41,TRAUMATOLOGIA PEDIATRICA,HIALURONATO DE SODIO/ACIDO HIALURONICO 25/20MG INYECTABLE.,1,AMPOLLA/JER.PRELLENADA,1
16,TRAUMATOLOGIA GENERAL,HIALURONATO DE SODIO/ACIDO HIALURONICO 25/20MG INYECTABLE.,1,AMPOLLA/JER.PRELLENADA,1
11,CLINICA MEDICA,HIALURONATO DE SODIO/ACIDO HIALURONICO 25/20MG INYECTABLE.,1,AMPOLLA/JER.PRELLENADA,1
1,REUMATOLOGIA,HIALURONATO DE SODIO/ACIDO HIALURONICO 25/20MG INYECTABLE.,1,AMPOLLA/JER.PRELLENADA,1
1,REUMATOLOGIA,HIALURONATO DE SODIO/ACIDO HIALURONICO 25/20MG INYECTABLE.,1,AMPOLLA/JER.PRELLENADA,1
199,TELESALUD HV,HIDROXICLOROQUINA 200 MG,1,COMPRIMIDO/TABLETA RECUBIERTA,30
110,HEMATOLOGIA CRONICOS,HIDROXICLOROQUINA 200 MG,1,COMPRIMIDO/TABLETA RECUBIERTA,20
109,HEMATOLOGIA PEDIATRICA,HIDROXICLOROQUINA 200 MG,1,COMPRIMIDO/TABLETA RECUBIERTA,20
97,SALUD OCUPACIONAL,HIDROXICLOROQUINA 200 MG,1,COMPRIMIDO/TABLETA RECUBIERTA,20
89,GERIATRIA,HIDROXICLOROQUINA 200 MG,1,COMPRIMIDO/TABLETA RECUBIERTA,20
87,REUMATOLOGIA PEDIATRICA,HIDROXICLOROQUINA 200 MG,1,COMPRIMIDO/TABLETA RECUBIERTA,20
69,UNIDAD DE TRANSPLANTE,HIDROXICLOROQUINA 200 MG,1,COMPRIMIDO/TABLETA RECUBIERTA,20
50,NEFROLOGIA,HIDROXICLOROQUINA 200 MG,1,COMPRIMIDO/TABLETA RECUBIERTA,20
42,DERMATOLOGIA PEDIATRICA,HIDROXICLOROQUINA 200 MG,1,COMPRIMIDO/TABLETA RECUBIERTA,20
11,CLINICA MEDICA,HIDROXICLOROQUINA 200 MG,1,COMPRIMIDO/TABLETA RECUBIERTA,20
8,DERMATOLOGIA,HIDROXICLOROQUINA 200 MG,1,COMPRIMIDO/TABLETA RECUBIERTA,20
6,NEFROLOGIA PEDIATRICA,HIDROXICLOROQUINA 200 MG,1,COMPRIMIDO/TABLETA RECUBIERTA,20
2,HEMATOLOGIA,HIDROXICLOROQUINA 200 MG,1,COMPRIMIDO/TABLETA RECUBIERTA,20
1,REUMATOLOGIA,HIDROXICLOROQUINA 200 MG,1,COMPRIMIDO/TABLETA RECUBIERTA,20
1,REUMATOLOGIA,HIDROXICLOROQUINA 200 MG,1,COMPRIMIDO/TABLETA RECUBIERTA,20
139,INFECTOLOGIA PEDIATRICA,LEVOFLOXACINA  500 MG INYECTABLE   ,1,FRASCO AMPOLLA,1
89,GERIATRIA,LEVOFLOXACINA  500 MG INYECTABLE   ,1,FRASCO AMPOLLA,1
48,TERAPIA INTENSIVA,LEVOFLOXACINA  500 MG INYECTABLE   ,1,FRASCO AMPOLLA,1
47,INFECTOLOGIA,LEVOFLOXACINA  500 MG INYECTABLE   ,1,FRASCO AMPOLLA,1
11,CLINICA MEDICA,LEVOFLOXACINA  500 MG INYECTABLE   ,1,FRASCO AMPOLLA,1
23,URGENCIAS CLINICA MEDICA,LEVOFLOXACINA  500 MG INYECTABLE   ,1,FRASCO AMPOLLA,1
23,URGENCIAS CLINICA MEDICA,LEVOFLOXACINA  500 MG INYECTABLE   ,1,FRASCO AMPOLLA,1
14,URGENCIAS PEDIATRICAS,LEVOFLOXACINA  500 MG INYECTABLE   ,1,FRASCO AMPOLLA,1
24,NEUROCIRUGIA,VENLAFAXINA 25 MG.,1,COMPRIMIDO,1
7,SIQUIATRIA,VENLAFAXINA 25 MG.,1,COMPRIMIDO,20
89,GERIATRIA,LEVOMEPROMAZINA 25 MG.,1,COMPRIMIDO,20
66,NEUROLOGIA PEDIATRICA,LEVOMEPROMAZINA 25 MG.,1,COMPRIMIDO,90
24,NEUROCIRUGIA,LEVOMEPROMAZINA 25 MG.,1,COMPRIMIDO,20
7,SIQUIATRIA,LEVOMEPROMAZINA 25 MG.,1,COMPRIMIDO,20
3,NEUROLOGIA,LEVOMEPROMAZINA 25 MG.,1,COMPRIMIDO,20
177,PSIQUIATRIA INFANTIL,LEVOMEPROMAZINA 25 MG.,1,COMPRIMIDO,20
42,DERMATOLOGIA PEDIATRICA,ZINC GLUCONATO + VIT.B6 80MGR + 20 MGR.COMPRIMIDO,1,COMPRIMIDO,20
8,DERMATOLOGIA,ZINC GLUCONATO + VIT.B6 80MGR + 20 MGR.COMPRIMIDO,1,COMPRIMIDO,20
89,GERIATRIA,SALMETEROL+FLUTICASONA(C/PROP.LIBRE DE CL Y/O BR)25MCG+125 M,1,FCO CON ADAP.BUCAL,1
86,NEUMOLOGIA PEDIATRICA,SALMETEROL+FLUTICASONA(C/PROP.LIBRE DE CL Y/O BR)25MCG+125 M,1,FCO CON ADAP.BUCAL,1
86,NEUMOLOGIA PEDIATRICA,SALMETEROL+FLUTICASONA(C/PROP.LIBRE DE CL Y/O BR)25MCG+125 M,1,FCO CON ADAP.BUCAL,1
86,NEUMOLOGIA PEDIATRICA,SALMETEROL+FLUTICASONA(C/PROP.LIBRE DE CL Y/O BR)25MCG+125 M,1,FCO CON ADAP.BUCAL,2
56,NEUMOLOGIA,SALMETEROL+FLUTICASONA(C/PROP.LIBRE DE CL Y/O BR)25MCG+125 M,1,FCO CON ADAP.BUCAL,1
56,NEUMOLOGIA,SALMETEROL+FLUTICASONA(C/PROP.LIBRE DE CL Y/O BR)25MCG+125 M,1,FCO CON ADAP.BUCAL,1
56,NEUMOLOGIA,SALMETEROL+FLUTICASONA(C/PROP.LIBRE DE CL Y/O BR)25MCG+125 M,1,FCO CON ADAP.BUCAL,1
37,PEDIATRIA,SALMETEROL+FLUTICASONA(C/PROP.LIBRE DE CL Y/O BR)25MCG+125 M,1,FCO CON ADAP.BUCAL,2
22,OTORRINOLARINGOLOGIA,SALMETEROL+FLUTICASONA(C/PROP.LIBRE DE CL Y/O BR)25MCG+125 M,1,FCO CON ADAP.BUCAL,1
9,ALERGIA E INMUNOLOGIA,SALMETEROL+FLUTICASONA(C/PROP.LIBRE DE CL Y/O BR)25MCG+125 M,1,FCO CON ADAP.BUCAL,1
14,URGENCIAS PEDIATRICAS,SALMETEROL+FLUTICASONA(C/PROP.LIBRE DE CL Y/O BR)25MCG+125 M,1,FCO CON ADAP.BUCAL,1
183,ONCOLOGIA PEDIATRICA,GEMCITABINA 200 MG. INYECTABLE,1,FRASCO AMPOLLA,1
49,ONCOLOGIA,GEMCITABINA 200 MG. INYECTABLE,1,FRASCO AMPOLLA,1
2,HEMATOLOGIA,GEMCITABINA 200 MG. INYECTABLE,1,FRASCO AMPOLLA,1
107,QUIMIOTERAPIA,GEMCITABINA 200 MG. INYECTABLE,1,FRASCO AMPOLLA,1
183,ONCOLOGIA PEDIATRICA,GEMCITABINA 1GR.INYECTABLE,1,FRASCO AMPOLLA,1
139,INFECTOLOGIA PEDIATRICA,GEMCITABINA 1GR.INYECTABLE,1,FRASCO AMPOLLA,1
49,ONCOLOGIA,GEMCITABINA 1GR.INYECTABLE,1,FRASCO AMPOLLA,1
2,HEMATOLOGIA,GEMCITABINA 1GR.INYECTABLE,1,FRASCO AMPOLLA,1
107,QUIMIOTERAPIA,GEMCITABINA 1GR.INYECTABLE,1,FRASCO AMPOLLA,1
183,ONCOLOGIA PEDIATRICA,CARBOPLATINO 50 MG.INYECTABLE.,1,VIAL,1
49,ONCOLOGIA,CARBOPLATINO 50 MG.INYECTABLE.,1,VIAL,1
49,ONCOLOGIA,CARBOPLATINO 50 MG.INYECTABLE.,1,VIAL,1
2,HEMATOLOGIA,CARBOPLATINO 50 MG.INYECTABLE.,1,VIAL,1
2,HEMATOLOGIA,CARBOPLATINO 50 MG.INYECTABLE.,1,VIAL,1
107,QUIMIOTERAPIA,CARBOPLATINO 50 MG.INYECTABLE.,1,VIAL,1
199,TELESALUD HV,INSULINA GLARGINA U100 100 U/ML,1,APL.PRELLENADOS DESCARTABLES.,5
57,DIABETOLOGIA,INSULINA GLARGINA U100 100 U/ML,1,APL.PRELLENADOS DESCARTABLES.,1
57,DIABETOLOGIA,INSULINA GLARGINA U100 100 U/ML,1,APL.PRELLENADOS DESCARTABLES.,1
44,ENDOCRINOLOGIA PEDIATRICA,INSULINA GLARGINA U100 100 U/ML,1,APL.PRELLENADOS DESCARTABLES.,1
4,ENDOCRINOLOGIA,INSULINA GLARGINA U100 100 U/ML,1,APL.PRELLENADOS DESCARTABLES.,1
199,TELESALUD HV,CINITAPRIDE 1 MG.,1,COMPRIMIDO,30
183,ONCOLOGIA PEDIATRICA,CINITAPRIDE 1 MG.,1,COMPRIMIDO,20
60,GASTROENTEROLOGIA PEDIATRICA,CINITAPRIDE 1 MG.,1,COMPRIMIDO,20
11,CLINICA MEDICA,CINITAPRIDE 1 MG.,1,COMPRIMIDO,20
10,GASTROENTEROLOGIA,CINITAPRIDE 1 MG.,1,COMPRIMIDO,20
23,URGENCIAS CLINICA MEDICA,CINITAPRIDE 1 MG.,1,COMPRIMIDO,20
199,TELESALUD HV,LOSARTAN POTASICO 50 MG   ,1,COMPRIMIDO,30
183,ONCOLOGIA PEDIATRICA,LOSARTAN POTASICO 50 MG   ,1,COMPRIMIDO,20
110,HEMATOLOGIA CRONICOS,LOSARTAN POTASICO 50 MG   ,1,COMPRIMIDO,20
101,MEDICINA FAMILIAR,LOSARTAN POTASICO 50 MG   ,1,COMPRIMIDO,20
97,SALUD OCUPACIONAL,LOSARTAN POTASICO 50 MG   ,1,COMPRIMIDO,20
91,TERAPIA DEL DOLOR Y MEDICINA PALIATIVA ,LOSARTAN POTASICO 50 MG   ,1,COMPRIMIDO,1
89,GERIATRIA,LOSARTAN POTASICO 50 MG   ,1,COMPRIMIDO,20
86,NEUMOLOGIA PEDIATRICA,LOSARTAN POTASICO 50 MG   ,1,COMPRIMIDO,20
69,UNIDAD DE TRANSPLANTE,LOSARTAN POTASICO 50 MG   ,1,COMPRIMIDO,20
60,GASTROENTEROLOGIA PEDIATRICA,LOSARTAN POTASICO 50 MG   ,1,COMPRIMIDO,20
57,DIABETOLOGIA,LOSARTAN POTASICO 50 MG   ,1,COMPRIMIDO,20
57,DIABETOLOGIA,LOSARTAN POTASICO 50 MG   ,1,COMPRIMIDO,20
56,NEUMOLOGIA,LOSARTAN POTASICO 50 MG   ,1,COMPRIMIDO,1
55,CARDIOCIRUGIA,LOSARTAN POTASICO 50 MG   ,1,COMPRIMIDO,20
50,NEFROLOGIA,LOSARTAN POTASICO 50 MG   ,1,COMPRIMIDO,20
24,NEUROCIRUGIA,LOSARTAN POTASICO 50 MG   ,1,COMPRIMIDO,1
12,CARDIOLOGIA,LOSARTAN POTASICO 50 MG   ,1,COMPRIMIDO,20
11,CLINICA MEDICA,LOSARTAN POTASICO 50 MG   ,1,COMPRIMIDO,20
11,CLINICA MEDICA,LOSARTAN POTASICO 50 MG   ,1,COMPRIMIDO,20
10,GASTROENTEROLOGIA,LOSARTAN POTASICO 50 MG   ,1,COMPRIMIDO,1
9,ALERGIA E INMUNOLOGIA,LOSARTAN POTASICO 50 MG   ,1,COMPRIMIDO,20
6,NEFROLOGIA PEDIATRICA,LOSARTAN POTASICO 50 MG   ,1,COMPRIMIDO,20
5,CARDIOLOGIA PEDIATRICA,LOSARTAN POTASICO 50 MG   ,1,COMPRIMIDO,1
4,ENDOCRINOLOGIA,LOSARTAN POTASICO 50 MG   ,1,COMPRIMIDO,20
3,NEUROLOGIA,LOSARTAN POTASICO 50 MG   ,1,COMPRIMIDO,20
2,HEMATOLOGIA,LOSARTAN POTASICO 50 MG   ,1,COMPRIMIDO,20
1,REUMATOLOGIA,LOSARTAN POTASICO 50 MG   ,1,COMPRIMIDO,20
1,REUMATOLOGIA,LOSARTAN POTASICO 50 MG   ,1,COMPRIMIDO,20
46,HEMODINAMIA,LOSARTAN POTASICO 50 MG   ,1,COMPRIMIDO,20
109,HEMATOLOGIA PEDIATRICA,RITUXIMAB 500 MG.INYECTABLE,1,VIAL- BL,1
87,REUMATOLOGIA PEDIATRICA,RITUXIMAB 500 MG.INYECTABLE,1,VIAL- BL,1
66,NEUROLOGIA PEDIATRICA,RITUXIMAB 500 MG.INYECTABLE,1,VIAL- BL,1
50,NEFROLOGIA,RITUXIMAB 500 MG.INYECTABLE,1,VIAL- BL,1
3,NEUROLOGIA,RITUXIMAB 500 MG.INYECTABLE,1,VIAL- BL,1
2,HEMATOLOGIA,RITUXIMAB 500 MG.INYECTABLE,1,VIAL- BL,1
1,REUMATOLOGIA,RITUXIMAB 500 MG.INYECTABLE,1,VIAL- BL,1
107,QUIMIOTERAPIA,RITUXIMAB 500 MG.INYECTABLE,1,VIAL- BL,1
109,HEMATOLOGIA PEDIATRICA,RITUXIMAB 100MG INYECTABLE,1,VIAL-BL,1
87,REUMATOLOGIA PEDIATRICA,RITUXIMAB 100MG INYECTABLE,1,VIAL-BL,1
66,NEUROLOGIA PEDIATRICA,RITUXIMAB 100MG INYECTABLE,1,VIAL-BL,1
50,NEFROLOGIA,RITUXIMAB 100MG INYECTABLE,1,VIAL-BL,1
3,NEUROLOGIA,RITUXIMAB 100MG INYECTABLE,1,VIAL-BL,1
2,HEMATOLOGIA,RITUXIMAB 100MG INYECTABLE,1,VIAL-BL,1
1,REUMATOLOGIA,RITUXIMAB 100MG INYECTABLE,1,VIAL-BL,1
107,QUIMIOTERAPIA,RITUXIMAB 100MG INYECTABLE,1,VIAL-BL,1
109,HEMATOLOGIA PEDIATRICA,FLUDARABINA 10 MG.,1,COMPRIMIDO,20
2,HEMATOLOGIA,FLUDARABINA 10 MG.,1,COMPRIMIDO,20
107,QUIMIOTERAPIA,FLUDARABINA 10 MG.,1,COMPRIMIDO,20
204,UNIDAD DE OBSTETRICIA,SERTACONAZOL 300 MG ,1,OVULO DU,10
199,TELESALUD HV,SERTACONAZOL 300 MG ,1,OVULO DU,20
52,SALUD REPRODUCTIVA,SERTACONAZOL 300 MG ,1,OVULO DU,20
34,GINECOLOGIA,SERTACONAZOL 300 MG ,1,OVULO DU,20
33,GINECO-OBSTETRICIA,SERTACONAZOL 300 MG ,1,OVULO DU,1
31,OBSTETRICIA,SERTACONAZOL 300 MG ,1,OVULO DU,20
52,SALUD REPRODUCTIVA,ESTRADIOL VALERATO + DROSPIRENONA 1MG/2MG ,1,COMPRIMIDO,20
34,GINECOLOGIA,ESTRADIOL VALERATO + DROSPIRENONA 1MG/2MG ,1,COMPRIMIDO,20
33,GINECO-OBSTETRICIA,ESTRADIOL VALERATO + DROSPIRENONA 1MG/2MG ,1,COMPRIMIDO,1
31,OBSTETRICIA,ESTRADIOL VALERATO + DROSPIRENONA 1MG/2MG ,1,COMPRIMIDO,20
98,PLANIFICACION FAMILIAR,ESTRADIOL VALERATO + DROSPIRENONA 1MG/2MG ,1,COMPRIMIDO,20
204,UNIDAD DE OBSTETRICIA,CLORHIDRATO LABETALOL 20 MG (5MG/ML),1,AMPOLLA,15
199,TELESALUD HV,CLORHIDRATO LABETALOL 20 MG (5MG/ML),1,AMPOLLA,1
78,TERAPIA INTENSIVA NINOS,CLORHIDRATO LABETALOL 20 MG (5MG/ML),1,AMPOLLA,1
52,SALUD REPRODUCTIVA,CLORHIDRATO LABETALOL 20 MG (5MG/ML),1,AMPOLLA,1
48,TERAPIA INTENSIVA,CLORHIDRATO LABETALOL 20 MG (5MG/ML),1,AMPOLLA,1
34,GINECOLOGIA,CLORHIDRATO LABETALOL 20 MG (5MG/ML),1,AMPOLLA,1
33,GINECO-OBSTETRICIA,CLORHIDRATO LABETALOL 20 MG (5MG/ML),1,AMPOLLA,1
31,OBSTETRICIA,CLORHIDRATO LABETALOL 20 MG (5MG/ML),1,AMPOLLA,1
12,CARDIOLOGIA,CLORHIDRATO LABETALOL 20 MG (5MG/ML),1,AMPOLLA,1
5,CARDIOLOGIA PEDIATRICA,CLORHIDRATO LABETALOL 20 MG (5MG/ML),1,AMPOLLA,1
46,HEMODINAMIA,CLORHIDRATO LABETALOL 20 MG (5MG/ML),1,AMPOLLA,1
35,HEMODIALISIS,CLORHIDRATO LABETALOL 20 MG (5MG/ML),1,AMPOLLA,1
52,SALUD REPRODUCTIVA,HEXOPRENALINA SULFATO 5MCG/ML.INYECTABLE,1,AMPOLLA,1
34,GINECOLOGIA,HEXOPRENALINA SULFATO 5MCG/ML.INYECTABLE,1,AMPOLLA,1
33,GINECO-OBSTETRICIA,HEXOPRENALINA SULFATO 5MCG/ML.INYECTABLE,1,AMPOLLA,1
31,OBSTETRICIA,HEXOPRENALINA SULFATO 5MCG/ML.INYECTABLE,1,AMPOLLA,1
160,CLIMATERIO,"HEXOPRENALINA SULFATO 0,5 MG.COMPRIMIDOS",1,COMPRIMIDO,20
52,SALUD REPRODUCTIVA,"HEXOPRENALINA SULFATO 0,5 MG.COMPRIMIDOS",1,COMPRIMIDO,20
34,GINECOLOGIA,"HEXOPRENALINA SULFATO 0,5 MG.COMPRIMIDOS",1,COMPRIMIDO,20
33,GINECO-OBSTETRICIA,"HEXOPRENALINA SULFATO 0,5 MG.COMPRIMIDOS",1,COMPRIMIDO,1
31,OBSTETRICIA,"HEXOPRENALINA SULFATO 0,5 MG.COMPRIMIDOS",1,COMPRIMIDO,20
7,SIQUIATRIA,PRAMIPEXOL 1MG.,1,COMPRIMIDO,20
109,HEMATOLOGIA PEDIATRICA,TACROLIMUS 1 MG.,1,CAPSULA,20
87,REUMATOLOGIA PEDIATRICA,TACROLIMUS 1 MG.,1,CAPSULA,20
69,UNIDAD DE TRANSPLANTE,TACROLIMUS 1 MG.,1,CAPSULA,20
66,NEUROLOGIA PEDIATRICA,TACROLIMUS 1 MG.,1,CAPSULA,240
60,GASTROENTEROLOGIA PEDIATRICA,TACROLIMUS 1 MG.,1,CAPSULA,20
50,NEFROLOGIA,TACROLIMUS 1 MG.,1,CAPSULA,20
6,NEFROLOGIA PEDIATRICA,TACROLIMUS 1 MG.,1,CAPSULA,20
3,NEUROLOGIA,TACROLIMUS 1 MG.,1,CAPSULA,1
2,HEMATOLOGIA,TACROLIMUS 1 MG.,1,CAPSULA,20
1,REUMATOLOGIA,TACROLIMUS 1 MG.,1,CAPSULA,20
1,REUMATOLOGIA,TACROLIMUS 1 MG.,1,CAPSULA,20
1,REUMATOLOGIA,TACROLIMUS 1 MG.,1,CAPSULA,20
48,TERAPIA INTENSIVA,DROTRECOGIN ALFA ACTIVADO 20 MGR.INYECTABLE,1,AMPOLLA,1
48,TERAPIA INTENSIVA,DROTRECOGIN ALFA ACTIVADO 5 MG.INYECTABLE,1,AMPOLLA,1
139,INFECTOLOGIA PEDIATRICA,COLISTINA 100 MG,1,VIAL,1
48,TERAPIA INTENSIVA,COLISTINA 100 MG,1,VIAL,1
47,INFECTOLOGIA,COLISTINA 100 MG,1,VIAL,1
199,TELESALUD HV,L.CASEI/L.PLANT/ST.FAECALIS/B.BREVIS -POLVO ORAL P/RECONST.,1,FRASCO 50ML,2
182,NUTRIOLOGIA PEDIATRICA,L.CASEI/L.PLANT/ST.FAECALIS/B.BREVIS -POLVO ORAL P/RECONST.,1,FRASCO 50ML,1
139,INFECTOLOGIA PEDIATRICA,L.CASEI/L.PLANT/ST.FAECALIS/B.BREVIS -POLVO ORAL P/RECONST.,1,FRASCO 50ML,1
89,GERIATRIA,L.CASEI/L.PLANT/ST.FAECALIS/B.BREVIS -POLVO ORAL P/RECONST.,1,FRASCO 50ML,1
78,TERAPIA INTENSIVA NINOS,L.CASEI/L.PLANT/ST.FAECALIS/B.BREVIS -POLVO ORAL P/RECONST.,1,FRASCO 50ML,1
60,GASTROENTEROLOGIA PEDIATRICA,L.CASEI/L.PLANT/ST.FAECALIS/B.BREVIS -POLVO ORAL P/RECONST.,1,FRASCO 50ML,1
48,TERAPIA INTENSIVA,L.CASEI/L.PLANT/ST.FAECALIS/B.BREVIS -POLVO ORAL P/RECONST.,1,FRASCO 50ML,1
47,INFECTOLOGIA,L.CASEI/L.PLANT/ST.FAECALIS/B.BREVIS -POLVO ORAL P/RECONST.,1,FRASCO 50ML,1
37,PEDIATRIA,L.CASEI/L.PLANT/ST.FAECALIS/B.BREVIS -POLVO ORAL P/RECONST.,1,FRASCO 50ML,1
11,CLINICA MEDICA,L.CASEI/L.PLANT/ST.FAECALIS/B.BREVIS -POLVO ORAL P/RECONST.,1,FRASCO 50ML,1
10,GASTROENTEROLOGIA,L.CASEI/L.PLANT/ST.FAECALIS/B.BREVIS -POLVO ORAL P/RECONST.,1,FRASCO 50ML,1
6,NEFROLOGIA PEDIATRICA,L.CASEI/L.PLANT/ST.FAECALIS/B.BREVIS -POLVO ORAL P/RECONST.,1,FRASCO 50ML,1
183,ONCOLOGIA PEDIATRICA,LEVOSULPIRIDA 25 MG.INYECTABLE,1,AMPOLLA,1
97,SALUD OCUPACIONAL,LEVOSULPIRIDA 25 MG.INYECTABLE,1,AMPOLLA,1
91,TERAPIA DEL DOLOR Y MEDICINA PALIATIVA ,LEVOSULPIRIDA 25 MG.INYECTABLE,1,AMPOLLA,1
89,GERIATRIA,LEVOSULPIRIDA 25 MG.INYECTABLE,1,AMPOLLA,1
60,GASTROENTEROLOGIA PEDIATRICA,LEVOSULPIRIDA 25 MG.INYECTABLE,1,AMPOLLA,1
60,GASTROENTEROLOGIA PEDIATRICA,LEVOSULPIRIDA 25 MG.INYECTABLE,1,AMPOLLA,1
59,RADIOTERAPIA,LEVOSULPIRIDA 25 MG.INYECTABLE,1,AMPOLLA,1
49,ONCOLOGIA,LEVOSULPIRIDA 25 MG.INYECTABLE,1,AMPOLLA,1
48,TERAPIA INTENSIVA,LEVOSULPIRIDA 25 MG.INYECTABLE,1,AMPOLLA,1
28,CIRUGIA GENERAL,LEVOSULPIRIDA 25 MG.INYECTABLE,1,AMPOLLA,1
22,OTORRINOLARINGOLOGIA,LEVOSULPIRIDA 25 MG.INYECTABLE,1,AMPOLLA,1
11,CLINICA MEDICA,LEVOSULPIRIDA 25 MG.INYECTABLE,1,AMPOLLA,1
10,GASTROENTEROLOGIA,LEVOSULPIRIDA 25 MG.INYECTABLE,1,AMPOLLA,1
23,URGENCIAS CLINICA MEDICA,LEVOSULPIRIDA 25 MG.INYECTABLE,1,AMPOLLA,1
14,URGENCIAS PEDIATRICAS,LEVOSULPIRIDA 25 MG.INYECTABLE,1,AMPOLLA,1
29,PROCTOLOGIA,FOSFATO MONO Y DISODICO 48GR - 18GR/100ML.SOLUCION ORAL.,1,FRASCO 45/90 ML ,1
28,CIRUGIA GENERAL,FOSFATO MONO Y DISODICO 48GR - 18GR/100ML.SOLUCION ORAL.,1,FRASCO 45/90 ML ,1
72,RADIOLOGIA,FOSFATO MONO Y DISODICO 48GR - 18GR/100ML.SOLUCION ORAL.,1,FRASCO 45/90 ML ,1
204,UNIDAD DE OBSTETRICIA,ESTRADIOL VALERATO+ENANTATO DE NORETISTERONA 5MG+50MG INYEC.,1,AMPOLLA ,1
160,CLIMATERIO,ESTRADIOL VALERATO+ENANTATO DE NORETISTERONA 5MG+50MG INYEC.,1,AMPOLLA ,1
101,MEDICINA FAMILIAR,ESTRADIOL VALERATO+ENANTATO DE NORETISTERONA 5MG+50MG INYEC.,1,AMPOLLA ,1
52,SALUD REPRODUCTIVA,ESTRADIOL VALERATO+ENANTATO DE NORETISTERONA 5MG+50MG INYEC.,1,AMPOLLA ,1
34,GINECOLOGIA,ESTRADIOL VALERATO+ENANTATO DE NORETISTERONA 5MG+50MG INYEC.,1,AMPOLLA ,1
33,GINECO-OBSTETRICIA,ESTRADIOL VALERATO+ENANTATO DE NORETISTERONA 5MG+50MG INYEC.,1,AMPOLLA ,1
31,OBSTETRICIA,ESTRADIOL VALERATO+ENANTATO DE NORETISTERONA 5MG+50MG INYEC.,1,AMPOLLA ,1
31,OBSTETRICIA,ESTRADIOL VALERATO+ENANTATO DE NORETISTERONA 5MG+50MG INYEC.,1,AMPOLLA ,1
98,PLANIFICACION FAMILIAR,ESTRADIOL VALERATO+ENANTATO DE NORETISTERONA 5MG+50MG INYEC.,1,AMPOLLA ,1
204,UNIDAD DE OBSTETRICIA,ETINIL ESTRADIOL + LEVONORGESTREL ,1,UNIDAD,10
160,CLIMATERIO,ETINIL ESTRADIOL + LEVONORGESTREL ,1,UNIDAD,20
101,MEDICINA FAMILIAR,ETINIL ESTRADIOL + LEVONORGESTREL ,1,UNIDAD,20
101,MEDICINA FAMILIAR,ETINIL ESTRADIOL + LEVONORGESTREL ,1,UNIDAD,20
52,SALUD REPRODUCTIVA,ETINIL ESTRADIOL + LEVONORGESTREL ,1,UNIDAD,20
34,GINECOLOGIA,ETINIL ESTRADIOL + LEVONORGESTREL ,1,UNIDAD,20
33,GINECO-OBSTETRICIA,ETINIL ESTRADIOL + LEVONORGESTREL ,1,UNIDAD,1
31,OBSTETRICIA,ETINIL ESTRADIOL + LEVONORGESTREL ,1,UNIDAD,20
31,OBSTETRICIA,ETINIL ESTRADIOL + LEVONORGESTREL ,1,UNIDAD,20
98,PLANIFICACION FAMILIAR,ETINIL ESTRADIOL + LEVONORGESTREL ,1,UNIDAD,20
34,GINECOLOGIA,MEDROXIPROGESTERONA ACETATO 150 MG.INYECTABLE ,1,AMPOLLA,1
33,GINECO-OBSTETRICIA,MEDROXIPROGESTERONA ACETATO 150 MG.INYECTABLE ,1,AMPOLLA,1
31,OBSTETRICIA,MEDROXIPROGESTERONA ACETATO 150 MG.INYECTABLE ,1,AMPOLLA,20
98,PLANIFICACION FAMILIAR,MEDROXIPROGESTERONA ACETATO 150 MG.INYECTABLE ,1,AMPOLLA,1
46,HEMODINAMIA,ABCIXIMAB 2MG/ML INYECTABLE,1,VIAL,1
204,UNIDAD DE OBSTETRICIA,PRESERVATIVO,1,UNIDAD,30
34,GINECOLOGIA,PRESERVATIVO,1,UNIDAD,1
31,OBSTETRICIA,PRESERVATIVO,1,UNIDAD,1
98,PLANIFICACION FAMILIAR,PRESERVATIVO,1,UNIDAD,1
34,GINECOLOGIA,ENDOCEPTIVO DE LEVONORGESTREL 20 MCG/ 24 H.,1,UNIDAD,1
34,GINECOLOGIA,ENDOCEPTIVO DE LEVONORGESTREL 20 MCG/ 24 H.,1,UNIDAD,1
31,OBSTETRICIA,ENDOCEPTIVO DE LEVONORGESTREL 20 MCG/ 24 H.,1,UNIDAD,1
204,UNIDAD DE OBSTETRICIA,DISPOSITIVO INTRAUTERINO (T DE COBRE),1,UNIDAD,1
31,OBSTETRICIA,DISPOSITIVO INTRAUTERINO (T DE COBRE),1,UNIDAD,1
98,PLANIFICACION FAMILIAR,DISPOSITIVO INTRAUTERINO (T DE COBRE),1,UNIDAD,1
24,NEUROCIRUGIA,HALOPERIDOL 10 MG COMPRIMIDO ,1,COMPRIMIDO,20
183,ONCOLOGIA PEDIATRICA,MESNA 400 MG (100 MG/ML),1,AMPOLLA,1
109,HEMATOLOGIA PEDIATRICA,MESNA 400 MG (100 MG/ML),1,AMPOLLA,1
87,REUMATOLOGIA PEDIATRICA,MESNA 400 MG (100 MG/ML),1,AMPOLLA,1
49,ONCOLOGIA,MESNA 400 MG (100 MG/ML),1,AMPOLLA,1
2,HEMATOLOGIA,MESNA 400 MG (100 MG/ML),1,AMPOLLA,1
107,QUIMIOTERAPIA,MESNA 400 MG (100 MG/ML),1,AMPOLLA,1
199,TELESALUD HV,HIDROCLOROTIAZIDA + AMILORIDA 50 MG+5MG  ,1,COMPRIMIDO,20
181,NEURODESARROLLO ,HIDROCLOROTIAZIDA + AMILORIDA 50 MG+5MG  ,1,COMPRIMIDO,20
160,CLIMATERIO,HIDROCLOROTIAZIDA + AMILORIDA 50 MG+5MG  ,1,COMPRIMIDO,20
160,CLIMATERIO,HIDROCLOROTIAZIDA + AMILORIDA 50 MG+5MG  ,1,COMPRIMIDO,20
109,HEMATOLOGIA PEDIATRICA,HIDROCLOROTIAZIDA + AMILORIDA 50 MG+5MG  ,1,COMPRIMIDO,20
101,MEDICINA FAMILIAR,HIDROCLOROTIAZIDA + AMILORIDA 50 MG+5MG  ,1,COMPRIMIDO,20
87,REUMATOLOGIA PEDIATRICA,HIDROCLOROTIAZIDA + AMILORIDA 50 MG+5MG  ,1,COMPRIMIDO,20
86,NEUMOLOGIA PEDIATRICA,HIDROCLOROTIAZIDA + AMILORIDA 50 MG+5MG  ,1,COMPRIMIDO,20
66,NEUROLOGIA PEDIATRICA,HIDROCLOROTIAZIDA + AMILORIDA 50 MG+5MG  ,1,COMPRIMIDO,30
60,GASTROENTEROLOGIA PEDIATRICA,HIDROCLOROTIAZIDA + AMILORIDA 50 MG+5MG  ,1,COMPRIMIDO,20
58,MASTOLOGIA,HIDROCLOROTIAZIDA + AMILORIDA 50 MG+5MG  ,1,COMPRIMIDO,20
57,DIABETOLOGIA,HIDROCLOROTIAZIDA + AMILORIDA 50 MG+5MG  ,1,COMPRIMIDO,20
56,NEUMOLOGIA,HIDROCLOROTIAZIDA + AMILORIDA 50 MG+5MG  ,1,COMPRIMIDO,20
50,NEFROLOGIA,HIDROCLOROTIAZIDA + AMILORIDA 50 MG+5MG  ,1,COMPRIMIDO,20
49,ONCOLOGIA,HIDROCLOROTIAZIDA + AMILORIDA 50 MG+5MG  ,1,COMPRIMIDO,20
42,DERMATOLOGIA PEDIATRICA,HIDROCLOROTIAZIDA + AMILORIDA 50 MG+5MG  ,1,COMPRIMIDO,20
22,OTORRINOLARINGOLOGIA,HIDROCLOROTIAZIDA + AMILORIDA 50 MG+5MG  ,1,COMPRIMIDO,20
21,UROLOGIA,HIDROCLOROTIAZIDA + AMILORIDA 50 MG+5MG  ,1,COMPRIMIDO,20
12,CARDIOLOGIA,HIDROCLOROTIAZIDA + AMILORIDA 50 MG+5MG  ,1,COMPRIMIDO,20
11,CLINICA MEDICA,HIDROCLOROTIAZIDA + AMILORIDA 50 MG+5MG  ,1,COMPRIMIDO,20
11,CLINICA MEDICA,HIDROCLOROTIAZIDA + AMILORIDA 50 MG+5MG  ,1,COMPRIMIDO,20
11,CLINICA MEDICA,HIDROCLOROTIAZIDA + AMILORIDA 50 MG+5MG  ,1,COMPRIMIDO,20
11,CLINICA MEDICA,HIDROCLOROTIAZIDA + AMILORIDA 50 MG+5MG  ,1,COMPRIMIDO,20
7,SIQUIATRIA,HIDROCLOROTIAZIDA + AMILORIDA 50 MG+5MG  ,1,COMPRIMIDO,20
6,NEFROLOGIA PEDIATRICA,HIDROCLOROTIAZIDA + AMILORIDA 50 MG+5MG  ,1,COMPRIMIDO,20
5,CARDIOLOGIA PEDIATRICA,HIDROCLOROTIAZIDA + AMILORIDA 50 MG+5MG  ,1,COMPRIMIDO,20
4,ENDOCRINOLOGIA,HIDROCLOROTIAZIDA + AMILORIDA 50 MG+5MG  ,1,COMPRIMIDO,20
4,ENDOCRINOLOGIA,HIDROCLOROTIAZIDA + AMILORIDA 50 MG+5MG  ,1,COMPRIMIDO,20
3,NEUROLOGIA,HIDROCLOROTIAZIDA + AMILORIDA 50 MG+5MG  ,1,COMPRIMIDO,20
2,HEMATOLOGIA,HIDROCLOROTIAZIDA + AMILORIDA 50 MG+5MG  ,1,COMPRIMIDO,20
1,REUMATOLOGIA,HIDROCLOROTIAZIDA + AMILORIDA 50 MG+5MG  ,1,COMPRIMIDO,20
177,PSIQUIATRIA INFANTIL,HIDROCLOROTIAZIDA + AMILORIDA 50 MG+5MG  ,1,COMPRIMIDO,20
170,ESTUDIOS HEMODINAMIA ,HIDROCLOROTIAZIDA + AMILORIDA 50 MG+5MG  ,1,COMPRIMIDO,30
48,TERAPIA INTENSIVA,"CLORHEXIDINA 0,12% SOLUCION ORAL",1,FRASCO 200-250 ML,1
43,OTORRINOLARINGOLOGIA PEDIATRICA,"CLORHEXIDINA 0,12% SOLUCION ORAL",1,FRASCO 200-250 ML,1
42,DERMATOLOGIA PEDIATRICA,"CLORHEXIDINA 0,12% SOLUCION ORAL",1,FRASCO 200-250 ML,1
42,DERMATOLOGIA PEDIATRICA,"CLORHEXIDINA 0,12% SOLUCION ORAL",1,FRASCO 200-250 ML,1
28,CIRUGIA GENERAL,"CLORHEXIDINA 0,12% SOLUCION ORAL",1,FRASCO 200-250 ML,2
22,OTORRINOLARINGOLOGIA,"CLORHEXIDINA 0,12% SOLUCION ORAL",1,FRASCO 200-250 ML,2
8,DERMATOLOGIA,"CLORHEXIDINA 0,12% SOLUCION ORAL",1,FRASCO 200-250 ML,1
66,NEUROLOGIA PEDIATRICA,INTERFERON BETA 1A 12.000.000 UI INYECTABLE,1,JERINGA PRELLENADA BIOSIMILAR,1
24,NEUROCIRUGIA,INTERFERON BETA 1A 12.000.000 UI INYECTABLE,1,JERINGA PRELLENADA BIOSIMILAR,1
3,NEUROLOGIA,INTERFERON BETA 1A 12.000.000 UI INYECTABLE,1,JERINGA PRELLENADA BIOSIMILAR,1
169,RECETAS INTERFERON (NEUROLOGIA),INTERFERON BETA 1A 12.000.000 UI INYECTABLE,1,JERINGA PRELLENADA BIOSIMILAR,1
75,RECETAS POR RESOLUCION,INTERFERON BETA 1A 12.000.000 UI INYECTABLE,1,JERINGA PRELLENADA BIOSIMILAR,1
49,ONCOLOGIA,DOCETAXEL ANHIDRO 20 MG INYECTABLE,1,FRASCO AMPOLLA,1
107,QUIMIOTERAPIA,DOCETAXEL ANHIDRO 20 MG INYECTABLE,1,FRASCO AMPOLLA,1
49,ONCOLOGIA,DOCETAXEL ANHIDRO 80 MG INYECTABLE,1,FRASCO AMPOLLA,1
107,QUIMIOTERAPIA,DOCETAXEL ANHIDRO 80 MG INYECTABLE,1,FRASCO AMPOLLA,1
183,ONCOLOGIA PEDIATRICA,ACIDO ZOLEDRONICO 4 MG.INYECTABLE,1,AMPOLLA / FRASCO AMPOLLA,1
109,HEMATOLOGIA PEDIATRICA,ACIDO ZOLEDRONICO 4 MG.INYECTABLE,1,AMPOLLA / FRASCO AMPOLLA,1
87,REUMATOLOGIA PEDIATRICA,ACIDO ZOLEDRONICO 4 MG.INYECTABLE,1,AMPOLLA / FRASCO AMPOLLA,1
49,ONCOLOGIA,ACIDO ZOLEDRONICO 4 MG.INYECTABLE,1,AMPOLLA / FRASCO AMPOLLA,1
44,ENDOCRINOLOGIA PEDIATRICA,ACIDO ZOLEDRONICO 4 MG.INYECTABLE,1,AMPOLLA / FRASCO AMPOLLA,1
2,HEMATOLOGIA,ACIDO ZOLEDRONICO 4 MG.INYECTABLE,1,AMPOLLA / FRASCO AMPOLLA,1
1,REUMATOLOGIA,ACIDO ZOLEDRONICO 4 MG.INYECTABLE,1,AMPOLLA / FRASCO AMPOLLA,1
107,QUIMIOTERAPIA,ACIDO ZOLEDRONICO 4 MG.INYECTABLE,1,AMPOLLA / FRASCO AMPOLLA,1
110,HEMATOLOGIA CRONICOS,AGALSIDASA ALFA 1 MG/ML INYECTABLE,1,FRASCO AMP.JERINGA PRELLENADA,1
109,HEMATOLOGIA PEDIATRICA,AGALSIDASA ALFA 1 MG/ML INYECTABLE,1,FRASCO AMP.JERINGA PRELLENADA,1
2,HEMATOLOGIA,AGALSIDASA ALFA 1 MG/ML INYECTABLE,1,FRASCO AMP.JERINGA PRELLENADA,1
49,ONCOLOGIA,BEVACIZUMAB 400 MG INYECTABLE ,1,FR. AMP. 100 MG,1
25,OFTALMOLOGIA,BEVACIZUMAB 400 MG INYECTABLE ,1,FR. AMP. 100 MG,1
183,ONCOLOGIA PEDIATRICA,BEVACIZUMAB 400 MG INYECTABLE ,2,FR. AMP. 400 MG,1
183,ONCOLOGIA PEDIATRICA,CAPECITABINA 500 MG ,1,COMPRIMIDO RECUBIERTO,20
49,ONCOLOGIA,CAPECITABINA 500 MG ,1,COMPRIMIDO RECUBIERTO,20
183,ONCOLOGIA PEDIATRICA,IMATINIB (CRISTAL BETA) 100 MG ,1,COMPRIMIDO/CAPSULA,20
110,HEMATOLOGIA CRONICOS,IMATINIB (CRISTAL BETA) 100 MG ,1,COMPRIMIDO/CAPSULA,1
109,HEMATOLOGIA PEDIATRICA,IMATINIB (CRISTAL BETA) 100 MG ,1,COMPRIMIDO/CAPSULA,20
49,ONCOLOGIA,IMATINIB (CRISTAL BETA) 100 MG ,1,COMPRIMIDO/CAPSULA,20
2,HEMATOLOGIA,IMATINIB (CRISTAL BETA) 100 MG ,1,COMPRIMIDO/CAPSULA,20
107,QUIMIOTERAPIA,IMATINIB (CRISTAL BETA) 100 MG ,1,COMPRIMIDO/CAPSULA,20
66,NEUROLOGIA PEDIATRICA,RILUZOLE 50 MG ,1,COMPRIMIDO RECUBIERTO,60
3,NEUROLOGIA,RILUZOLE 50 MG ,1,COMPRIMIDO RECUBIERTO,20
75,RECETAS POR RESOLUCION,RILUZOLE 50 MG ,1,COMPRIMIDO RECUBIERTO,1
183,ONCOLOGIA PEDIATRICA,TOPOTECAN 4 MG INYECTABLE,1,FRASCO AMPOLLA,1
49,ONCOLOGIA,TOPOTECAN 4 MG INYECTABLE,1,FRASCO AMPOLLA,1
49,ONCOLOGIA,TRASTUZUMAB 420-440MG EQUIVALENTE A 21MG/ML INYECTABLE,1,FRASCO AMPOLLA (PF),1
107,QUIMIOTERAPIA,TRASTUZUMAB 420-440MG EQUIVALENTE A 21MG/ML INYECTABLE,1,FRASCO AMPOLLA (PF),1
160,CLIMATERIO,LINESTRENOL 0.5 MG ,1,COMPRIMIDO,20
101,MEDICINA FAMILIAR,LINESTRENOL 0.5 MG ,1,COMPRIMIDO,20
52,SALUD REPRODUCTIVA,LINESTRENOL 0.5 MG ,1,COMPRIMIDO,1
34,GINECOLOGIA,LINESTRENOL 0.5 MG ,1,COMPRIMIDO,20
33,GINECO-OBSTETRICIA,LINESTRENOL 0.5 MG ,1,COMPRIMIDO,20
31,OBSTETRICIA,LINESTRENOL 0.5 MG ,1,COMPRIMIDO,20
98,PLANIFICACION FAMILIAR,LINESTRENOL 0.5 MG ,1,COMPRIMIDO,20
204,UNIDAD DE OBSTETRICIA,ACIDO FOLICO 5 MG/ML GOTAS ORALES,1,FRASCO GOTERO,2
182,NUTRIOLOGIA PEDIATRICA,ACIDO FOLICO 5 MG/ML GOTAS ORALES,1,FRASCO GOTERO,1
181,NEURODESARROLLO ,ACIDO FOLICO 5 MG/ML GOTAS ORALES,1,FRASCO GOTERO,1
78,TERAPIA INTENSIVA NINOS,ACIDO FOLICO 5 MG/ML GOTAS ORALES,1,FRASCO GOTERO,1
77,NEONATOLOGIA,ACIDO FOLICO 5 MG/ML GOTAS ORALES,1,FRASCO GOTERO,1
50,NEFROLOGIA,ACIDO FOLICO 5 MG/ML GOTAS ORALES,1,FRASCO GOTERO,1
37,PEDIATRIA,ACIDO FOLICO 5 MG/ML GOTAS ORALES,1,FRASCO GOTERO,1
6,NEFROLOGIA PEDIATRICA,ACIDO FOLICO 5 MG/ML GOTAS ORALES,1,FRASCO GOTERO,1
6,NEFROLOGIA PEDIATRICA,ACIDO FOLICO 5 MG/ML GOTAS ORALES,1,FRASCO GOTERO,1
78,TERAPIA INTENSIVA NINOS,ADENOSINA 6 MG(3MG/ML),1,AMPOLLA,1
55,CARDIOCIRUGIA,ADENOSINA 6 MG(3MG/ML),1,AMPOLLA,1
5,CARDIOLOGIA PEDIATRICA,ADENOSINA 6 MG(3MG/ML),1,AMPOLLA,1
5,CARDIOLOGIA PEDIATRICA,ADENOSINA 6 MG(3MG/ML),1,AMPOLLA,2
182,NUTRIOLOGIA PEDIATRICA,ALBENDAZOL 400 MG SUSPENSION  ,1,ENVASE ,1
181,NEURODESARROLLO ,ALBENDAZOL 400 MG SUSPENSION  ,1,ENVASE ,1
101,MEDICINA FAMILIAR,ALBENDAZOL 400 MG SUSPENSION  ,1,ENVASE ,1
42,DERMATOLOGIA PEDIATRICA,ALBENDAZOL 400 MG SUSPENSION  ,1,ENVASE ,1
37,PEDIATRIA,ALBENDAZOL 400 MG SUSPENSION  ,1,ENVASE ,1
11,CLINICA MEDICA,ALBENDAZOL 400 MG SUSPENSION  ,1,ENVASE ,1
4,ENDOCRINOLOGIA,ALBENDAZOL 400 MG SUSPENSION  ,1,ENVASE ,1
170,ESTUDIOS HEMODINAMIA ,ALBENDAZOL 400 MG SUSPENSION  ,1,ENVASE ,1
199,TELESALUD HV,AMANTADINA 100 MG ,1,COMPRIMIDO ,30
89,GERIATRIA,AMANTADINA 100 MG ,1,COMPRIMIDO ,20
89,GERIATRIA,AMANTADINA 100 MG ,1,COMPRIMIDO ,20
66,NEUROLOGIA PEDIATRICA,AMANTADINA 100 MG ,1,COMPRIMIDO ,90
24,NEUROCIRUGIA,AMANTADINA 100 MG ,1,COMPRIMIDO ,1
11,CLINICA MEDICA,AMANTADINA 100 MG ,1,COMPRIMIDO ,20
3,NEUROLOGIA,AMANTADINA 100 MG ,1,COMPRIMIDO ,20
217,TRAUMATOLOGIA TUMORES,BISACODILO 5 MG ,1,COMPRIMIDO RECUBIERTO/GRAGEAS,1
216,TRAUMATOLOGIA RODILLA,BISACODILO 5 MG ,1,COMPRIMIDO RECUBIERTO/GRAGEAS,1
215,TRAUMATOLOGIA HOMBRO Y CODO,BISACODILO 5 MG ,1,COMPRIMIDO RECUBIERTO/GRAGEAS,1
214,TRAUMATOLOGIA PIE Y TOBILLO,BISACODILO 5 MG ,1,COMPRIMIDO RECUBIERTO/GRAGEAS,1
213,TRAUMATOLOGIA MANO Y ANTEBRAZO,BISACODILO 5 MG ,1,COMPRIMIDO RECUBIERTO/GRAGEAS,1
212,TRAUMATOLOGIA CADERA,BISACODILO 5 MG ,1,COMPRIMIDO RECUBIERTO/GRAGEAS,1
211,TRAUMATOLOGIA COLUMNA,BISACODILO 5 MG ,1,COMPRIMIDO RECUBIERTO/GRAGEAS,1
199,TELESALUD HV,BISACODILO 5 MG ,1,COMPRIMIDO RECUBIERTO/GRAGEAS,30
183,ONCOLOGIA PEDIATRICA,BISACODILO 5 MG ,1,COMPRIMIDO RECUBIERTO/GRAGEAS,20
182,NUTRIOLOGIA PEDIATRICA,BISACODILO 5 MG ,1,COMPRIMIDO RECUBIERTO/GRAGEAS,20
112,CIRUGIA MINIMA INVASIVA,BISACODILO 5 MG ,1,COMPRIMIDO RECUBIERTO/GRAGEAS,1
101,MEDICINA FAMILIAR,BISACODILO 5 MG ,1,COMPRIMIDO RECUBIERTO/GRAGEAS,1
89,GERIATRIA,BISACODILO 5 MG ,1,COMPRIMIDO RECUBIERTO/GRAGEAS,1
60,GASTROENTEROLOGIA PEDIATRICA,BISACODILO 5 MG ,1,COMPRIMIDO RECUBIERTO/GRAGEAS,20
59,RADIOTERAPIA,BISACODILO 5 MG ,1,COMPRIMIDO RECUBIERTO/GRAGEAS,1
58,MASTOLOGIA,BISACODILO 5 MG ,1,COMPRIMIDO RECUBIERTO/GRAGEAS,20
57,DIABETOLOGIA,BISACODILO 5 MG ,1,COMPRIMIDO RECUBIERTO/GRAGEAS,1
49,ONCOLOGIA,BISACODILO 5 MG ,1,COMPRIMIDO RECUBIERTO/GRAGEAS,1
34,GINECOLOGIA,BISACODILO 5 MG ,1,COMPRIMIDO RECUBIERTO/GRAGEAS,1
33,GINECO-OBSTETRICIA,BISACODILO 5 MG ,1,COMPRIMIDO RECUBIERTO/GRAGEAS,1
29,PROCTOLOGIA,BISACODILO 5 MG ,1,COMPRIMIDO RECUBIERTO/GRAGEAS,1
28,CIRUGIA GENERAL,BISACODILO 5 MG ,1,COMPRIMIDO RECUBIERTO/GRAGEAS,1
27,CIRUGIA VASCULAR PERIFERICA,BISACODILO 5 MG ,1,COMPRIMIDO RECUBIERTO/GRAGEAS,1
16,TRAUMATOLOGIA GENERAL,BISACODILO 5 MG ,1,COMPRIMIDO RECUBIERTO/GRAGEAS,1
11,CLINICA MEDICA,BISACODILO 5 MG ,1,COMPRIMIDO RECUBIERTO/GRAGEAS,1
10,GASTROENTEROLOGIA,BISACODILO 5 MG ,1,COMPRIMIDO RECUBIERTO/GRAGEAS,1
72,RADIOLOGIA,BISACODILO 5 MG ,1,COMPRIMIDO RECUBIERTO/GRAGEAS,1
109,HEMATOLOGIA PEDIATRICA,"BORTEZOMIB 3,5 MG INYECTABLE",1,AMPOLLA / FRASCO AMPOLLA,1
2,HEMATOLOGIA,"BORTEZOMIB 3,5 MG INYECTABLE",1,AMPOLLA / FRASCO AMPOLLA,1
107,QUIMIOTERAPIA,"BORTEZOMIB 3,5 MG INYECTABLE",1,AMPOLLA / FRASCO AMPOLLA,1
44,ENDOCRINOLOGIA PEDIATRICA,CARBAMAZEPINA 400 MG,1,COMPRIMIDO,20
4,ENDOCRINOLOGIA,CARBAMAZEPINA 400 MG,1,COMPRIMIDO,20
217,TRAUMATOLOGIA TUMORES,CICLOBENZAPRINA 10 MG ,1,COMPRIMIDO RECUBIERTO,20
216,TRAUMATOLOGIA RODILLA,CICLOBENZAPRINA 10 MG ,1,COMPRIMIDO RECUBIERTO,20
215,TRAUMATOLOGIA HOMBRO Y CODO,CICLOBENZAPRINA 10 MG ,1,COMPRIMIDO RECUBIERTO,20
214,TRAUMATOLOGIA PIE Y TOBILLO,CICLOBENZAPRINA 10 MG ,1,COMPRIMIDO RECUBIERTO,20
213,TRAUMATOLOGIA MANO Y ANTEBRAZO,CICLOBENZAPRINA 10 MG ,1,COMPRIMIDO RECUBIERTO,20
212,TRAUMATOLOGIA CADERA,CICLOBENZAPRINA 10 MG ,1,COMPRIMIDO RECUBIERTO,20
211,TRAUMATOLOGIA COLUMNA,CICLOBENZAPRINA 10 MG ,1,COMPRIMIDO RECUBIERTO,20
199,TELESALUD HV,CICLOBENZAPRINA 10 MG ,1,COMPRIMIDO RECUBIERTO,30
91,TERAPIA DEL DOLOR Y MEDICINA PALIATIVA ,CICLOBENZAPRINA 10 MG ,1,COMPRIMIDO RECUBIERTO,20
89,GERIATRIA,CICLOBENZAPRINA 10 MG ,1,COMPRIMIDO RECUBIERTO,20
87,REUMATOLOGIA PEDIATRICA,CICLOBENZAPRINA 10 MG ,1,COMPRIMIDO RECUBIERTO,20
66,NEUROLOGIA PEDIATRICA,CICLOBENZAPRINA 10 MG ,1,COMPRIMIDO RECUBIERTO,30
41,TRAUMATOLOGIA PEDIATRICA,CICLOBENZAPRINA 10 MG ,1,COMPRIMIDO RECUBIERTO,20
24,NEUROCIRUGIA,CICLOBENZAPRINA 10 MG ,1,COMPRIMIDO RECUBIERTO,1
18,FISIATRIA ADULTO,CICLOBENZAPRINA 10 MG ,1,COMPRIMIDO RECUBIERTO,1
16,TRAUMATOLOGIA GENERAL,CICLOBENZAPRINA 10 MG ,1,COMPRIMIDO RECUBIERTO,20
11,CLINICA MEDICA,CICLOBENZAPRINA 10 MG ,1,COMPRIMIDO RECUBIERTO,20
11,CLINICA MEDICA,CICLOBENZAPRINA 10 MG ,1,COMPRIMIDO RECUBIERTO,20
3,NEUROLOGIA,CICLOBENZAPRINA 10 MG ,1,COMPRIMIDO RECUBIERTO,1
1,REUMATOLOGIA,CICLOBENZAPRINA 10 MG ,1,COMPRIMIDO RECUBIERTO,20
1,REUMATOLOGIA,CICLOBENZAPRINA 10 MG ,1,COMPRIMIDO RECUBIERTO,20
204,UNIDAD DE OBSTETRICIA,"CIPROTERONA + ETINILESTRADIOL 2MG+O,035 MG. ",1,COMPRIMIDO RECUBIERTO,10
199,TELESALUD HV,"CIPROTERONA + ETINILESTRADIOL 2MG+O,035 MG. ",1,COMPRIMIDO RECUBIERTO,30
199,TELESALUD HV,"CIPROTERONA + ETINILESTRADIOL 2MG+O,035 MG. ",1,COMPRIMIDO RECUBIERTO,30
160,CLIMATERIO,"CIPROTERONA + ETINILESTRADIOL 2MG+O,035 MG. ",1,COMPRIMIDO RECUBIERTO,20
52,SALUD REPRODUCTIVA,"CIPROTERONA + ETINILESTRADIOL 2MG+O,035 MG. ",1,COMPRIMIDO RECUBIERTO,20
44,ENDOCRINOLOGIA PEDIATRICA,"CIPROTERONA + ETINILESTRADIOL 2MG+O,035 MG. ",1,COMPRIMIDO RECUBIERTO,20
42,DERMATOLOGIA PEDIATRICA,"CIPROTERONA + ETINILESTRADIOL 2MG+O,035 MG. ",1,COMPRIMIDO RECUBIERTO,20
34,GINECOLOGIA,"CIPROTERONA + ETINILESTRADIOL 2MG+O,035 MG. ",1,COMPRIMIDO RECUBIERTO,20
33,GINECO-OBSTETRICIA,"CIPROTERONA + ETINILESTRADIOL 2MG+O,035 MG. ",1,COMPRIMIDO RECUBIERTO,20
31,OBSTETRICIA,"CIPROTERONA + ETINILESTRADIOL 2MG+O,035 MG. ",1,COMPRIMIDO RECUBIERTO,20
8,DERMATOLOGIA,"CIPROTERONA + ETINILESTRADIOL 2MG+O,035 MG. ",1,COMPRIMIDO RECUBIERTO,20
98,PLANIFICACION FAMILIAR,"CIPROTERONA + ETINILESTRADIOL 2MG+O,035 MG. ",1,COMPRIMIDO RECUBIERTO,1
217,TRAUMATOLOGIA TUMORES,"CITIDIN-5-MONOFOSFATO DISODICO(CMP SAL DISODICA), URIDIN-5-T",1,CAPSULA 5 MG + 3 MG,20
216,TRAUMATOLOGIA RODILLA,"CITIDIN-5-MONOFOSFATO DISODICO(CMP SAL DISODICA), URIDIN-5-T",1,CAPSULA 5 MG + 3 MG,20
215,TRAUMATOLOGIA HOMBRO Y CODO,"CITIDIN-5-MONOFOSFATO DISODICO(CMP SAL DISODICA), URIDIN-5-T",1,CAPSULA 5 MG + 3 MG,20
214,TRAUMATOLOGIA PIE Y TOBILLO,"CITIDIN-5-MONOFOSFATO DISODICO(CMP SAL DISODICA), URIDIN-5-T",1,CAPSULA 5 MG + 3 MG,20
213,TRAUMATOLOGIA MANO Y ANTEBRAZO,"CITIDIN-5-MONOFOSFATO DISODICO(CMP SAL DISODICA), URIDIN-5-T",1,CAPSULA 5 MG + 3 MG,20
212,TRAUMATOLOGIA CADERA,"CITIDIN-5-MONOFOSFATO DISODICO(CMP SAL DISODICA), URIDIN-5-T",1,CAPSULA 5 MG + 3 MG,20
211,TRAUMATOLOGIA COLUMNA,"CITIDIN-5-MONOFOSFATO DISODICO(CMP SAL DISODICA), URIDIN-5-T",1,CAPSULA 5 MG + 3 MG,20
199,TELESALUD HV,"CITIDIN-5-MONOFOSFATO DISODICO(CMP SAL DISODICA), URIDIN-5-T",1,CAPSULA 5 MG + 3 MG,30
160,CLIMATERIO,"CITIDIN-5-MONOFOSFATO DISODICO(CMP SAL DISODICA), URIDIN-5-T",1,CAPSULA 5 MG + 3 MG,20
150,FISIATRA (NIÑOS) ,"CITIDIN-5-MONOFOSFATO DISODICO(CMP SAL DISODICA), URIDIN-5-T",1,CAPSULA 5 MG + 3 MG,1
110,HEMATOLOGIA CRONICOS,"CITIDIN-5-MONOFOSFATO DISODICO(CMP SAL DISODICA), URIDIN-5-T",1,CAPSULA 5 MG + 3 MG,20
91,TERAPIA DEL DOLOR Y MEDICINA PALIATIVA ,"CITIDIN-5-MONOFOSFATO DISODICO(CMP SAL DISODICA), URIDIN-5-T",1,CAPSULA 5 MG + 3 MG,20
89,GERIATRIA,"CITIDIN-5-MONOFOSFATO DISODICO(CMP SAL DISODICA), URIDIN-5-T",1,CAPSULA 5 MG + 3 MG,20
87,REUMATOLOGIA PEDIATRICA,"CITIDIN-5-MONOFOSFATO DISODICO(CMP SAL DISODICA), URIDIN-5-T",1,CAPSULA 5 MG + 3 MG,20
69,UNIDAD DE TRANSPLANTE,"CITIDIN-5-MONOFOSFATO DISODICO(CMP SAL DISODICA), URIDIN-5-T",1,CAPSULA 5 MG + 3 MG,20
66,NEUROLOGIA PEDIATRICA,"CITIDIN-5-MONOFOSFATO DISODICO(CMP SAL DISODICA), URIDIN-5-T",1,CAPSULA 5 MG + 3 MG,60
50,NEFROLOGIA,"CITIDIN-5-MONOFOSFATO DISODICO(CMP SAL DISODICA), URIDIN-5-T",1,CAPSULA 5 MG + 3 MG,20
49,ONCOLOGIA,"CITIDIN-5-MONOFOSFATO DISODICO(CMP SAL DISODICA), URIDIN-5-T",1,CAPSULA 5 MG + 3 MG,20
42,DERMATOLOGIA PEDIATRICA,"CITIDIN-5-MONOFOSFATO DISODICO(CMP SAL DISODICA), URIDIN-5-T",1,CAPSULA 5 MG + 3 MG,20
34,GINECOLOGIA,"CITIDIN-5-MONOFOSFATO DISODICO(CMP SAL DISODICA), URIDIN-5-T",1,CAPSULA 5 MG + 3 MG,20
33,GINECO-OBSTETRICIA,"CITIDIN-5-MONOFOSFATO DISODICO(CMP SAL DISODICA), URIDIN-5-T",1,CAPSULA 5 MG + 3 MG,20
24,NEUROCIRUGIA,"CITIDIN-5-MONOFOSFATO DISODICO(CMP SAL DISODICA), URIDIN-5-T",1,CAPSULA 5 MG + 3 MG,1
22,OTORRINOLARINGOLOGIA,"CITIDIN-5-MONOFOSFATO DISODICO(CMP SAL DISODICA), URIDIN-5-T",1,CAPSULA 5 MG + 3 MG,20
21,UROLOGIA,"CITIDIN-5-MONOFOSFATO DISODICO(CMP SAL DISODICA), URIDIN-5-T",1,CAPSULA 5 MG + 3 MG,20
18,FISIATRIA ADULTO,"CITIDIN-5-MONOFOSFATO DISODICO(CMP SAL DISODICA), URIDIN-5-T",1,CAPSULA 5 MG + 3 MG,20
16,TRAUMATOLOGIA GENERAL,"CITIDIN-5-MONOFOSFATO DISODICO(CMP SAL DISODICA), URIDIN-5-T",1,CAPSULA 5 MG + 3 MG,20
11,CLINICA MEDICA,"CITIDIN-5-MONOFOSFATO DISODICO(CMP SAL DISODICA), URIDIN-5-T",1,CAPSULA 5 MG + 3 MG,20
8,DERMATOLOGIA,"CITIDIN-5-MONOFOSFATO DISODICO(CMP SAL DISODICA), URIDIN-5-T",1,CAPSULA 5 MG + 3 MG,1
6,NEFROLOGIA PEDIATRICA,"CITIDIN-5-MONOFOSFATO DISODICO(CMP SAL DISODICA), URIDIN-5-T",1,CAPSULA 5 MG + 3 MG,20
3,NEUROLOGIA,"CITIDIN-5-MONOFOSFATO DISODICO(CMP SAL DISODICA), URIDIN-5-T",1,CAPSULA 5 MG + 3 MG,30
3,NEUROLOGIA,"CITIDIN-5-MONOFOSFATO DISODICO(CMP SAL DISODICA), URIDIN-5-T",1,CAPSULA 5 MG + 3 MG,20
2,HEMATOLOGIA,"CITIDIN-5-MONOFOSFATO DISODICO(CMP SAL DISODICA), URIDIN-5-T",1,CAPSULA 5 MG + 3 MG,20
1,REUMATOLOGIA,"CITIDIN-5-MONOFOSFATO DISODICO(CMP SAL DISODICA), URIDIN-5-T",1,CAPSULA 5 MG + 3 MG,20
217,TRAUMATOLOGIA TUMORES,"CITIDIN-5-MONOFOSFATO DISODICO(CMP SAL DISODICA),URIDIN-5-T",1,AMPOLLA LIOFILIZADA,1
216,TRAUMATOLOGIA RODILLA,"CITIDIN-5-MONOFOSFATO DISODICO(CMP SAL DISODICA),URIDIN-5-T",1,AMPOLLA LIOFILIZADA,1
215,TRAUMATOLOGIA HOMBRO Y CODO,"CITIDIN-5-MONOFOSFATO DISODICO(CMP SAL DISODICA),URIDIN-5-T",1,AMPOLLA LIOFILIZADA,1
214,TRAUMATOLOGIA PIE Y TOBILLO,"CITIDIN-5-MONOFOSFATO DISODICO(CMP SAL DISODICA),URIDIN-5-T",1,AMPOLLA LIOFILIZADA,1
213,TRAUMATOLOGIA MANO Y ANTEBRAZO,"CITIDIN-5-MONOFOSFATO DISODICO(CMP SAL DISODICA),URIDIN-5-T",1,AMPOLLA LIOFILIZADA,1
212,TRAUMATOLOGIA CADERA,"CITIDIN-5-MONOFOSFATO DISODICO(CMP SAL DISODICA),URIDIN-5-T",1,AMPOLLA LIOFILIZADA,1
211,TRAUMATOLOGIA COLUMNA,"CITIDIN-5-MONOFOSFATO DISODICO(CMP SAL DISODICA),URIDIN-5-T",1,AMPOLLA LIOFILIZADA,1
150,FISIATRA (NIÑOS) ,"CITIDIN-5-MONOFOSFATO DISODICO(CMP SAL DISODICA),URIDIN-5-T",1,AMPOLLA LIOFILIZADA,1
91,TERAPIA DEL DOLOR Y MEDICINA PALIATIVA ,"CITIDIN-5-MONOFOSFATO DISODICO(CMP SAL DISODICA),URIDIN-5-T",1,AMPOLLA LIOFILIZADA,1
89,GERIATRIA,"CITIDIN-5-MONOFOSFATO DISODICO(CMP SAL DISODICA),URIDIN-5-T",1,AMPOLLA LIOFILIZADA,1
87,REUMATOLOGIA PEDIATRICA,"CITIDIN-5-MONOFOSFATO DISODICO(CMP SAL DISODICA),URIDIN-5-T",1,AMPOLLA LIOFILIZADA,1
66,NEUROLOGIA PEDIATRICA,"CITIDIN-5-MONOFOSFATO DISODICO(CMP SAL DISODICA),URIDIN-5-T",1,AMPOLLA LIOFILIZADA,1
34,GINECOLOGIA,"CITIDIN-5-MONOFOSFATO DISODICO(CMP SAL DISODICA),URIDIN-5-T",1,AMPOLLA LIOFILIZADA,1
33,GINECO-OBSTETRICIA,"CITIDIN-5-MONOFOSFATO DISODICO(CMP SAL DISODICA),URIDIN-5-T",1,AMPOLLA LIOFILIZADA,1
31,OBSTETRICIA,"CITIDIN-5-MONOFOSFATO DISODICO(CMP SAL DISODICA),URIDIN-5-T",1,AMPOLLA LIOFILIZADA,1
24,NEUROCIRUGIA,"CITIDIN-5-MONOFOSFATO DISODICO(CMP SAL DISODICA),URIDIN-5-T",1,AMPOLLA LIOFILIZADA,1
22,OTORRINOLARINGOLOGIA,"CITIDIN-5-MONOFOSFATO DISODICO(CMP SAL DISODICA),URIDIN-5-T",1,AMPOLLA LIOFILIZADA,1
18,FISIATRIA ADULTO,"CITIDIN-5-MONOFOSFATO DISODICO(CMP SAL DISODICA),URIDIN-5-T",1,AMPOLLA LIOFILIZADA,1
16,TRAUMATOLOGIA GENERAL,"CITIDIN-5-MONOFOSFATO DISODICO(CMP SAL DISODICA),URIDIN-5-T",1,AMPOLLA LIOFILIZADA,1
11,CLINICA MEDICA,"CITIDIN-5-MONOFOSFATO DISODICO(CMP SAL DISODICA),URIDIN-5-T",1,AMPOLLA LIOFILIZADA,1
3,NEUROLOGIA,"CITIDIN-5-MONOFOSFATO DISODICO(CMP SAL DISODICA),URIDIN-5-T",1,AMPOLLA LIOFILIZADA,1
1,REUMATOLOGIA,"CITIDIN-5-MONOFOSFATO DISODICO(CMP SAL DISODICA),URIDIN-5-T",1,AMPOLLA LIOFILIZADA,1
1,REUMATOLOGIA,"CITIDIN-5-MONOFOSFATO DISODICO(CMP SAL DISODICA),URIDIN-5-T",1,AMPOLLA LIOFILIZADA,1
23,URGENCIAS CLINICA MEDICA,"CITIDIN-5-MONOFOSFATO DISODICO(CMP SAL DISODICA),URIDIN-5-T",1,AMPOLLA LIOFILIZADA,1
199,TELESALUD HV,CLARITROMICINA 250MG/5ML,1,KIT,1
183,ONCOLOGIA PEDIATRICA,CLARITROMICINA 250MG/5ML,1,KIT,1
139,INFECTOLOGIA PEDIATRICA,CLARITROMICINA 250MG/5ML,1,KIT,1
109,HEMATOLOGIA PEDIATRICA,CLARITROMICINA 250MG/5ML,1,KIT,1
109,HEMATOLOGIA PEDIATRICA,CLARITROMICINA 250MG/5ML,1,KIT,1
86,NEUMOLOGIA PEDIATRICA,CLARITROMICINA 250MG/5ML,1,KIT,1
78,TERAPIA INTENSIVA NINOS,CLARITROMICINA 250MG/5ML,1,KIT,1
69,UNIDAD DE TRANSPLANTE,CLARITROMICINA 250MG/5ML,1,KIT,1
60,GASTROENTEROLOGIA PEDIATRICA,CLARITROMICINA 250MG/5ML,1,KIT,1
59,RADIOTERAPIA,CLARITROMICINA 250MG/5ML,1,KIT,1
56,NEUMOLOGIA,CLARITROMICINA 250MG/5ML,1,KIT,1
50,NEFROLOGIA,CLARITROMICINA 250MG/5ML,1,KIT,1
47,INFECTOLOGIA,CLARITROMICINA 250MG/5ML,1,KIT,1
43,OTORRINOLARINGOLOGIA PEDIATRICA,CLARITROMICINA 250MG/5ML,1,KIT,1
37,PEDIATRIA,CLARITROMICINA 250MG/5ML,1,KIT,1
22,OTORRINOLARINGOLOGIA,CLARITROMICINA 250MG/5ML,1,KIT,1
10,GASTROENTEROLOGIA,CLARITROMICINA 250MG/5ML,1,KIT,1
9,ALERGIA E INMUNOLOGIA,CLARITROMICINA 250MG/5ML,1,KIT,1
6,NEFROLOGIA PEDIATRICA,CLARITROMICINA 250MG/5ML,1,KIT,1
6,NEFROLOGIA PEDIATRICA,CLARITROMICINA 250MG/5ML,1,KIT,1
2,HEMATOLOGIA,CLARITROMICINA 250MG/5ML,1,KIT,1
34,GINECOLOGIA,CLINDAMICINA 100 MG. ,1,OVULO,1
33,GINECO-OBSTETRICIA,CLINDAMICINA 100 MG. ,1,OVULO,1
31,OBSTETRICIA,CLINDAMICINA 100 MG. ,1,OVULO,1
217,TRAUMATOLOGIA TUMORES,DIOSMINA 600MG  ,1,COMPRIMIDO RECUBIERTO ,20
216,TRAUMATOLOGIA RODILLA,DIOSMINA 600MG  ,1,COMPRIMIDO RECUBIERTO ,20
215,TRAUMATOLOGIA HOMBRO Y CODO,DIOSMINA 600MG  ,1,COMPRIMIDO RECUBIERTO ,20
214,TRAUMATOLOGIA PIE Y TOBILLO,DIOSMINA 600MG  ,1,COMPRIMIDO RECUBIERTO ,20
213,TRAUMATOLOGIA MANO Y ANTEBRAZO,DIOSMINA 600MG  ,1,COMPRIMIDO RECUBIERTO ,20
212,TRAUMATOLOGIA CADERA,DIOSMINA 600MG  ,1,COMPRIMIDO RECUBIERTO ,20
211,TRAUMATOLOGIA COLUMNA,DIOSMINA 600MG  ,1,COMPRIMIDO RECUBIERTO ,20
199,TELESALUD HV,DIOSMINA 600MG  ,1,COMPRIMIDO RECUBIERTO ,30
183,ONCOLOGIA PEDIATRICA,DIOSMINA 600MG  ,1,COMPRIMIDO RECUBIERTO ,20
160,CLIMATERIO,DIOSMINA 600MG  ,1,COMPRIMIDO RECUBIERTO ,20
150,FISIATRA (NIÑOS) ,DIOSMINA 600MG  ,1,COMPRIMIDO RECUBIERTO ,1
101,MEDICINA FAMILIAR,DIOSMINA 600MG  ,1,COMPRIMIDO RECUBIERTO ,20
89,GERIATRIA,DIOSMINA 600MG  ,1,COMPRIMIDO RECUBIERTO ,1
69,UNIDAD DE TRANSPLANTE,DIOSMINA 600MG  ,1,COMPRIMIDO RECUBIERTO ,20
68,FLEBOLOGIA,DIOSMINA 600MG  ,1,COMPRIMIDO RECUBIERTO ,1
60,GASTROENTEROLOGIA PEDIATRICA,DIOSMINA 600MG  ,1,COMPRIMIDO RECUBIERTO ,20
57,DIABETOLOGIA,DIOSMINA 600MG  ,1,COMPRIMIDO RECUBIERTO ,1
57,DIABETOLOGIA,DIOSMINA 600MG  ,1,COMPRIMIDO RECUBIERTO ,20
50,NEFROLOGIA,DIOSMINA 600MG  ,1,COMPRIMIDO RECUBIERTO ,20
42,DERMATOLOGIA PEDIATRICA,DIOSMINA 600MG  ,1,COMPRIMIDO RECUBIERTO ,20
34,GINECOLOGIA,DIOSMINA 600MG  ,1,COMPRIMIDO RECUBIERTO ,20
33,GINECO-OBSTETRICIA,DIOSMINA 600MG  ,1,COMPRIMIDO RECUBIERTO ,20
31,OBSTETRICIA,DIOSMINA 600MG  ,1,COMPRIMIDO RECUBIERTO ,20
31,OBSTETRICIA,DIOSMINA 600MG  ,1,COMPRIMIDO RECUBIERTO ,20
29,PROCTOLOGIA,DIOSMINA 600MG  ,1,COMPRIMIDO RECUBIERTO ,20
28,CIRUGIA GENERAL,DIOSMINA 600MG  ,1,COMPRIMIDO RECUBIERTO ,20
27,CIRUGIA VASCULAR PERIFERICA,DIOSMINA 600MG  ,1,COMPRIMIDO RECUBIERTO ,20
27,CIRUGIA VASCULAR PERIFERICA,DIOSMINA 600MG  ,1,COMPRIMIDO RECUBIERTO ,20
25,OFTALMOLOGIA,DIOSMINA 600MG  ,1,COMPRIMIDO RECUBIERTO ,20
22,OTORRINOLARINGOLOGIA,DIOSMINA 600MG  ,1,COMPRIMIDO RECUBIERTO ,20
21,UROLOGIA,DIOSMINA 600MG  ,1,COMPRIMIDO RECUBIERTO ,1
21,UROLOGIA,DIOSMINA 600MG  ,1,COMPRIMIDO RECUBIERTO ,20
18,FISIATRIA ADULTO,DIOSMINA 600MG  ,1,COMPRIMIDO RECUBIERTO ,20
17,CIRUGIA RECONSTRUCTIVA,DIOSMINA 600MG  ,1,COMPRIMIDO RECUBIERTO ,20
16,TRAUMATOLOGIA GENERAL,DIOSMINA 600MG  ,1,COMPRIMIDO RECUBIERTO ,20
11,CLINICA MEDICA,DIOSMINA 600MG  ,1,COMPRIMIDO RECUBIERTO ,20
10,GASTROENTEROLOGIA,DIOSMINA 600MG  ,1,COMPRIMIDO RECUBIERTO ,20
8,DERMATOLOGIA,DIOSMINA 600MG  ,1,COMPRIMIDO RECUBIERTO ,20
6,NEFROLOGIA PEDIATRICA,DIOSMINA 600MG  ,1,COMPRIMIDO RECUBIERTO ,20
4,ENDOCRINOLOGIA,DIOSMINA 600MG  ,1,COMPRIMIDO RECUBIERTO ,20
139,INFECTOLOGIA PEDIATRICA,ERTAPENEM 1 G INYECTABLE,1,FRASCO AMPOLLA,1
47,INFECTOLOGIA,ERTAPENEM 1 G INYECTABLE,1,FRASCO AMPOLLA,1
11,CLINICA MEDICA,ERTAPENEM 1 G INYECTABLE,1,FRASCO AMPOLLA,1
183,ONCOLOGIA PEDIATRICA,"FENTANILO 0,050 MG/HORA ",1,PARCHE ,1
109,HEMATOLOGIA PEDIATRICA,"FENTANILO 0,050 MG/HORA ",1,PARCHE ,1
91,TERAPIA DEL DOLOR Y MEDICINA PALIATIVA ,"FENTANILO 0,050 MG/HORA ",1,PARCHE ,1
49,ONCOLOGIA,"FENTANILO 0,050 MG/HORA ",1,PARCHE ,1
2,HEMATOLOGIA,"FENTANILO 0,050 MG/HORA ",1,PARCHE ,1
33,GINECO-OBSTETRICIA,FLUORURACILO 5% UNGUENTO,1,POMO X 20G A 30G,1
31,OBSTETRICIA,FLUORURACILO 5% UNGUENTO,1,POMO X 20G A 30G,1
8,DERMATOLOGIA,FLUORURACILO 5% UNGUENTO,1,POMO X 20G A 30G,1
150,FISIATRA (NIÑOS) ,GABAPENTINA 400 MG ,1,COMPRIMIDO/CAPSULA,1
91,TERAPIA DEL DOLOR Y MEDICINA PALIATIVA ,GABAPENTINA 400 MG ,1,COMPRIMIDO/CAPSULA,20
89,GERIATRIA,GABAPENTINA 400 MG ,1,COMPRIMIDO/CAPSULA,20
18,FISIATRIA ADULTO,GABAPENTINA 400 MG ,1,COMPRIMIDO/CAPSULA,20
11,CLINICA MEDICA,GABAPENTINA 400 MG ,1,COMPRIMIDO/CAPSULA,20
1,REUMATOLOGIA,GABAPENTINA 400 MG ,1,COMPRIMIDO/CAPSULA,20
217,TRAUMATOLOGIA TUMORES,IBUPROFENO 400 MG ,1,COMPRIMIDO/TABLETA/CAPSULA ,20
216,TRAUMATOLOGIA RODILLA,IBUPROFENO 400 MG ,1,COMPRIMIDO/TABLETA/CAPSULA ,20
215,TRAUMATOLOGIA HOMBRO Y CODO,IBUPROFENO 400 MG ,1,COMPRIMIDO/TABLETA/CAPSULA ,20
214,TRAUMATOLOGIA PIE Y TOBILLO,IBUPROFENO 400 MG ,1,COMPRIMIDO/TABLETA/CAPSULA ,20
213,TRAUMATOLOGIA MANO Y ANTEBRAZO,IBUPROFENO 400 MG ,1,COMPRIMIDO/TABLETA/CAPSULA ,20
212,TRAUMATOLOGIA CADERA,IBUPROFENO 400 MG ,1,COMPRIMIDO/TABLETA/CAPSULA ,20
211,TRAUMATOLOGIA COLUMNA,IBUPROFENO 400 MG ,1,COMPRIMIDO/TABLETA/CAPSULA ,20
204,UNIDAD DE OBSTETRICIA,IBUPROFENO 400 MG ,1,COMPRIMIDO/TABLETA/CAPSULA ,10
199,TELESALUD HV,IBUPROFENO 400 MG ,1,COMPRIMIDO/TABLETA/CAPSULA ,30
160,CLIMATERIO,IBUPROFENO 400 MG ,1,COMPRIMIDO/TABLETA/CAPSULA ,20
139,INFECTOLOGIA PEDIATRICA,IBUPROFENO 400 MG ,1,COMPRIMIDO/TABLETA/CAPSULA ,20
112,CIRUGIA MINIMA INVASIVA,IBUPROFENO 400 MG ,1,COMPRIMIDO/TABLETA/CAPSULA ,20
101,MEDICINA FAMILIAR,IBUPROFENO 400 MG ,1,COMPRIMIDO/TABLETA/CAPSULA ,20
101,MEDICINA FAMILIAR,IBUPROFENO 400 MG ,1,COMPRIMIDO/TABLETA/CAPSULA ,20
91,TERAPIA DEL DOLOR Y MEDICINA PALIATIVA ,IBUPROFENO 400 MG ,1,COMPRIMIDO/TABLETA/CAPSULA ,20
89,GERIATRIA,IBUPROFENO 400 MG ,1,COMPRIMIDO/TABLETA/CAPSULA ,20
57,DIABETOLOGIA,IBUPROFENO 400 MG ,1,COMPRIMIDO/TABLETA/CAPSULA ,30
56,NEUMOLOGIA,IBUPROFENO 400 MG ,1,COMPRIMIDO/TABLETA/CAPSULA ,20
50,NEFROLOGIA,IBUPROFENO 400 MG ,1,COMPRIMIDO/TABLETA/CAPSULA ,1
49,ONCOLOGIA,IBUPROFENO 400 MG ,1,COMPRIMIDO/TABLETA/CAPSULA ,20
42,DERMATOLOGIA PEDIATRICA,IBUPROFENO 400 MG ,1,COMPRIMIDO/TABLETA/CAPSULA ,20
37,PEDIATRIA,IBUPROFENO 400 MG ,1,COMPRIMIDO/TABLETA/CAPSULA ,20
37,PEDIATRIA,IBUPROFENO 400 MG ,1,COMPRIMIDO/TABLETA/CAPSULA ,20
34,GINECOLOGIA,IBUPROFENO 400 MG ,1,COMPRIMIDO/TABLETA/CAPSULA ,30
34,GINECOLOGIA,IBUPROFENO 400 MG ,1,COMPRIMIDO/TABLETA/CAPSULA ,20
34,GINECOLOGIA,IBUPROFENO 400 MG ,1,COMPRIMIDO/TABLETA/CAPSULA ,20
34,GINECOLOGIA,IBUPROFENO 400 MG ,1,COMPRIMIDO/TABLETA/CAPSULA ,20
33,GINECO-OBSTETRICIA,IBUPROFENO 400 MG ,1,COMPRIMIDO/TABLETA/CAPSULA ,30
31,OBSTETRICIA,IBUPROFENO 400 MG ,1,COMPRIMIDO/TABLETA/CAPSULA ,20
29,PROCTOLOGIA,IBUPROFENO 400 MG ,1,COMPRIMIDO/TABLETA/CAPSULA ,20
21,UROLOGIA,IBUPROFENO 400 MG ,1,COMPRIMIDO/TABLETA/CAPSULA ,20
18,FISIATRIA ADULTO,IBUPROFENO 400 MG ,1,COMPRIMIDO/TABLETA/CAPSULA ,20
16,TRAUMATOLOGIA GENERAL,IBUPROFENO 400 MG ,1,COMPRIMIDO/TABLETA/CAPSULA ,20
12,CARDIOLOGIA,IBUPROFENO 400 MG ,1,COMPRIMIDO/TABLETA/CAPSULA ,20
11,CLINICA MEDICA,IBUPROFENO 400 MG ,1,COMPRIMIDO/TABLETA/CAPSULA ,20
11,CLINICA MEDICA,IBUPROFENO 400 MG ,1,COMPRIMIDO/TABLETA/CAPSULA ,20
10,GASTROENTEROLOGIA,IBUPROFENO 400 MG ,1,COMPRIMIDO/TABLETA/CAPSULA ,20
10,GASTROENTEROLOGIA,IBUPROFENO 400 MG ,1,COMPRIMIDO/TABLETA/CAPSULA ,20
9,ALERGIA E INMUNOLOGIA,IBUPROFENO 400 MG ,1,COMPRIMIDO/TABLETA/CAPSULA ,20
8,DERMATOLOGIA,IBUPROFENO 400 MG ,1,COMPRIMIDO/TABLETA/CAPSULA ,20
6,NEFROLOGIA PEDIATRICA,IBUPROFENO 400 MG ,1,COMPRIMIDO/TABLETA/CAPSULA ,20
4,ENDOCRINOLOGIA,IBUPROFENO 400 MG ,1,COMPRIMIDO/TABLETA/CAPSULA ,20
4,ENDOCRINOLOGIA,IBUPROFENO 400 MG ,1,COMPRIMIDO/TABLETA/CAPSULA ,20
3,NEUROLOGIA,IBUPROFENO 400 MG ,1,COMPRIMIDO/TABLETA/CAPSULA ,20
2,HEMATOLOGIA,IBUPROFENO 400 MG ,1,COMPRIMIDO/TABLETA/CAPSULA ,20
1,REUMATOLOGIA,IBUPROFENO 400 MG ,1,COMPRIMIDO/TABLETA/CAPSULA ,20
170,ESTUDIOS HEMODINAMIA ,IBUPROFENO 400 MG ,1,COMPRIMIDO/TABLETA/CAPSULA ,30
23,URGENCIAS CLINICA MEDICA,IBUPROFENO 400 MG ,1,COMPRIMIDO/TABLETA/CAPSULA ,20
49,ONCOLOGIA,IMATINIB (CRISTAL ALFA) 100-400 MG.COMP/CAPS.,1,COMPRIMIDO/CAPSULA,20
2,HEMATOLOGIA,IMATINIB (CRISTAL ALFA) 100-400 MG.COMP/CAPS.,1,COMPRIMIDO/CAPSULA,20
107,QUIMIOTERAPIA,IMATINIB (CRISTAL ALFA) 100-400 MG.COMP/CAPS.,1,COMPRIMIDO/CAPSULA,20
199,TELESALUD HV,INSULINA ULTRA RÁPIDA ANÁLOGA 100 U/ML,1,APLICAD.PRECARG.DESECH,3
57,DIABETOLOGIA,INSULINA ULTRA RÁPIDA ANÁLOGA 100 U/ML,1,APLICAD.PRECARG.DESECH,1
57,DIABETOLOGIA,INSULINA ULTRA RÁPIDA ANÁLOGA 100 U/ML,1,APLICAD.PRECARG.DESECH,1
57,DIABETOLOGIA,INSULINA ULTRA RÁPIDA ANÁLOGA 100 U/ML,1,APLICAD.PRECARG.DESECH,1
44,ENDOCRINOLOGIA PEDIATRICA,INSULINA ULTRA RÁPIDA ANÁLOGA 100 U/ML,1,APLICAD.PRECARG.DESECH,1
4,ENDOCRINOLOGIA,INSULINA ULTRA RÁPIDA ANÁLOGA 100 U/ML,1,APLICAD.PRECARG.DESECH,1
4,ENDOCRINOLOGIA,INSULINA ULTRA RÁPIDA ANÁLOGA 100 U/ML,1,APLICAD.PRECARG.DESECH,1
199,TELESALUD HV,INSULINA ULTRA RÁPIDA ANÁLOGA 100 U/ML,3,FRASCO AMPOLLA,1
57,DIABETOLOGIA,INSULINA ULTRA RÁPIDA ANÁLOGA 100 U/ML,3,FRASCO AMPOLLA,1
57,DIABETOLOGIA,INSULINA ULTRA RÁPIDA ANÁLOGA 100 U/ML,3,FRASCO AMPOLLA,1
4,ENDOCRINOLOGIA,INSULINA ULTRA RÁPIDA ANÁLOGA 100 U/ML,3,FRASCO AMPOLLA,1
199,TELESALUD HV,IVERMECTINA 6 MG ,1,COMPRIMIDO RECUBIERTO,30
182,NUTRIOLOGIA PEDIATRICA,IVERMECTINA 6 MG ,1,COMPRIMIDO RECUBIERTO,20
139,INFECTOLOGIA PEDIATRICA,IVERMECTINA 6 MG ,1,COMPRIMIDO RECUBIERTO,20
89,GERIATRIA,IVERMECTINA 6 MG ,1,COMPRIMIDO RECUBIERTO,20
86,NEUMOLOGIA PEDIATRICA,IVERMECTINA 6 MG ,1,COMPRIMIDO RECUBIERTO,1
56,NEUMOLOGIA,IVERMECTINA 6 MG ,1,COMPRIMIDO RECUBIERTO,1
47,INFECTOLOGIA,IVERMECTINA 6 MG ,1,COMPRIMIDO RECUBIERTO,1
42,DERMATOLOGIA PEDIATRICA,IVERMECTINA 6 MG ,1,COMPRIMIDO RECUBIERTO,1
42,DERMATOLOGIA PEDIATRICA,IVERMECTINA 6 MG ,1,COMPRIMIDO RECUBIERTO,20
37,PEDIATRIA,IVERMECTINA 6 MG ,1,COMPRIMIDO RECUBIERTO,20
11,CLINICA MEDICA,IVERMECTINA 6 MG ,1,COMPRIMIDO RECUBIERTO,20
9,ALERGIA E INMUNOLOGIA,IVERMECTINA 6 MG ,1,COMPRIMIDO RECUBIERTO,1
8,DERMATOLOGIA,IVERMECTINA 6 MG ,1,COMPRIMIDO RECUBIERTO,20
2,HEMATOLOGIA,IVERMECTINA 6 MG ,1,COMPRIMIDO RECUBIERTO,20
47,INFECTOLOGIA,VALACICLOVIR 500 MG COMPRIMIDO,1,COMPRIMIDO RECUBIERTO,20
33,GINECO-OBSTETRICIA,VALACICLOVIR 500 MG COMPRIMIDO,1,COMPRIMIDO RECUBIERTO,1
40,OFTALMOLOGIA PEDIATRICA,"LAGRIMAS ARTIFICIALES CARBOMERO940+MANITOL 1,5MG+46MG GEL OF",1,FRASCO X 5 GR.,1
25,OFTALMOLOGIA,"LAGRIMAS ARTIFICIALES CARBOMERO940+MANITOL 1,5MG+46MG GEL OF",1,FRASCO X 5 GR.,1
25,OFTALMOLOGIA,"LAGRIMAS ARTIFICIALES CARBOMERO940+MANITOL 1,5MG+46MG GEL OF",1,FRASCO X 5 GR.,1
183,ONCOLOGIA PEDIATRICA,"LETROZOL 2,5 MG ",1,COMPRIMIDO RECUBIERTO,20
58,MASTOLOGIA,"LETROZOL 2,5 MG ",1,COMPRIMIDO RECUBIERTO,20
49,ONCOLOGIA,"LETROZOL 2,5 MG ",1,COMPRIMIDO RECUBIERTO,20
25,OFTALMOLOGIA,"LUBRICANTE OCULAR METIL CELULOSA 2,50%GEL OFTALMICO",1,FRASCO X 15 ML,1
89,GERIATRIA,MEMANTINA 10MG,1,COMPRIMIDO ,20
24,NEUROCIRUGIA,MEMANTINA 10MG,1,COMPRIMIDO ,1
51,ANESTESIOLOGIA,MORFINA  SULFATO 2MG (1 MG/ML.),1,AMPOLLA,1
8,DERMATOLOGIA,PEROXIDO DE BENZOILO + ERITROMICINA/CLINDAMICINA 5%+3%/1%,1,POTE/TUBO,1
101,MEDICINA FAMILIAR,PIOGLITAZONA 30 MG ,1,COMPRIMIDO,20
69,UNIDAD DE TRANSPLANTE,PIOGLITAZONA 30 MG ,1,COMPRIMIDO,20
57,DIABETOLOGIA,PIOGLITAZONA 30 MG ,1,COMPRIMIDO,1
55,CARDIOCIRUGIA,PIOGLITAZONA 30 MG ,1,COMPRIMIDO,1
12,CARDIOLOGIA,PIOGLITAZONA 30 MG ,1,COMPRIMIDO,20
11,CLINICA MEDICA,PIOGLITAZONA 30 MG ,1,COMPRIMIDO,20
46,HEMODINAMIA,PIOGLITAZONA 30 MG ,1,COMPRIMIDO,20
69,UNIDAD DE TRANSPLANTE,POLIESTIRENO SULFONATO CALCICO POLVO P/RECONSTITUIR,1,SOBRE,20
50,NEFROLOGIA,POLIESTIRENO SULFONATO CALCICO POLVO P/RECONSTITUIR,1,SOBRE,1
6,NEFROLOGIA PEDIATRICA,POLIESTIRENO SULFONATO CALCICO POLVO P/RECONSTITUIR,1,SOBRE,20
199,TELESALUD HV,RACECADOTRIL 30 MG POLVO GRANULADO ,1,SOBRE,30
182,NUTRIOLOGIA PEDIATRICA,RACECADOTRIL 30 MG POLVO GRANULADO ,1,SOBRE,1
91,TERAPIA DEL DOLOR Y MEDICINA PALIATIVA ,RACECADOTRIL 30 MG POLVO GRANULADO ,1,SOBRE,1
89,GERIATRIA,RACECADOTRIL 30 MG POLVO GRANULADO ,1,SOBRE,1
48,TERAPIA INTENSIVA,RACECADOTRIL 30 MG POLVO GRANULADO ,1,SOBRE,1
37,PEDIATRIA,RACECADOTRIL 30 MG POLVO GRANULADO ,1,SOBRE,1
11,CLINICA MEDICA,RACECADOTRIL 30 MG POLVO GRANULADO ,1,SOBRE,1
23,URGENCIAS CLINICA MEDICA,RACECADOTRIL 30 MG POLVO GRANULADO ,1,SOBRE,1
14,URGENCIAS PEDIATRICAS,RACECADOTRIL 30 MG POLVO GRANULADO ,1,SOBRE,1
89,GERIATRIA,"SALBUTAMOL + IPRATROPIO 3 MG + 0,5 MG/ 2,5 ML",1,AMPOLLA,1
86,NEUMOLOGIA PEDIATRICA,"SALBUTAMOL + IPRATROPIO 3 MG + 0,5 MG/ 2,5 ML",1,AMPOLLA,1
69,UNIDAD DE TRANSPLANTE,"SALBUTAMOL + IPRATROPIO 3 MG + 0,5 MG/ 2,5 ML",1,AMPOLLA,1
56,NEUMOLOGIA,"SALBUTAMOL + IPRATROPIO 3 MG + 0,5 MG/ 2,5 ML",1,AMPOLLA,20
56,NEUMOLOGIA,"SALBUTAMOL + IPRATROPIO 3 MG + 0,5 MG/ 2,5 ML",1,AMPOLLA,1
50,NEFROLOGIA,"SALBUTAMOL + IPRATROPIO 3 MG + 0,5 MG/ 2,5 ML",1,AMPOLLA,1
22,OTORRINOLARINGOLOGIA,"SALBUTAMOL + IPRATROPIO 3 MG + 0,5 MG/ 2,5 ML",1,AMPOLLA,1
9,ALERGIA E INMUNOLOGIA,"SALBUTAMOL + IPRATROPIO 3 MG + 0,5 MG/ 2,5 ML",1,AMPOLLA,1
6,NEFROLOGIA PEDIATRICA,"SALBUTAMOL + IPRATROPIO 3 MG + 0,5 MG/ 2,5 ML",1,AMPOLLA,1
23,URGENCIAS CLINICA MEDICA,"SALBUTAMOL + IPRATROPIO 3 MG + 0,5 MG/ 2,5 ML",1,AMPOLLA,1
52,SALUD REPRODUCTIVA,SERTACONAZOL 2% CREMA,1,TUBO,1
42,DERMATOLOGIA PEDIATRICA,SERTACONAZOL 2% CREMA,1,TUBO,1
42,DERMATOLOGIA PEDIATRICA,SERTACONAZOL 2% CREMA,1,TUBO,1
37,PEDIATRIA,SERTACONAZOL 2% CREMA,1,TUBO,1
34,GINECOLOGIA,SERTACONAZOL 2% CREMA,1,TUBO,1
33,GINECO-OBSTETRICIA,SERTACONAZOL 2% CREMA,1,TUBO,1
31,OBSTETRICIA,SERTACONAZOL 2% CREMA,1,TUBO,1
11,CLINICA MEDICA,SERTACONAZOL 2% CREMA,1,TUBO,1
8,DERMATOLOGIA,SERTACONAZOL 2% CREMA,1,TUBO,1
183,ONCOLOGIA PEDIATRICA,TALIDOMIDA 100 MG ,1,COMPRIMIDO,20
110,HEMATOLOGIA CRONICOS,TALIDOMIDA 100 MG ,1,COMPRIMIDO,20
109,HEMATOLOGIA PEDIATRICA,TALIDOMIDA 100 MG ,1,COMPRIMIDO,20
49,ONCOLOGIA,TALIDOMIDA 100 MG ,1,COMPRIMIDO,20
49,ONCOLOGIA,TALIDOMIDA 100 MG ,1,COMPRIMIDO,20
42,DERMATOLOGIA PEDIATRICA,TALIDOMIDA 100 MG ,1,COMPRIMIDO,20
8,DERMATOLOGIA,TALIDOMIDA 100 MG ,1,COMPRIMIDO,1
2,HEMATOLOGIA,TALIDOMIDA 100 MG ,1,COMPRIMIDO,20
199,TELESALUD HV,TELMISARTAN 80 MG ,1,COMPRIMIDO BLISTER CALENDARIO,30
199,TELESALUD HV,TELMISARTAN 80 MG ,1,COMPRIMIDO BLISTER CALENDARIO,30
101,MEDICINA FAMILIAR,TELMISARTAN 80 MG ,1,COMPRIMIDO BLISTER CALENDARIO,1
89,GERIATRIA,TELMISARTAN 80 MG ,1,COMPRIMIDO BLISTER CALENDARIO,20
89,GERIATRIA,TELMISARTAN 80 MG ,1,COMPRIMIDO BLISTER CALENDARIO,20
69,UNIDAD DE TRANSPLANTE,TELMISARTAN 80 MG ,1,COMPRIMIDO BLISTER CALENDARIO,20
66,NEUROLOGIA PEDIATRICA,TELMISARTAN 80 MG ,1,COMPRIMIDO BLISTER CALENDARIO,30
60,GASTROENTEROLOGIA PEDIATRICA,TELMISARTAN 80 MG ,1,COMPRIMIDO BLISTER CALENDARIO,20
57,DIABETOLOGIA,TELMISARTAN 80 MG ,1,COMPRIMIDO BLISTER CALENDARIO,20
55,CARDIOCIRUGIA,TELMISARTAN 80 MG ,1,COMPRIMIDO BLISTER CALENDARIO,1
50,NEFROLOGIA,TELMISARTAN 80 MG ,1,COMPRIMIDO BLISTER CALENDARIO,20
12,CARDIOLOGIA,TELMISARTAN 80 MG ,1,COMPRIMIDO BLISTER CALENDARIO,20
11,CLINICA MEDICA,TELMISARTAN 80 MG ,1,COMPRIMIDO BLISTER CALENDARIO,20
11,CLINICA MEDICA,TELMISARTAN 80 MG ,1,COMPRIMIDO BLISTER CALENDARIO,20
6,NEFROLOGIA PEDIATRICA,TELMISARTAN 80 MG ,1,COMPRIMIDO BLISTER CALENDARIO,1
5,CARDIOLOGIA PEDIATRICA,TELMISARTAN 80 MG ,1,COMPRIMIDO BLISTER CALENDARIO,1
5,CARDIOLOGIA PEDIATRICA,TELMISARTAN 80 MG ,1,COMPRIMIDO BLISTER CALENDARIO,20
4,ENDOCRINOLOGIA,TELMISARTAN 80 MG ,1,COMPRIMIDO BLISTER CALENDARIO,1
3,NEUROLOGIA,TELMISARTAN 80 MG ,1,COMPRIMIDO BLISTER CALENDARIO,1
46,HEMODINAMIA,TELMISARTAN 80 MG ,1,COMPRIMIDO BLISTER CALENDARIO,20
86,NEUMOLOGIA PEDIATRICA,TIOTROPIO BROMURO 18 MCG CAPSULA C/POLVO SECO,1,CAPSULA C/POLVO SECO C/ADAP.,20
86,NEUMOLOGIA PEDIATRICA,TIOTROPIO BROMURO 18 MCG CAPSULA C/POLVO SECO,1,CAPSULA C/POLVO SECO C/ADAP.,1
56,NEUMOLOGIA,TIOTROPIO BROMURO 18 MCG CAPSULA C/POLVO SECO,1,CAPSULA C/POLVO SECO C/ADAP.,20
9,ALERGIA E INMUNOLOGIA,TIOTROPIO BROMURO 18 MCG CAPSULA C/POLVO SECO,1,CAPSULA C/POLVO SECO C/ADAP.,1
86,NEUMOLOGIA PEDIATRICA,VACUNA ANTIVARICELA INYECTABLE,1,AMPOLLA + SOLVENTE,1
69,UNIDAD DE TRANSPLANTE,VACUNA ANTIVARICELA INYECTABLE,1,AMPOLLA + SOLVENTE,1
50,NEFROLOGIA,VACUNA ANTIVARICELA INYECTABLE,1,AMPOLLA + SOLVENTE,1
37,PEDIATRIA,VACUNA ANTIVARICELA INYECTABLE,1,AMPOLLA + SOLVENTE,1
6,NEFROLOGIA PEDIATRICA,VACUNA ANTIVARICELA INYECTABLE,1,AMPOLLA + SOLVENTE,1
160,CLIMATERIO,OSELTAMIVIR  75 MG.,1,CAPSULA,20
139,INFECTOLOGIA PEDIATRICA,OSELTAMIVIR  75 MG.,1,CAPSULA,20
101,MEDICINA FAMILIAR,OSELTAMIVIR  75 MG.,1,CAPSULA,20
86,NEUMOLOGIA PEDIATRICA,OSELTAMIVIR  75 MG.,1,CAPSULA,20
42,DERMATOLOGIA PEDIATRICA,OSELTAMIVIR  75 MG.,1,CAPSULA,20
34,GINECOLOGIA,OSELTAMIVIR  75 MG.,1,CAPSULA,20
31,OBSTETRICIA,OSELTAMIVIR  75 MG.,1,CAPSULA,20
21,UROLOGIA,OSELTAMIVIR  75 MG.,1,CAPSULA,20
11,CLINICA MEDICA,OSELTAMIVIR  75 MG.,1,CAPSULA,20
5,CARDIOLOGIA PEDIATRICA,OSELTAMIVIR  75 MG.,1,CAPSULA,20
4,ENDOCRINOLOGIA,OSELTAMIVIR  75 MG.,1,CAPSULA,20
170,ESTUDIOS HEMODINAMIA ,OSELTAMIVIR  75 MG.,1,CAPSULA,10
69,UNIDAD DE TRANSPLANTE,MICOFENOLICO ACIDO 360MG ,1,COMPRIMIDO C/CUBIERTA ENTERICA,1
60,GASTROENTEROLOGIA PEDIATRICA,MICOFENOLICO ACIDO 360MG ,1,COMPRIMIDO C/CUBIERTA ENTERICA,20
50,NEFROLOGIA,MICOFENOLICO ACIDO 360MG ,1,COMPRIMIDO C/CUBIERTA ENTERICA,1
12,CARDIOLOGIA,MICOFENOLICO ACIDO 360MG ,1,COMPRIMIDO C/CUBIERTA ENTERICA,20
6,NEFROLOGIA PEDIATRICA,MICOFENOLICO ACIDO 360MG ,1,COMPRIMIDO C/CUBIERTA ENTERICA,1
2,HEMATOLOGIA,MICOFENOLICO ACIDO 360MG ,1,COMPRIMIDO C/CUBIERTA ENTERICA,20
1,REUMATOLOGIA,MICOFENOLICO ACIDO 360MG ,1,COMPRIMIDO C/CUBIERTA ENTERICA,1
1,REUMATOLOGIA,MICOFENOLICO ACIDO 360MG ,1,COMPRIMIDO C/CUBIERTA ENTERICA,20
183,ONCOLOGIA PEDIATRICA,SORAFENIB 200 MG ,1,COMPRIMIDO,20
110,HEMATOLOGIA CRONICOS,SORAFENIB 200 MG ,1,COMPRIMIDO,1
109,HEMATOLOGIA PEDIATRICA,SORAFENIB 200 MG ,1,COMPRIMIDO,1
109,HEMATOLOGIA PEDIATRICA,SORAFENIB 200 MG ,1,COMPRIMIDO,20
49,ONCOLOGIA,SORAFENIB 200 MG ,1,COMPRIMIDO,1
2,HEMATOLOGIA,SORAFENIB 200 MG ,1,COMPRIMIDO,1
139,INFECTOLOGIA PEDIATRICA,VALGANCICLOVIR 450 MG.,1,COMPRIMIDO,20
110,HEMATOLOGIA CRONICOS,VALGANCICLOVIR 450 MG.,1,COMPRIMIDO,20
69,UNIDAD DE TRANSPLANTE,VALGANCICLOVIR 450 MG.,1,COMPRIMIDO,1
50,NEFROLOGIA,VALGANCICLOVIR 450 MG.,1,COMPRIMIDO,20
47,INFECTOLOGIA,VALGANCICLOVIR 450 MG.,1,COMPRIMIDO,1
6,NEFROLOGIA PEDIATRICA,VALGANCICLOVIR 450 MG.,1,COMPRIMIDO,20
6,NEFROLOGIA PEDIATRICA,VALGANCICLOVIR 450 MG.,1,COMPRIMIDO,120
2,HEMATOLOGIA,VALGANCICLOVIR 450 MG.,1,COMPRIMIDO,20
2,HEMATOLOGIA,VALGANCICLOVIR 450 MG.,1,COMPRIMIDO,20
91,TERAPIA DEL DOLOR Y MEDICINA PALIATIVA ,DIPIRONA+DEXTROPROPOXIFENO(1500MG+50MG)INYECTABLE,1,AMPOLLA,1
49,ONCOLOGIA,DIPIRONA+DEXTROPROPOXIFENO(1500MG+50MG)INYECTABLE,1,AMPOLLA,1
28,CIRUGIA GENERAL,DIPIRONA+DEXTROPROPOXIFENO(1500MG+50MG)INYECTABLE,1,AMPOLLA,1
89,GERIATRIA,DONEPECILO 10 MG ,1,COMPRIMIDO ,1
24,NEUROCIRUGIA,DONEPECILO 10 MG ,1,COMPRIMIDO ,20
7,SIQUIATRIA,DONEPECILO 10 MG ,1,COMPRIMIDO ,20
3,NEUROLOGIA,DONEPECILO 10 MG ,1,COMPRIMIDO ,1
177,PSIQUIATRIA INFANTIL,DONEPECILO 10 MG ,1,COMPRIMIDO ,20
181,NEURODESARROLLO ,OSELTAMIVIR 60MG/5ML,1,FRASCO DE 50 A 90ML,1
160,CLIMATERIO,OSELTAMIVIR 60MG/5ML,1,FRASCO DE 50 A 90ML,1
139,INFECTOLOGIA PEDIATRICA,OSELTAMIVIR 60MG/5ML,1,FRASCO DE 50 A 90ML,1
86,NEUMOLOGIA PEDIATRICA,OSELTAMIVIR 60MG/5ML,1,FRASCO DE 50 A 90ML,1
42,DERMATOLOGIA PEDIATRICA,OSELTAMIVIR 60MG/5ML,1,FRASCO DE 50 A 90ML,1
37,PEDIATRIA,OSELTAMIVIR 60MG/5ML,1,FRASCO DE 50 A 90ML,1
31,OBSTETRICIA,OSELTAMIVIR 60MG/5ML,1,FRASCO DE 50 A 90ML,1
21,UROLOGIA,OSELTAMIVIR 60MG/5ML,1,FRASCO DE 50 A 90ML,1
11,CLINICA MEDICA,OSELTAMIVIR 60MG/5ML,1,FRASCO DE 50 A 90ML,1
5,CARDIOLOGIA PEDIATRICA,OSELTAMIVIR 60MG/5ML,1,FRASCO DE 50 A 90ML,1
4,ENDOCRINOLOGIA,OSELTAMIVIR 60MG/5ML,1,FRASCO DE 50 A 90ML,1
170,ESTUDIOS HEMODINAMIA ,OSELTAMIVIR 60MG/5ML,1,FRASCO DE 50 A 90ML,3
181,NEURODESARROLLO ,LEVETIRACETAM 500 MG ,1,COMPRIMIDO,20
89,GERIATRIA,LEVETIRACETAM 500 MG ,1,COMPRIMIDO,20
66,NEUROLOGIA PEDIATRICA,LEVETIRACETAM 500 MG ,1,COMPRIMIDO,180
24,NEUROCIRUGIA,LEVETIRACETAM 500 MG ,1,COMPRIMIDO,1
3,NEUROLOGIA,LEVETIRACETAM 500 MG ,1,COMPRIMIDO,1
91,TERAPIA DEL DOLOR Y MEDICINA PALIATIVA ,PREGABALINA 150MG ,1,CAPSULA,1
49,ONCOLOGIA,PREGABALINA 150MG ,1,CAPSULA,1
48,TERAPIA INTENSIVA,MESALAZINA 4 GR. SOLUCION ,1,FRASCO,1
37,PEDIATRIA,MESALAZINA 4 GR. SOLUCION ,1,FRASCO,1
29,PROCTOLOGIA,MESALAZINA 4 GR. SOLUCION ,1,FRASCO,1
28,CIRUGIA GENERAL,MESALAZINA 4 GR. SOLUCION ,1,FRASCO,1
11,CLINICA MEDICA,MESALAZINA 4 GR. SOLUCION ,1,FRASCO,1
10,GASTROENTEROLOGIA,MESALAZINA 4 GR. SOLUCION ,1,FRASCO,1
217,TRAUMATOLOGIA TUMORES,TRAMADOL 50MG/ML INYECTABLE.  ,1,AMPOLLA,1
216,TRAUMATOLOGIA RODILLA,TRAMADOL 50MG/ML INYECTABLE.  ,1,AMPOLLA,1
215,TRAUMATOLOGIA HOMBRO Y CODO,TRAMADOL 50MG/ML INYECTABLE.  ,1,AMPOLLA,1
214,TRAUMATOLOGIA PIE Y TOBILLO,TRAMADOL 50MG/ML INYECTABLE.  ,1,AMPOLLA,1
213,TRAUMATOLOGIA MANO Y ANTEBRAZO,TRAMADOL 50MG/ML INYECTABLE.  ,1,AMPOLLA,1
212,TRAUMATOLOGIA CADERA,TRAMADOL 50MG/ML INYECTABLE.  ,1,AMPOLLA,1
211,TRAUMATOLOGIA COLUMNA,TRAMADOL 50MG/ML INYECTABLE.  ,1,AMPOLLA,1
183,ONCOLOGIA PEDIATRICA,TRAMADOL 50MG/ML INYECTABLE.  ,1,AMPOLLA,1
112,CIRUGIA MINIMA INVASIVA,TRAMADOL 50MG/ML INYECTABLE.  ,1,AMPOLLA,1
91,TERAPIA DEL DOLOR Y MEDICINA PALIATIVA ,TRAMADOL 50MG/ML INYECTABLE.  ,1,AMPOLLA,1
91,TERAPIA DEL DOLOR Y MEDICINA PALIATIVA ,TRAMADOL 50MG/ML INYECTABLE.  ,1,AMPOLLA,1
66,NEUROLOGIA PEDIATRICA,TRAMADOL 50MG/ML INYECTABLE.  ,1,AMPOLLA,1
51,ANESTESIOLOGIA,TRAMADOL 50MG/ML INYECTABLE.  ,1,AMPOLLA,1
49,ONCOLOGIA,TRAMADOL 50MG/ML INYECTABLE.  ,1,AMPOLLA,1
48,TERAPIA INTENSIVA,TRAMADOL 50MG/ML INYECTABLE.  ,1,AMPOLLA,1
28,CIRUGIA GENERAL,TRAMADOL 50MG/ML INYECTABLE.  ,1,AMPOLLA,1
24,NEUROCIRUGIA,TRAMADOL 50MG/ML INYECTABLE.  ,1,AMPOLLA,1
18,FISIATRIA ADULTO,TRAMADOL 50MG/ML INYECTABLE.  ,1,AMPOLLA,1
16,TRAUMATOLOGIA GENERAL,TRAMADOL 50MG/ML INYECTABLE.  ,1,AMPOLLA,1
3,NEUROLOGIA,TRAMADOL 50MG/ML INYECTABLE.  ,1,AMPOLLA,1
23,URGENCIAS CLINICA MEDICA,TRAMADOL 50MG/ML INYECTABLE.  ,1,AMPOLLA,1
15,URGENCIAS TRAUMATOLOGIA,TRAMADOL 50MG/ML INYECTABLE.  ,1,AMPOLLA,1
89,GERIATRIA,SALMETEROL + FLUTICAZONA 50MCG+250MCG/DOSIS POLVO,1,DISPOSITIVO C/POLVO P/INHALAR,1
86,NEUMOLOGIA PEDIATRICA,SALMETEROL + FLUTICAZONA 50MCG+250MCG/DOSIS POLVO,1,DISPOSITIVO C/POLVO P/INHALAR,1
86,NEUMOLOGIA PEDIATRICA,SALMETEROL + FLUTICAZONA 50MCG+250MCG/DOSIS POLVO,1,DISPOSITIVO C/POLVO P/INHALAR,1
56,NEUMOLOGIA,SALMETEROL + FLUTICAZONA 50MCG+250MCG/DOSIS POLVO,1,DISPOSITIVO C/POLVO P/INHALAR,1
9,ALERGIA E INMUNOLOGIA,SALMETEROL + FLUTICAZONA 50MCG+250MCG/DOSIS POLVO,1,DISPOSITIVO C/POLVO P/INHALAR,1
199,TELESALUD HV,CIPROFLOXACINA 3 MG/ML GOTAS OTICAS,1,FRASCO GOTERO,2
139,INFECTOLOGIA PEDIATRICA,CIPROFLOXACINA 3 MG/ML GOTAS OTICAS,1,FRASCO GOTERO,1
86,NEUMOLOGIA PEDIATRICA,CIPROFLOXACINA 3 MG/ML GOTAS OTICAS,1,FRASCO GOTERO,1
56,NEUMOLOGIA,CIPROFLOXACINA 3 MG/ML GOTAS OTICAS,1,FRASCO GOTERO,1
47,INFECTOLOGIA,CIPROFLOXACINA 3 MG/ML GOTAS OTICAS,1,FRASCO GOTERO,1
43,OTORRINOLARINGOLOGIA PEDIATRICA,CIPROFLOXACINA 3 MG/ML GOTAS OTICAS,1,FRASCO GOTERO,1
37,PEDIATRIA,CIPROFLOXACINA 3 MG/ML GOTAS OTICAS,1,FRASCO GOTERO,1
22,OTORRINOLARINGOLOGIA,CIPROFLOXACINA 3 MG/ML GOTAS OTICAS,1,FRASCO GOTERO,1
22,OTORRINOLARINGOLOGIA,CIPROFLOXACINA 3 MG/ML GOTAS OTICAS,1,FRASCO GOTERO,1
11,CLINICA MEDICA,CIPROFLOXACINA 3 MG/ML GOTAS OTICAS,1,FRASCO GOTERO,1
9,ALERGIA E INMUNOLOGIA,CIPROFLOXACINA 3 MG/ML GOTAS OTICAS,1,FRASCO GOTERO,1
183,ONCOLOGIA PEDIATRICA,TEMOZOLAMIDA 20 MG. ,1,CAPSULA,20
49,ONCOLOGIA,TEMOZOLAMIDA 20 MG. ,1,CAPSULA,1
183,ONCOLOGIA PEDIATRICA,TEMOZOLAMIDA 100 MG ,1,CAPSULA,20
49,ONCOLOGIA,TEMOZOLAMIDA 100 MG ,1,CAPSULA,1
217,TRAUMATOLOGIA TUMORES,TRAMADOL 50MG GOTAS,1,FRASCO GOTERO ,1
216,TRAUMATOLOGIA RODILLA,TRAMADOL 50MG GOTAS,1,FRASCO GOTERO ,1
215,TRAUMATOLOGIA HOMBRO Y CODO,TRAMADOL 50MG GOTAS,1,FRASCO GOTERO ,1
214,TRAUMATOLOGIA PIE Y TOBILLO,TRAMADOL 50MG GOTAS,1,FRASCO GOTERO ,1
213,TRAUMATOLOGIA MANO Y ANTEBRAZO,TRAMADOL 50MG GOTAS,1,FRASCO GOTERO ,1
212,TRAUMATOLOGIA CADERA,TRAMADOL 50MG GOTAS,1,FRASCO GOTERO ,1
211,TRAUMATOLOGIA COLUMNA,TRAMADOL 50MG GOTAS,1,FRASCO GOTERO ,1
183,ONCOLOGIA PEDIATRICA,TRAMADOL 50MG GOTAS,1,FRASCO GOTERO ,1
91,TERAPIA DEL DOLOR Y MEDICINA PALIATIVA ,TRAMADOL 50MG GOTAS,1,FRASCO GOTERO ,1
89,GERIATRIA,TRAMADOL 50MG GOTAS,1,FRASCO GOTERO ,1
66,NEUROLOGIA PEDIATRICA,TRAMADOL 50MG GOTAS,1,FRASCO GOTERO ,8
49,ONCOLOGIA,TRAMADOL 50MG GOTAS,1,FRASCO GOTERO ,1
49,ONCOLOGIA,TRAMADOL 50MG GOTAS,1,FRASCO GOTERO ,1
24,NEUROCIRUGIA,TRAMADOL 50MG GOTAS,1,FRASCO GOTERO ,1
22,OTORRINOLARINGOLOGIA,TRAMADOL 50MG GOTAS,1,FRASCO GOTERO ,1
18,FISIATRIA ADULTO,TRAMADOL 50MG GOTAS,1,FRASCO GOTERO ,1
16,TRAUMATOLOGIA GENERAL,TRAMADOL 50MG GOTAS,1,FRASCO GOTERO ,1
3,NEUROLOGIA,TRAMADOL 50MG GOTAS,1,FRASCO GOTERO ,1
1,REUMATOLOGIA,TRAMADOL 50MG GOTAS,1,FRASCO GOTERO ,1
1,REUMATOLOGIA,TRAMADOL 50MG GOTAS,1,FRASCO GOTERO ,1
160,CLIMATERIO,ACIDO LACTICO 190 MG  ,1,OVULO,1
34,GINECOLOGIA,ACIDO LACTICO 190 MG  ,1,OVULO,1
33,GINECO-OBSTETRICIA,ACIDO LACTICO 190 MG  ,1,OVULO,1
31,OBSTETRICIA,ACIDO LACTICO 190 MG  ,1,OVULO,1
34,GINECOLOGIA,ACIDO TRICLOROACETICO 80% SOLUCION,1,FRASCO,1
33,GINECO-OBSTETRICIA,ACIDO TRICLOROACETICO 80% SOLUCION,1,FRASCO,1
204,UNIDAD DE OBSTETRICIA,CABERGOLINA 0.5 MG ,1,COMPRIMIDO,2
199,TELESALUD HV,CABERGOLINA 0.5 MG ,1,COMPRIMIDO,30
66,NEUROLOGIA PEDIATRICA,CABERGOLINA 0.5 MG ,1,COMPRIMIDO,8
58,MASTOLOGIA,CABERGOLINA 0.5 MG ,1,COMPRIMIDO,20
44,ENDOCRINOLOGIA PEDIATRICA,CABERGOLINA 0.5 MG ,1,COMPRIMIDO,1
34,GINECOLOGIA,CABERGOLINA 0.5 MG ,1,COMPRIMIDO,1
33,GINECO-OBSTETRICIA,CABERGOLINA 0.5 MG ,1,COMPRIMIDO,1
31,OBSTETRICIA,CABERGOLINA 0.5 MG ,1,COMPRIMIDO,20
4,ENDOCRINOLOGIA,CABERGOLINA 0.5 MG ,1,COMPRIMIDO,1
4,ENDOCRINOLOGIA,CABERGOLINA 0.5 MG ,1,COMPRIMIDO,20
3,NEUROLOGIA,CABERGOLINA 0.5 MG ,1,COMPRIMIDO,1
25,OFTALMOLOGIA,CARBACOL 0.01% SOLUCION INTRAOCULAR,1,FRASCO AMPOLLA,1
25,OFTALMOLOGIA,CARBACOL 0.01% SOLUCION INTRAOCULAR,1,FRASCO AMPOLLA,1
183,ONCOLOGIA PEDIATRICA,BICALUTAMIDA 50 MG ,1,COMPRIMIDO,20
59,RADIOTERAPIA,BICALUTAMIDA 50 MG ,1,COMPRIMIDO,1
49,ONCOLOGIA,BICALUTAMIDA 50 MG ,1,COMPRIMIDO,1
21,UROLOGIA,BICALUTAMIDA 50 MG ,1,COMPRIMIDO,1
2,HEMATOLOGIA,CARMUSTINA 100 MG INYECTABLE ,1,FRASCO AMPOLLA,1
66,NEUROLOGIA PEDIATRICA,CITICOLINA 1 GR. INYECTABLE,1,AMPOLLA,3
217,TRAUMATOLOGIA TUMORES,DABIGATRAN ETEXILATO 110MG ,1,CAPSULA,1
216,TRAUMATOLOGIA RODILLA,DABIGATRAN ETEXILATO 110MG ,1,CAPSULA,1
215,TRAUMATOLOGIA HOMBRO Y CODO,DABIGATRAN ETEXILATO 110MG ,1,CAPSULA,1
214,TRAUMATOLOGIA PIE Y TOBILLO,DABIGATRAN ETEXILATO 110MG ,1,CAPSULA,1
213,TRAUMATOLOGIA MANO Y ANTEBRAZO,DABIGATRAN ETEXILATO 110MG ,1,CAPSULA,1
212,TRAUMATOLOGIA CADERA,DABIGATRAN ETEXILATO 110MG ,1,CAPSULA,1
211,TRAUMATOLOGIA COLUMNA,DABIGATRAN ETEXILATO 110MG ,1,CAPSULA,1
110,HEMATOLOGIA CRONICOS,DABIGATRAN ETEXILATO 110MG ,1,CAPSULA,20
84,ANTICOAGULADOS,DABIGATRAN ETEXILATO 110MG ,1,CAPSULA,1
69,UNIDAD DE TRANSPLANTE,DABIGATRAN ETEXILATO 110MG ,1,CAPSULA,1
55,CARDIOCIRUGIA,DABIGATRAN ETEXILATO 110MG ,1,CAPSULA,1
41,TRAUMATOLOGIA PEDIATRICA,DABIGATRAN ETEXILATO 110MG ,1,CAPSULA,1
16,TRAUMATOLOGIA GENERAL,DABIGATRAN ETEXILATO 110MG ,1,CAPSULA,1
12,CARDIOLOGIA,DABIGATRAN ETEXILATO 110MG ,1,CAPSULA,1
12,CARDIOLOGIA,DABIGATRAN ETEXILATO 110MG ,1,CAPSULA,20
5,CARDIOLOGIA PEDIATRICA,DABIGATRAN ETEXILATO 110MG ,1,CAPSULA,20
2,HEMATOLOGIA,DABIGATRAN ETEXILATO 110MG ,1,CAPSULA,20
69,UNIDAD DE TRANSPLANTE,DEFERASIROX 250 MG ,1,COMPRIMIDO,1
199,TELESALUD HV,ESPIRONOLACTONA 25 MG   ,1,COMPRIMIDO,30
101,MEDICINA FAMILIAR,ESPIRONOLACTONA 25 MG   ,1,COMPRIMIDO,60
91,TERAPIA DEL DOLOR Y MEDICINA PALIATIVA ,ESPIRONOLACTONA 25 MG   ,1,COMPRIMIDO,1
55,CARDIOCIRUGIA,ESPIRONOLACTONA 25 MG   ,1,COMPRIMIDO,1
50,NEFROLOGIA,ESPIRONOLACTONA 25 MG   ,1,COMPRIMIDO,20
49,ONCOLOGIA,ESPIRONOLACTONA 25 MG   ,1,COMPRIMIDO,1
44,ENDOCRINOLOGIA PEDIATRICA,ESPIRONOLACTONA 25 MG   ,1,COMPRIMIDO,20
37,PEDIATRIA,ESPIRONOLACTONA 25 MG   ,1,COMPRIMIDO,1
12,CARDIOLOGIA,ESPIRONOLACTONA 25 MG   ,1,COMPRIMIDO,20
12,CARDIOLOGIA,ESPIRONOLACTONA 25 MG   ,1,COMPRIMIDO,1
11,CLINICA MEDICA,ESPIRONOLACTONA 25 MG   ,1,COMPRIMIDO,1
6,NEFROLOGIA PEDIATRICA,ESPIRONOLACTONA 25 MG   ,1,COMPRIMIDO,1
5,CARDIOLOGIA PEDIATRICA,ESPIRONOLACTONA 25 MG   ,1,COMPRIMIDO,1
5,CARDIOLOGIA PEDIATRICA,ESPIRONOLACTONA 25 MG   ,1,COMPRIMIDO,20
46,HEMODINAMIA,ESPIRONOLACTONA 25 MG   ,1,COMPRIMIDO,1
160,CLIMATERIO,ESTRADIOL GEL TRANSDERMICO,1,GEL 0.06%,1
34,GINECOLOGIA,ESTRADIOL GEL TRANSDERMICO,1,GEL 0.06%,1
34,GINECOLOGIA,ESTRADIOL GEL TRANSDERMICO,1,GEL 0.06%,1
33,GINECO-OBSTETRICIA,ESTRADIOL GEL TRANSDERMICO,1,GEL 0.06%,1
31,OBSTETRICIA,ESTRADIOL GEL TRANSDERMICO,1,GEL 0.06%,1
160,CLIMATERIO,ESTRIOL 0.5 MG ,1,OVULO,1
34,GINECOLOGIA,ESTRIOL 0.5 MG ,1,OVULO,1
33,GINECO-OBSTETRICIA,ESTRIOL 0.5 MG ,1,OVULO,1
31,OBSTETRICIA,ESTRIOL 0.5 MG ,1,OVULO,1
86,NEUMOLOGIA PEDIATRICA,FLUTICASONA PROPIONATO 50MCG/DOSIS AEROSOL,1,FRASCO ,1
56,NEUMOLOGIA,FLUTICASONA PROPIONATO 50MCG/DOSIS AEROSOL,1,FRASCO ,1
22,OTORRINOLARINGOLOGIA,FLUTICASONA PROPIONATO 50MCG/DOSIS AEROSOL,1,FRASCO ,1
9,ALERGIA E INMUNOLOGIA,FLUTICASONA PROPIONATO 50MCG/DOSIS AEROSOL,1,FRASCO ,1
42,DERMATOLOGIA PEDIATRICA,HIDROXICINA 25MG,1,COMPRIMIDO ,1
42,DERMATOLOGIA PEDIATRICA,HIDROXICINA 25MG,1,COMPRIMIDO ,20
9,ALERGIA E INMUNOLOGIA,HIDROXICINA 25MG,1,COMPRIMIDO ,1
8,DERMATOLOGIA,HIDROXICINA 25MG,1,COMPRIMIDO ,1
42,DERMATOLOGIA PEDIATRICA,IMIQUIMOD,1,POMO,1
42,DERMATOLOGIA PEDIATRICA,IMIQUIMOD,1,POMO,1
8,DERMATOLOGIA,IMIQUIMOD,1,POMO,1
66,NEUROLOGIA PEDIATRICA,LAMOTRIGINA 50 MG ,1,COMPRIMIDO,100
7,SIQUIATRIA,LAMOTRIGINA 50 MG ,1,COMPRIMIDO,20
3,NEUROLOGIA,LAMOTRIGINA 50 MG ,1,COMPRIMIDO,1
177,PSIQUIATRIA INFANTIL,LAMOTRIGINA 50 MG ,1,COMPRIMIDO,20
25,OFTALMOLOGIA,LATANOPROST COLIRIO OFTALMICO,1,"FRASCO X 2,5 A 3ML",1
25,OFTALMOLOGIA,LATANOPROST COLIRIO OFTALMICO,1,"FRASCO X 2,5 A 3ML",1
49,ONCOLOGIA,"LEUPROLIDE (LEUPRORELINA)7,5MG INYECTABLE",1,AMPOLLA+SOLVENTE/JERINGA PRELL,1
21,UROLOGIA,"LEUPROLIDE (LEUPRORELINA)7,5MG INYECTABLE",1,AMPOLLA+SOLVENTE/JERINGA PRELL,1
199,TELESALUD HV,"NITROFURAZONA 0,20% APOSITO HIDROSOLUBLE  ",1,SOBRE ,10
17,CIRUGIA RECONSTRUCTIVA,"NITROFURAZONA 0,20% APOSITO HIDROSOLUBLE  ",1,SOBRE ,1
11,CLINICA MEDICA,"NITROFURAZONA 0,20% APOSITO HIDROSOLUBLE  ",1,SOBRE ,1
66,NEUROLOGIA PEDIATRICA,OLANZAPINA 10MG.,1,COMPRIMIDO ,60
7,SIQUIATRIA,OLANZAPINA 10MG.,1,COMPRIMIDO ,1
7,SIQUIATRIA,OLANZAPINA 10MG.,1,COMPRIMIDO ,20
3,NEUROLOGIA,OLANZAPINA 10MG.,1,COMPRIMIDO ,1
177,PSIQUIATRIA INFANTIL,OLANZAPINA 10MG.,1,COMPRIMIDO ,20
204,UNIDAD DE OBSTETRICIA,ONDANSETRON 8MG,1,COMPRIMIDO ,10
183,ONCOLOGIA PEDIATRICA,ONDANSETRON 8MG,1,COMPRIMIDO ,20
109,HEMATOLOGIA PEDIATRICA,ONDANSETRON 8MG,1,COMPRIMIDO ,20
91,TERAPIA DEL DOLOR Y MEDICINA PALIATIVA ,ONDANSETRON 8MG,1,COMPRIMIDO ,20
50,NEFROLOGIA,ONDANSETRON 8MG,1,COMPRIMIDO ,3
49,ONCOLOGIA,ONDANSETRON 8MG,1,COMPRIMIDO ,1
49,ONCOLOGIA,ONDANSETRON 8MG,1,COMPRIMIDO ,20
2,HEMATOLOGIA,ONDANSETRON 8MG,1,COMPRIMIDO ,20
2,HEMATOLOGIA,ONDANSETRON 8MG,1,COMPRIMIDO ,1
183,ONCOLOGIA PEDIATRICA,PEMETREXED 500 MG INYECTABLE.,1,FRASCO AMPOLLA,1
49,ONCOLOGIA,PEMETREXED 500 MG INYECTABLE.,1,FRASCO AMPOLLA,1
217,TRAUMATOLOGIA TUMORES,PREGABALINA 75 MG CAPSULA.,1,CAPSULA,20
216,TRAUMATOLOGIA RODILLA,PREGABALINA 75 MG CAPSULA.,1,CAPSULA,20
215,TRAUMATOLOGIA HOMBRO Y CODO,PREGABALINA 75 MG CAPSULA.,1,CAPSULA,20
214,TRAUMATOLOGIA PIE Y TOBILLO,PREGABALINA 75 MG CAPSULA.,1,CAPSULA,20
213,TRAUMATOLOGIA MANO Y ANTEBRAZO,PREGABALINA 75 MG CAPSULA.,1,CAPSULA,20
212,TRAUMATOLOGIA CADERA,PREGABALINA 75 MG CAPSULA.,1,CAPSULA,20
211,TRAUMATOLOGIA COLUMNA,PREGABALINA 75 MG CAPSULA.,1,CAPSULA,20
199,TELESALUD HV,PREGABALINA 75 MG CAPSULA.,1,CAPSULA,30
183,ONCOLOGIA PEDIATRICA,PREGABALINA 75 MG CAPSULA.,1,CAPSULA,20
91,TERAPIA DEL DOLOR Y MEDICINA PALIATIVA ,PREGABALINA 75 MG CAPSULA.,1,CAPSULA,1
89,GERIATRIA,PREGABALINA 75 MG CAPSULA.,1,CAPSULA,20
87,REUMATOLOGIA PEDIATRICA,PREGABALINA 75 MG CAPSULA.,1,CAPSULA,1
66,NEUROLOGIA PEDIATRICA,PREGABALINA 75 MG CAPSULA.,1,CAPSULA,60
49,ONCOLOGIA,PREGABALINA 75 MG CAPSULA.,1,CAPSULA,1
41,TRAUMATOLOGIA PEDIATRICA,PREGABALINA 75 MG CAPSULA.,1,CAPSULA,1
24,NEUROCIRUGIA,PREGABALINA 75 MG CAPSULA.,1,CAPSULA,1
22,OTORRINOLARINGOLOGIA,PREGABALINA 75 MG CAPSULA.,1,CAPSULA,20
18,FISIATRIA ADULTO,PREGABALINA 75 MG CAPSULA.,1,CAPSULA,1
16,TRAUMATOLOGIA GENERAL,PREGABALINA 75 MG CAPSULA.,1,CAPSULA,20
11,CLINICA MEDICA,PREGABALINA 75 MG CAPSULA.,1,CAPSULA,1
7,SIQUIATRIA,PREGABALINA 75 MG CAPSULA.,1,CAPSULA,20
3,NEUROLOGIA,PREGABALINA 75 MG CAPSULA.,1,CAPSULA,1
2,HEMATOLOGIA,PREGABALINA 75 MG CAPSULA.,1,CAPSULA,20
1,REUMATOLOGIA,PREGABALINA 75 MG CAPSULA.,1,CAPSULA,1
1,REUMATOLOGIA,PREGABALINA 75 MG CAPSULA.,1,CAPSULA,20
177,PSIQUIATRIA INFANTIL,PREGABALINA 75 MG CAPSULA.,1,CAPSULA,20
181,NEURODESARROLLO ,RISPERIDONA 1 MG/ML,1,FRASCO,1
91,TERAPIA DEL DOLOR Y MEDICINA PALIATIVA ,RISPERIDONA 1 MG/ML,1,FRASCO,1
89,GERIATRIA,RISPERIDONA 1 MG/ML,1,FRASCO,1
66,NEUROLOGIA PEDIATRICA,RISPERIDONA 1 MG/ML,1,FRASCO,4
37,PEDIATRIA,RISPERIDONA 1 MG/ML,1,FRASCO,1
11,CLINICA MEDICA,RISPERIDONA 1 MG/ML,1,FRASCO,1
11,CLINICA MEDICA,RISPERIDONA 1 MG/ML,1,FRASCO,1
7,SIQUIATRIA,RISPERIDONA 1 MG/ML,1,FRASCO,1
7,SIQUIATRIA,RISPERIDONA 1 MG/ML,1,FRASCO,1
3,NEUROLOGIA,RISPERIDONA 1 MG/ML,1,FRASCO,1
177,PSIQUIATRIA INFANTIL,RISPERIDONA 1 MG/ML,1,FRASCO,1
21,UROLOGIA,SERENOA REPENS CON O SIN PYGEUM AFRICANUM 160 MG ,1,CAPSULA,1
8,DERMATOLOGIA,SULFACETAMIDA 10% LOCIÓN,1,TUBO,1
10,GASTROENTEROLOGIA,TELBIVUDINE 600 MG ,1,COMPRIMIDO RECUBIERTO,1
139,INFECTOLOGIA PEDIATRICA,TIGECICLINA 50 MG INYECTABLE,1,FRASCO AMPOLLA,1
47,INFECTOLOGIA,TIGECICLINA 50 MG INYECTABLE,1,FRASCO AMPOLLA,1
160,CLIMATERIO,TOLTERODINA 2 MG ,1,COMPRIMIDO,20
34,GINECOLOGIA,TOLTERODINA 2 MG ,1,COMPRIMIDO,1
33,GINECO-OBSTETRICIA,TOLTERODINA 2 MG ,1,COMPRIMIDO,1
21,UROLOGIA,TOLTERODINA 2 MG ,1,COMPRIMIDO,1
6,NEFROLOGIA PEDIATRICA,TOLTERODINA 2 MG ,1,COMPRIMIDO,20
181,NEURODESARROLLO ,TOPIRAMATO 50MG,1,COMPRIMIDO ,20
66,NEUROLOGIA PEDIATRICA,TOPIRAMATO 50MG,1,COMPRIMIDO ,100
24,NEUROCIRUGIA,TOPIRAMATO 50MG,1,COMPRIMIDO ,20
24,NEUROCIRUGIA,TOPIRAMATO 50MG,1,COMPRIMIDO ,1
3,NEUROLOGIA,TOPIRAMATO 50MG,1,COMPRIMIDO ,1
199,TELESALUD HV,TRAZODONA 50 MG,1,COMPRIMIDO,30
89,GERIATRIA,TRAZODONA 50 MG,1,COMPRIMIDO,1
66,NEUROLOGIA PEDIATRICA,TRAZODONA 50 MG,1,COMPRIMIDO,60
11,CLINICA MEDICA,TRAZODONA 50 MG,1,COMPRIMIDO,1
7,SIQUIATRIA,TRAZODONA 50 MG,1,COMPRIMIDO,1
3,NEUROLOGIA,TRAZODONA 50 MG,1,COMPRIMIDO,1
177,PSIQUIATRIA INFANTIL,TRAZODONA 50 MG,1,COMPRIMIDO,20
24,NEUROCIRUGIA,ZOLPIDEM 10MG,1,COMPRIMIDO ,1
7,SIQUIATRIA,ZOLPIDEM 10MG,1,COMPRIMIDO ,1
177,PSIQUIATRIA INFANTIL,ZOLPIDEM 10MG,1,COMPRIMIDO ,20
109,HEMATOLOGIA PEDIATRICA,METOXIPOLIETILENGLICOL-EPOYETINA BETA 100MG INYECTABLE.,1,"JERINGA PRELLENADA 0,3MG",1
69,UNIDAD DE TRANSPLANTE,METOXIPOLIETILENGLICOL-EPOYETINA BETA 100MG INYECTABLE.,1,"JERINGA PRELLENADA 0,3MG",1
50,NEFROLOGIA,METOXIPOLIETILENGLICOL-EPOYETINA BETA 100MG INYECTABLE.,1,"JERINGA PRELLENADA 0,3MG",1
6,NEFROLOGIA PEDIATRICA,METOXIPOLIETILENGLICOL-EPOYETINA BETA 100MG INYECTABLE.,1,"JERINGA PRELLENADA 0,3MG",1
2,HEMATOLOGIA,METOXIPOLIETILENGLICOL-EPOYETINA BETA 100MG INYECTABLE.,1,"JERINGA PRELLENADA 0,3MG",1
49,ONCOLOGIA,CITRATO DE MAGNESIO 528 MG ,1,GRAGEAS,1
101,MEDICINA FAMILIAR,LEVONORGESTREL 0.075 MG - 1.5 MG ,1,COMPRIMIDO,1
34,GINECOLOGIA,LEVONORGESTREL 0.075 MG - 1.5 MG ,1,COMPRIMIDO,1
33,GINECO-OBSTETRICIA,LEVONORGESTREL 0.075 MG - 1.5 MG ,1,COMPRIMIDO,1
31,OBSTETRICIA,LEVONORGESTREL 0.075 MG - 1.5 MG ,1,COMPRIMIDO,1
98,PLANIFICACION FAMILIAR,LEVONORGESTREL 0.075 MG - 1.5 MG ,1,COMPRIMIDO,1
56,NEUMOLOGIA,TOBRAMICINA 300 MG AMPOLLA,1,AMPOLLA,1
78,TERAPIA INTENSIVA NINOS,OCTREOTIDA ACETATO 0.1 MG INYECTABLE,1,AMPOLLA,1
60,GASTROENTEROLOGIA PEDIATRICA,OCTREOTIDA ACETATO 0.1 MG INYECTABLE,1,AMPOLLA,1
48,TERAPIA INTENSIVA,OCTREOTIDA ACETATO 0.1 MG INYECTABLE,1,AMPOLLA,1
28,CIRUGIA GENERAL,OCTREOTIDA ACETATO 0.1 MG INYECTABLE,1,AMPOLLA,1
10,GASTROENTEROLOGIA,OCTREOTIDA ACETATO 0.1 MG INYECTABLE,1,AMPOLLA,1
4,ENDOCRINOLOGIA,OCTREOTIDA ACETATO 0.1 MG INYECTABLE,1,AMPOLLA,1
183,ONCOLOGIA PEDIATRICA,BEVACIZUMAB 100 MG INYECTABLE,1,FRASCO AMPOLLA,1
49,ONCOLOGIA,BEVACIZUMAB 100 MG INYECTABLE,1,FRASCO AMPOLLA,1
25,OFTALMOLOGIA,BEVACIZUMAB 100 MG INYECTABLE,1,FRASCO AMPOLLA,1
182,NUTRIOLOGIA PEDIATRICA,"ALFA DORNASA 2,5MG / 2,5ML SOLUCION",1,AMPOLLAS PARA NEBULIZAR,1
139,INFECTOLOGIA PEDIATRICA,"ALFA DORNASA 2,5MG / 2,5ML SOLUCION",1,AMPOLLAS PARA NEBULIZAR,1
86,NEUMOLOGIA PEDIATRICA,"ALFA DORNASA 2,5MG / 2,5ML SOLUCION",1,AMPOLLAS PARA NEBULIZAR,1
86,NEUMOLOGIA PEDIATRICA,"ALFA DORNASA 2,5MG / 2,5ML SOLUCION",1,AMPOLLAS PARA NEBULIZAR,1
86,NEUMOLOGIA PEDIATRICA,"ALFA DORNASA 2,5MG / 2,5ML SOLUCION",1,AMPOLLAS PARA NEBULIZAR,1
56,NEUMOLOGIA,"ALFA DORNASA 2,5MG / 2,5ML SOLUCION",1,AMPOLLAS PARA NEBULIZAR,30
47,INFECTOLOGIA,"ALFA DORNASA 2,5MG / 2,5ML SOLUCION",1,AMPOLLAS PARA NEBULIZAR,1
37,PEDIATRIA,"ALFA DORNASA 2,5MG / 2,5ML SOLUCION",1,AMPOLLAS PARA NEBULIZAR,1
183,ONCOLOGIA PEDIATRICA,ERLOTINIB 150 MG COMPRIMIDO,1,COMPRIMIDO ,20
49,ONCOLOGIA,ERLOTINIB 150 MG COMPRIMIDO,1,COMPRIMIDO ,20
77,NEONATOLOGIA,PALIVIZUMAB 100 MG,1,FRASCO AMPOLLA,1
37,PEDIATRIA,PALIVIZUMAB 100 MG,1,FRASCO AMPOLLA,1
199,TELESALUD HV,ACICLOVIR COMPRIMIDOS,1,COMPRIMIDO 800MG,20
183,ONCOLOGIA PEDIATRICA,ACICLOVIR COMPRIMIDOS,1,COMPRIMIDO 800MG,20
139,INFECTOLOGIA PEDIATRICA,ACICLOVIR COMPRIMIDOS,1,COMPRIMIDO 800MG,20
109,HEMATOLOGIA PEDIATRICA,ACICLOVIR COMPRIMIDOS,1,COMPRIMIDO 800MG,20
101,MEDICINA FAMILIAR,ACICLOVIR COMPRIMIDOS,1,COMPRIMIDO 800MG,1
86,NEUMOLOGIA PEDIATRICA,ACICLOVIR COMPRIMIDOS,1,COMPRIMIDO 800MG,1
69,UNIDAD DE TRANSPLANTE,ACICLOVIR COMPRIMIDOS,1,COMPRIMIDO 800MG,1
66,NEUROLOGIA PEDIATRICA,ACICLOVIR COMPRIMIDOS,1,COMPRIMIDO 800MG,20
56,NEUMOLOGIA,ACICLOVIR COMPRIMIDOS,1,COMPRIMIDO 800MG,1
50,NEFROLOGIA,ACICLOVIR COMPRIMIDOS,1,COMPRIMIDO 800MG,1
49,ONCOLOGIA,ACICLOVIR COMPRIMIDOS,1,COMPRIMIDO 800MG,1
47,INFECTOLOGIA,ACICLOVIR COMPRIMIDOS,1,COMPRIMIDO 800MG,1
42,DERMATOLOGIA PEDIATRICA,ACICLOVIR COMPRIMIDOS,1,COMPRIMIDO 800MG,1
42,DERMATOLOGIA PEDIATRICA,ACICLOVIR COMPRIMIDOS,1,COMPRIMIDO 800MG,20
37,PEDIATRIA,ACICLOVIR COMPRIMIDOS,1,COMPRIMIDO 800MG,1
34,GINECOLOGIA,ACICLOVIR COMPRIMIDOS,1,COMPRIMIDO 800MG,1
33,GINECO-OBSTETRICIA,ACICLOVIR COMPRIMIDOS,1,COMPRIMIDO 800MG,1
25,OFTALMOLOGIA,ACICLOVIR COMPRIMIDOS,1,COMPRIMIDO 800MG,1
22,OTORRINOLARINGOLOGIA,ACICLOVIR COMPRIMIDOS,1,COMPRIMIDO 800MG,1
22,OTORRINOLARINGOLOGIA,ACICLOVIR COMPRIMIDOS,1,COMPRIMIDO 800MG,20
21,UROLOGIA,ACICLOVIR COMPRIMIDOS,1,COMPRIMIDO 800MG,1
18,FISIATRIA ADULTO,ACICLOVIR COMPRIMIDOS,1,COMPRIMIDO 800MG,1
11,CLINICA MEDICA,ACICLOVIR COMPRIMIDOS,1,COMPRIMIDO 800MG,1
9,ALERGIA E INMUNOLOGIA,ACICLOVIR COMPRIMIDOS,1,COMPRIMIDO 800MG,1
8,DERMATOLOGIA,ACICLOVIR COMPRIMIDOS,1,COMPRIMIDO 800MG,1
3,NEUROLOGIA,ACICLOVIR COMPRIMIDOS,1,COMPRIMIDO 800MG,1
2,HEMATOLOGIA,ACICLOVIR COMPRIMIDOS,1,COMPRIMIDO 800MG,1
1,REUMATOLOGIA,ACICLOVIR COMPRIMIDOS,1,COMPRIMIDO 800MG,1
23,URGENCIAS CLINICA MEDICA,ACICLOVIR COMPRIMIDOS,1,COMPRIMIDO 800MG,1
110,HEMATOLOGIA CRONICOS,ACIDO TRANSRETINOICO 1OMG ,1,CAPSULA,1
109,HEMATOLOGIA PEDIATRICA,ACIDO TRANSRETINOICO 1OMG ,1,CAPSULA,20
2,HEMATOLOGIA,ACIDO TRANSRETINOICO 1OMG ,1,CAPSULA,1
87,REUMATOLOGIA PEDIATRICA,ACIDO ZOLEDRONICO 5MG INYECTABLE,1,AMPOLLA / FRASCO AMPOLLA,1
44,ENDOCRINOLOGIA PEDIATRICA,ACIDO ZOLEDRONICO 5MG INYECTABLE,1,AMPOLLA / FRASCO AMPOLLA,1
1,REUMATOLOGIA,ACIDO ZOLEDRONICO 5MG INYECTABLE,1,AMPOLLA / FRASCO AMPOLLA,1
170,ESTUDIOS HEMODINAMIA ,CARTICAINA CLORHIDRATO CON ADRENALINA 4%+1:100.000 INYECTABL,1,CARPULE/ TUBO AMPOLLA,1
109,HEMATOLOGIA PEDIATRICA,COMPLEJO PROTROMBINICO HUM(FACTOR IX-II-VII-X-PROTEINAS C-S),1,VIAL,1
183,ONCOLOGIA PEDIATRICA,NILOTINIB 150MG,1,CAPSULA ,20
110,HEMATOLOGIA CRONICOS,NILOTINIB 150MG,1,CAPSULA ,20
109,HEMATOLOGIA PEDIATRICA,NILOTINIB 150MG,1,CAPSULA ,20
49,ONCOLOGIA,NILOTINIB 150MG,1,CAPSULA ,20
2,HEMATOLOGIA,NILOTINIB 150MG,1,CAPSULA ,20
2,HEMATOLOGIA,NILOTINIB 150MG,1,CAPSULA ,20
110,HEMATOLOGIA CRONICOS,"PEGFILGRASTRIM 6MG/0,6ML INYECTABLE",1,JERINGA PRELLENADA,1
199,TELESALUD HV,BR.DE IPRATROPIO ANH.+ BROMHI.DE FENOTEROL C/HIDRO FL.ALCANO,1,FRASCO C/ADAPTADOR BUCAL,1
101,MEDICINA FAMILIAR,BR.DE IPRATROPIO ANH.+ BROMHI.DE FENOTEROL C/HIDRO FL.ALCANO,1,FRASCO C/ADAPTADOR BUCAL,1
89,GERIATRIA,BR.DE IPRATROPIO ANH.+ BROMHI.DE FENOTEROL C/HIDRO FL.ALCANO,1,FRASCO C/ADAPTADOR BUCAL,1
86,NEUMOLOGIA PEDIATRICA,BR.DE IPRATROPIO ANH.+ BROMHI.DE FENOTEROL C/HIDRO FL.ALCANO,1,FRASCO C/ADAPTADOR BUCAL,1
86,NEUMOLOGIA PEDIATRICA,BR.DE IPRATROPIO ANH.+ BROMHI.DE FENOTEROL C/HIDRO FL.ALCANO,1,FRASCO C/ADAPTADOR BUCAL,1
69,UNIDAD DE TRANSPLANTE,BR.DE IPRATROPIO ANH.+ BROMHI.DE FENOTEROL C/HIDRO FL.ALCANO,1,FRASCO C/ADAPTADOR BUCAL,1
56,NEUMOLOGIA,BR.DE IPRATROPIO ANH.+ BROMHI.DE FENOTEROL C/HIDRO FL.ALCANO,1,FRASCO C/ADAPTADOR BUCAL,1
56,NEUMOLOGIA,BR.DE IPRATROPIO ANH.+ BROMHI.DE FENOTEROL C/HIDRO FL.ALCANO,1,FRASCO C/ADAPTADOR BUCAL,1
50,NEFROLOGIA,BR.DE IPRATROPIO ANH.+ BROMHI.DE FENOTEROL C/HIDRO FL.ALCANO,1,FRASCO C/ADAPTADOR BUCAL,1
43,OTORRINOLARINGOLOGIA PEDIATRICA,BR.DE IPRATROPIO ANH.+ BROMHI.DE FENOTEROL C/HIDRO FL.ALCANO,1,FRASCO C/ADAPTADOR BUCAL,1
22,OTORRINOLARINGOLOGIA,BR.DE IPRATROPIO ANH.+ BROMHI.DE FENOTEROL C/HIDRO FL.ALCANO,1,FRASCO C/ADAPTADOR BUCAL,1
12,CARDIOLOGIA,BR.DE IPRATROPIO ANH.+ BROMHI.DE FENOTEROL C/HIDRO FL.ALCANO,1,FRASCO C/ADAPTADOR BUCAL,1
11,CLINICA MEDICA,BR.DE IPRATROPIO ANH.+ BROMHI.DE FENOTEROL C/HIDRO FL.ALCANO,1,FRASCO C/ADAPTADOR BUCAL,1
9,ALERGIA E INMUNOLOGIA,BR.DE IPRATROPIO ANH.+ BROMHI.DE FENOTEROL C/HIDRO FL.ALCANO,1,FRASCO C/ADAPTADOR BUCAL,1
6,NEFROLOGIA PEDIATRICA,BR.DE IPRATROPIO ANH.+ BROMHI.DE FENOTEROL C/HIDRO FL.ALCANO,1,FRASCO C/ADAPTADOR BUCAL,1
199,TELESALUD HV,BETA HISTINA 24 MG,1,COMPRIMIDO RANURADO,30
89,GERIATRIA,BETA HISTINA 24 MG,1,COMPRIMIDO RANURADO,1
89,GERIATRIA,BETA HISTINA 24 MG,1,COMPRIMIDO RANURADO,20
66,NEUROLOGIA PEDIATRICA,BETA HISTINA 24 MG,1,COMPRIMIDO RANURADO,60
22,OTORRINOLARINGOLOGIA,BETA HISTINA 24 MG,1,COMPRIMIDO RANURADO,1
11,CLINICA MEDICA,BETA HISTINA 24 MG,1,COMPRIMIDO RANURADO,1
11,CLINICA MEDICA,BETA HISTINA 24 MG,1,COMPRIMIDO RANURADO,20
7,SIQUIATRIA,BETA HISTINA 24 MG,1,COMPRIMIDO RANURADO,20
7,SIQUIATRIA,BETA HISTINA 24 MG,1,COMPRIMIDO RANURADO,1
7,SIQUIATRIA,BETA HISTINA 24 MG,1,COMPRIMIDO RANURADO,20
3,NEUROLOGIA,BETA HISTINA 24 MG,1,COMPRIMIDO RANURADO,1
177,PSIQUIATRIA INFANTIL,BETA HISTINA 24 MG,1,COMPRIMIDO RANURADO,20
7,SIQUIATRIA,LITIO CARBONATO 450 MG,1,COMPRIMIDO DE LIB.PROLONGADA,1
7,SIQUIATRIA,LITIO CARBONATO 450 MG,1,COMPRIMIDO DE LIB.PROLONGADA,20
177,PSIQUIATRIA INFANTIL,LITIO CARBONATO 450 MG,1,COMPRIMIDO DE LIB.PROLONGADA,20
199,TELESALUD HV,ACIDO VALPROICO 500 MG,1,UNIDAD,30
139,INFECTOLOGIA PEDIATRICA,ACIDO VALPROICO 500 MG,1,UNIDAD,20
101,MEDICINA FAMILIAR,ACIDO VALPROICO 500 MG,1,UNIDAD,1
89,GERIATRIA,ACIDO VALPROICO 500 MG,1,UNIDAD,1
66,NEUROLOGIA PEDIATRICA,ACIDO VALPROICO 500 MG,1,UNIDAD,100
47,INFECTOLOGIA,ACIDO VALPROICO 500 MG,1,UNIDAD,1
24,NEUROCIRUGIA,ACIDO VALPROICO 500 MG,1,UNIDAD,1
11,CLINICA MEDICA,ACIDO VALPROICO 500 MG,1,UNIDAD,1
7,SIQUIATRIA,ACIDO VALPROICO 500 MG,1,UNIDAD,1
3,NEUROLOGIA,ACIDO VALPROICO 500 MG,1,UNIDAD,1
177,PSIQUIATRIA INFANTIL,ACIDO VALPROICO 500 MG,1,UNIDAD,20
110,HEMATOLOGIA CRONICOS,LENALIDOMIDA 10 MG CAPSULA,1,CAPSULA-ORIGINAL,1
109,HEMATOLOGIA PEDIATRICA,LENALIDOMIDA 10 MG CAPSULA,1,CAPSULA-ORIGINAL,20
2,HEMATOLOGIA,LENALIDOMIDA 10 MG CAPSULA,1,CAPSULA-ORIGINAL,1
109,HEMATOLOGIA PEDIATRICA,LENALIDOMIDA 10 MG CAPSULA,2,CAPSULA - SIMILAR,20
55,CARDIOCIRUGIA,ACIDO TRANEXAMICO 250 MG/ 5ML INYECTABLE,1,AMPOLLA,1
55,CARDIOCIRUGIA,APROTININA 500.000 UI INYECTABLE,1,FRASCO AMPOLLA,1
31,OBSTETRICIA,ATOSIBAN 6.75 MG/0.9ML INYECTABLE,1,VIAL,1
31,OBSTETRICIA,ATOSIBAN 6.75 MG/0.9ML INYECTABLE,1,VIAL,1
69,UNIDAD DE TRANSPLANTE,BASILIXIMAB 20 MG INYECTABLE,1, VIAL ,1
50,NEFROLOGIA,BASILIXIMAB 20 MG INYECTABLE,1, VIAL ,1
6,NEFROLOGIA PEDIATRICA,BASILIXIMAB 20 MG INYECTABLE,1, VIAL ,1
48,TERAPIA INTENSIVA,BIAPENEM 300 MG INYECTABLE,1,AMPOLLA,1
47,INFECTOLOGIA,BIAPENEM 300 MG INYECTABLE,1,AMPOLLA,1
199,TELESALUD HV,CIPROFIBRATO 100 MG COMPRIMIDO,1,COMPRIMIDO / CAPSULA,30
183,ONCOLOGIA PEDIATRICA,CIPROFIBRATO 100 MG COMPRIMIDO,1,COMPRIMIDO / CAPSULA,20
182,NUTRIOLOGIA PEDIATRICA,CIPROFIBRATO 100 MG COMPRIMIDO,1,COMPRIMIDO / CAPSULA,20
110,HEMATOLOGIA CRONICOS,CIPROFIBRATO 100 MG COMPRIMIDO,1,COMPRIMIDO / CAPSULA,20
109,HEMATOLOGIA PEDIATRICA,CIPROFIBRATO 100 MG COMPRIMIDO,1,COMPRIMIDO / CAPSULA,1
101,MEDICINA FAMILIAR,CIPROFIBRATO 100 MG COMPRIMIDO,1,COMPRIMIDO / CAPSULA,1
89,GERIATRIA,CIPROFIBRATO 100 MG COMPRIMIDO,1,COMPRIMIDO / CAPSULA,1
69,UNIDAD DE TRANSPLANTE,CIPROFIBRATO 100 MG COMPRIMIDO,1,COMPRIMIDO / CAPSULA,1
60,GASTROENTEROLOGIA PEDIATRICA,CIPROFIBRATO 100 MG COMPRIMIDO,1,COMPRIMIDO / CAPSULA,20
59,RADIOTERAPIA,CIPROFIBRATO 100 MG COMPRIMIDO,1,COMPRIMIDO / CAPSULA,1
57,DIABETOLOGIA,CIPROFIBRATO 100 MG COMPRIMIDO,1,COMPRIMIDO / CAPSULA,1
57,DIABETOLOGIA,CIPROFIBRATO 100 MG COMPRIMIDO,1,COMPRIMIDO / CAPSULA,20
55,CARDIOCIRUGIA,CIPROFIBRATO 100 MG COMPRIMIDO,1,COMPRIMIDO / CAPSULA,1
50,NEFROLOGIA,CIPROFIBRATO 100 MG COMPRIMIDO,1,COMPRIMIDO / CAPSULA,1
44,ENDOCRINOLOGIA PEDIATRICA,CIPROFIBRATO 100 MG COMPRIMIDO,1,COMPRIMIDO / CAPSULA,1
44,ENDOCRINOLOGIA PEDIATRICA,CIPROFIBRATO 100 MG COMPRIMIDO,1,COMPRIMIDO / CAPSULA,20
22,OTORRINOLARINGOLOGIA,CIPROFIBRATO 100 MG COMPRIMIDO,1,COMPRIMIDO / CAPSULA,20
12,CARDIOLOGIA,CIPROFIBRATO 100 MG COMPRIMIDO,1,COMPRIMIDO / CAPSULA,1
11,CLINICA MEDICA,CIPROFIBRATO 100 MG COMPRIMIDO,1,COMPRIMIDO / CAPSULA,1
10,GASTROENTEROLOGIA,CIPROFIBRATO 100 MG COMPRIMIDO,1,COMPRIMIDO / CAPSULA,1
6,NEFROLOGIA PEDIATRICA,CIPROFIBRATO 100 MG COMPRIMIDO,1,COMPRIMIDO / CAPSULA,20
5,CARDIOLOGIA PEDIATRICA,CIPROFIBRATO 100 MG COMPRIMIDO,1,COMPRIMIDO / CAPSULA,20
4,ENDOCRINOLOGIA,CIPROFIBRATO 100 MG COMPRIMIDO,1,COMPRIMIDO / CAPSULA,1
4,ENDOCRINOLOGIA,CIPROFIBRATO 100 MG COMPRIMIDO,1,COMPRIMIDO / CAPSULA,20
2,HEMATOLOGIA,CIPROFIBRATO 100 MG COMPRIMIDO,1,COMPRIMIDO / CAPSULA,1
46,HEMODINAMIA,CIPROFIBRATO 100 MG COMPRIMIDO,1,COMPRIMIDO / CAPSULA,1
51,ANESTESIOLOGIA,CISATRACURIO 5 MG INYECTABLE,1,AMPOLLA,1
28,CIRUGIA GENERAL,CISATRACURIO 5 MG INYECTABLE,1,AMPOLLA,1
89,GERIATRIA,CITICOLINA 1 GR SOLUCION ORAL ,1,SACHET BEBIBLE,1
89,GERIATRIA,CITICOLINA 1 GR SOLUCION ORAL ,1,SACHET BEBIBLE,1
66,NEUROLOGIA PEDIATRICA,CITICOLINA 1 GR SOLUCION ORAL ,1,SACHET BEBIBLE,30
24,NEUROCIRUGIA,CITICOLINA 1 GR SOLUCION ORAL ,1,SACHET BEBIBLE,1
22,OTORRINOLARINGOLOGIA,CITICOLINA 1 GR SOLUCION ORAL ,1,SACHET BEBIBLE,1
3,NEUROLOGIA,CITICOLINA 1 GR SOLUCION ORAL ,1,SACHET BEBIBLE,4
3,NEUROLOGIA,CITICOLINA 1 GR SOLUCION ORAL ,1,SACHET BEBIBLE,1
69,UNIDAD DE TRANSPLANTE,CITRATO DE POTASIO 1080 MG (10 MEQ) COMPRIMIDO,1,COMPRIMIDO,1
50,NEFROLOGIA,CITRATO DE POTASIO 1080 MG (10 MEQ) COMPRIMIDO,1,COMPRIMIDO,1
21,UROLOGIA,CITRATO DE POTASIO 1080 MG (10 MEQ) COMPRIMIDO,1,COMPRIMIDO,1
6,NEFROLOGIA PEDIATRICA,CITRATO DE POTASIO 1080 MG (10 MEQ) COMPRIMIDO,1,COMPRIMIDO,1
51,ANESTESIOLOGIA,DEXMEDETOMIDINA 200 MCG INYECTABLE,1,AMPOLLA POR 2 ML ,1
48,TERAPIA INTENSIVA,DEXMEDETOMIDINA 200 MCG INYECTABLE,1,AMPOLLA POR 2 ML ,1
89,GERIATRIA,ESOMEPRAZOL 40 MG INYECTABLE,1,FRASCO AMPOLLA + SOLVENTE ,1
69,UNIDAD DE TRANSPLANTE,ESOMEPRAZOL 40 MG INYECTABLE,1,FRASCO AMPOLLA + SOLVENTE ,1
47,INFECTOLOGIA,ESOMEPRAZOL 40 MG INYECTABLE,1,FRASCO AMPOLLA + SOLVENTE ,1
33,GINECO-OBSTETRICIA,ESOMEPRAZOL 40 MG INYECTABLE,1,FRASCO AMPOLLA + SOLVENTE ,1
29,PROCTOLOGIA,ESOMEPRAZOL 40 MG INYECTABLE,1,FRASCO AMPOLLA + SOLVENTE ,1
24,NEUROCIRUGIA,ESOMEPRAZOL 40 MG INYECTABLE,1,FRASCO AMPOLLA + SOLVENTE ,1
8,DERMATOLOGIA,ESOMEPRAZOL 40 MG INYECTABLE,1,FRASCO AMPOLLA + SOLVENTE ,1
87,REUMATOLOGIA PEDIATRICA,ETANERCEPT 25 MG INYECTABLE,1,JERINGA PRELLENADA,1
69,UNIDAD DE TRANSPLANTE,"EVEROLIMUS 0,25 MG COMPRIMIDO",1,COMPRIMIDO,1
49,ONCOLOGIA,"EVEROLIMUS 0,25 MG COMPRIMIDO",1,COMPRIMIDO,1
183,ONCOLOGIA PEDIATRICA,EVEROLIMUS 5 MG COMPRIMIDO,1,COMPRIMIDO,20
109,HEMATOLOGIA PEDIATRICA,EVEROLIMUS 5 MG COMPRIMIDO,1,COMPRIMIDO,20
66,NEUROLOGIA PEDIATRICA,EVEROLIMUS 5 MG COMPRIMIDO,1,COMPRIMIDO,140
50,NEFROLOGIA,EVEROLIMUS 5 MG COMPRIMIDO,1,COMPRIMIDO,1
49,ONCOLOGIA,EVEROLIMUS 5 MG COMPRIMIDO,1,COMPRIMIDO,1
6,NEFROLOGIA PEDIATRICA,EVEROLIMUS 5 MG COMPRIMIDO,1,COMPRIMIDO,20
2,HEMATOLOGIA,EVEROLIMUS 5 MG COMPRIMIDO,1,COMPRIMIDO,1
89,GERIATRIA,GALANTAMINA 8 MG CAPSULA,1,CAPSULA,1
66,NEUROLOGIA PEDIATRICA,GALANTAMINA 8 MG CAPSULA,1,CAPSULA,60
3,NEUROLOGIA,GALANTAMINA 8 MG CAPSULA,1,CAPSULA,1
217,TRAUMATOLOGIA TUMORES,GLUCOSAMINA SULFATO + MELOXICAN 1500 MG + 15 MG POLVO,1,SOBRE,1
216,TRAUMATOLOGIA RODILLA,GLUCOSAMINA SULFATO + MELOXICAN 1500 MG + 15 MG POLVO,1,SOBRE,1
215,TRAUMATOLOGIA HOMBRO Y CODO,GLUCOSAMINA SULFATO + MELOXICAN 1500 MG + 15 MG POLVO,1,SOBRE,1
214,TRAUMATOLOGIA PIE Y TOBILLO,GLUCOSAMINA SULFATO + MELOXICAN 1500 MG + 15 MG POLVO,1,SOBRE,1
213,TRAUMATOLOGIA MANO Y ANTEBRAZO,GLUCOSAMINA SULFATO + MELOXICAN 1500 MG + 15 MG POLVO,1,SOBRE,1
212,TRAUMATOLOGIA CADERA,GLUCOSAMINA SULFATO + MELOXICAN 1500 MG + 15 MG POLVO,1,SOBRE,1
211,TRAUMATOLOGIA COLUMNA,GLUCOSAMINA SULFATO + MELOXICAN 1500 MG + 15 MG POLVO,1,SOBRE,1
16,TRAUMATOLOGIA GENERAL,GLUCOSAMINA SULFATO + MELOXICAN 1500 MG + 15 MG POLVO,1,SOBRE,1
1,REUMATOLOGIA,GLUCOSAMINA SULFATO + MELOXICAN 1500 MG + 15 MG POLVO,1,SOBRE,1
1,REUMATOLOGIA,GLUCOSAMINA SULFATO + MELOXICAN 1500 MG + 15 MG POLVO,1,SOBRE,20
69,UNIDAD DE TRANSPLANTE,ILOPROST AMPOLLA NEBULIZACION,1,AMPOLLA 20MCG/2ML,1
56,NEUMOLOGIA,ILOPROST AMPOLLA NEBULIZACION,1,AMPOLLA 20MCG/2ML,1
5,CARDIOLOGIA PEDIATRICA,ILOPROST AMPOLLA NEBULIZACION,1,AMPOLLA 20MCG/2ML,1
46,HEMODINAMIA,ILOPROST AMPOLLA NEBULIZACION,1,AMPOLLA 20MCG/2ML,1
110,HEMATOLOGIA CRONICOS,LENALIDOMIDA 25 MG CAPSULA,1,CAPSULA - ORIGINAL,1
109,HEMATOLOGIA PEDIATRICA,LENALIDOMIDA 25 MG CAPSULA,1,CAPSULA - ORIGINAL,20
2,HEMATOLOGIA,LENALIDOMIDA 25 MG CAPSULA,1,CAPSULA - ORIGINAL,1
2,HEMATOLOGIA,LENALIDOMIDA 25 MG CAPSULA,1,CAPSULA - ORIGINAL,1
109,HEMATOLOGIA PEDIATRICA,LENALIDOMIDA 25 MG CAPSULA,2,CAPSULA - SIMILAR,20
183,ONCOLOGIA PEDIATRICA,L-MALEATO DE SUNITINIB 25 MG CAPSULAS,1,CAPSULA,20
49,ONCOLOGIA,L-MALEATO DE SUNITINIB 25 MG CAPSULAS,1,CAPSULA,1
49,ONCOLOGIA,L-MALEATO DE SUNITINIB 25 MG CAPSULAS,1,CAPSULA,2
57,DIABETOLOGIA,METFORMINA 1000 MG COMPRIMIDO,1,COMPRIMIDO RANURADO,1
44,ENDOCRINOLOGIA PEDIATRICA,METFORMINA 1000 MG COMPRIMIDO,1,COMPRIMIDO RANURADO,1
4,ENDOCRINOLOGIA,METFORMINA 1000 MG COMPRIMIDO,1,COMPRIMIDO RANURADO,1
4,ENDOCRINOLOGIA,METFORMINA 1000 MG COMPRIMIDO,1,COMPRIMIDO RANURADO,1
199,TELESALUD HV,NEBIVOLOL 5 MG COMPRIMIDO,1,COMPRIMIDO RANURADO,30
101,MEDICINA FAMILIAR,NEBIVOLOL 5 MG COMPRIMIDO,1,COMPRIMIDO RANURADO,1
89,GERIATRIA,NEBIVOLOL 5 MG COMPRIMIDO,1,COMPRIMIDO RANURADO,1
69,UNIDAD DE TRANSPLANTE,NEBIVOLOL 5 MG COMPRIMIDO,1,COMPRIMIDO RANURADO,1
69,UNIDAD DE TRANSPLANTE,NEBIVOLOL 5 MG COMPRIMIDO,1,COMPRIMIDO RANURADO,1
66,NEUROLOGIA PEDIATRICA,NEBIVOLOL 5 MG COMPRIMIDO,1,COMPRIMIDO RANURADO,30
55,CARDIOCIRUGIA,NEBIVOLOL 5 MG COMPRIMIDO,1,COMPRIMIDO RANURADO,1
50,NEFROLOGIA,NEBIVOLOL 5 MG COMPRIMIDO,1,COMPRIMIDO RANURADO,20
12,CARDIOLOGIA,NEBIVOLOL 5 MG COMPRIMIDO,1,COMPRIMIDO RANURADO,1
11,CLINICA MEDICA,NEBIVOLOL 5 MG COMPRIMIDO,1,COMPRIMIDO RANURADO,1
11,CLINICA MEDICA,NEBIVOLOL 5 MG COMPRIMIDO,1,COMPRIMIDO RANURADO,20
5,CARDIOLOGIA PEDIATRICA,NEBIVOLOL 5 MG COMPRIMIDO,1,COMPRIMIDO RANURADO,20
3,NEUROLOGIA,NEBIVOLOL 5 MG COMPRIMIDO,1,COMPRIMIDO RANURADO,1
199,TELESALUD HV,QUETIAPINA 100 MG COMPRIMIDO,1,COMPRIMIDO RANURADO,30
89,GERIATRIA,QUETIAPINA 100 MG COMPRIMIDO,1,COMPRIMIDO RANURADO,1
66,NEUROLOGIA PEDIATRICA,QUETIAPINA 100 MG COMPRIMIDO,1,COMPRIMIDO RANURADO,60
11,CLINICA MEDICA,QUETIAPINA 100 MG COMPRIMIDO,1,COMPRIMIDO RANURADO,1
7,SIQUIATRIA,QUETIAPINA 100 MG COMPRIMIDO,1,COMPRIMIDO RANURADO,1
3,NEUROLOGIA,QUETIAPINA 100 MG COMPRIMIDO,1,COMPRIMIDO RANURADO,1
177,PSIQUIATRIA INFANTIL,QUETIAPINA 100 MG COMPRIMIDO,1,COMPRIMIDO RANURADO,20
51,ANESTESIOLOGIA,REMIFENTANILO 5 MG INYECTABLE,1,AMPOLLA,1
28,CIRUGIA GENERAL,REMIFENTANILO 5 MG INYECTABLE,1,AMPOLLA,1
69,UNIDAD DE TRANSPLANTE,SEVELAMER CLORHIDRATO 800 MG COMPRIMIDO,1,COMPRIMIDO,1
50,NEFROLOGIA,SEVELAMER CLORHIDRATO 800 MG COMPRIMIDO,1,COMPRIMIDO,1
6,NEFROLOGIA PEDIATRICA,SEVELAMER CLORHIDRATO 800 MG COMPRIMIDO,1,COMPRIMIDO,1
86,NEUMOLOGIA PEDIATRICA,SILDENAFIL 50 MG COMPRIMIDO,1,COMPRIMIDO,20
69,UNIDAD DE TRANSPLANTE,SILDENAFIL 50 MG COMPRIMIDO,1,COMPRIMIDO,1
56,NEUMOLOGIA,SILDENAFIL 50 MG COMPRIMIDO,1,COMPRIMIDO,1
56,NEUMOLOGIA,SILDENAFIL 50 MG COMPRIMIDO,1,COMPRIMIDO,20
5,CARDIOLOGIA PEDIATRICA,SILDENAFIL 50 MG COMPRIMIDO,1,COMPRIMIDO,20
110,HEMATOLOGIA CRONICOS,SIROLIMUS 1 MG COMPRIMIDO,1,COMPRIMIDO RECUBIERTO,1
109,HEMATOLOGIA PEDIATRICA,SIROLIMUS 1 MG COMPRIMIDO,1,COMPRIMIDO RECUBIERTO,1
85,CIRUGIA PEDIATRICA,SIROLIMUS 1 MG COMPRIMIDO,1,COMPRIMIDO RECUBIERTO,20
69,UNIDAD DE TRANSPLANTE,SIROLIMUS 1 MG COMPRIMIDO,1,COMPRIMIDO RECUBIERTO,1
56,NEUMOLOGIA,SIROLIMUS 1 MG COMPRIMIDO,1,COMPRIMIDO RECUBIERTO,120
50,NEFROLOGIA,SIROLIMUS 1 MG COMPRIMIDO,1,COMPRIMIDO RECUBIERTO,1
6,NEFROLOGIA PEDIATRICA,SIROLIMUS 1 MG COMPRIMIDO,1,COMPRIMIDO RECUBIERTO,1
2,HEMATOLOGIA,SIROLIMUS 1 MG COMPRIMIDO,1,COMPRIMIDO RECUBIERTO,1
199,TELESALUD HV,SITAGLIPTINA 100 MG,1,COMPRIMIDO RECUBIERTO,30
57,DIABETOLOGIA,SITAGLIPTINA 100 MG,1,COMPRIMIDO RECUBIERTO,1
57,DIABETOLOGIA,SITAGLIPTINA 100 MG,1,COMPRIMIDO RECUBIERTO,20
57,DIABETOLOGIA,SITAGLIPTINA 100 MG,1,COMPRIMIDO RECUBIERTO,20
44,ENDOCRINOLOGIA PEDIATRICA,SITAGLIPTINA 100 MG,1,COMPRIMIDO RECUBIERTO,1
4,ENDOCRINOLOGIA,SITAGLIPTINA 100 MG,1,COMPRIMIDO RECUBIERTO,1
166,UNIDAD DE TERAPIA INTERMEDIA ADULTO,TERLIPRESINA ACETATO 1 MG INYECTABLE,1,AMPOLLA SOLVENTE,1
60,GASTROENTEROLOGIA PEDIATRICA,TERLIPRESINA ACETATO 1 MG INYECTABLE,1,AMPOLLA SOLVENTE,20
48,TERAPIA INTENSIVA,TERLIPRESINA ACETATO 1 MG INYECTABLE,1,AMPOLLA SOLVENTE,1
28,CIRUGIA GENERAL,TERLIPRESINA ACETATO 1 MG INYECTABLE,1,AMPOLLA SOLVENTE,1
10,GASTROENTEROLOGIA,TERLIPRESINA ACETATO 1 MG INYECTABLE,1,AMPOLLA SOLVENTE,1
75,RECETAS POR RESOLUCION,TOXINA CLOSTRIDIUM BOTULINICA TIPO A  (CEPA CBFC 26) 100 UI ,1,AMPOLLA LIOFILIZADA,1
34,GINECOLOGIA,LAXANTE OSM FOSF.NA MONOB/BIBAS.DIOCTILSULFOSUCCINATO NA+SOR,1,FRASCO DE 133 ML SOL. DESC.,1
31,OBSTETRICIA,LAXANTE OSM FOSF.NA MONOB/BIBAS.DIOCTILSULFOSUCCINATO NA+SOR,1,FRASCO DE 133 ML SOL. DESC.,1
29,PROCTOLOGIA,LAXANTE OSM FOSF.NA MONOB/BIBAS.DIOCTILSULFOSUCCINATO NA+SOR,1,FRASCO DE 133 ML SOL. DESC.,1
28,CIRUGIA GENERAL,LAXANTE OSM FOSF.NA MONOB/BIBAS.DIOCTILSULFOSUCCINATO NA+SOR,1,FRASCO DE 133 ML SOL. DESC.,1
10,GASTROENTEROLOGIA,LAXANTE OSM FOSF.NA MONOB/BIBAS.DIOCTILSULFOSUCCINATO NA+SOR,1,FRASCO DE 133 ML SOL. DESC.,1
72,RADIOLOGIA,LAXANTE OSM FOSF.NA MONOB/BIBAS.DIOCTILSULFOSUCCINATO NA+SOR,1,FRASCO DE 133 ML SOL. DESC.,1
56,NEUMOLOGIA,PVC 13 VACUNA NEUMOCOCICA CONJUGADA 13 VALENTE INYECTABLE,1,JERINGA PRELLENADA 0.5 ML,1
47,INFECTOLOGIA,PVC 13 VACUNA NEUMOCOCICA CONJUGADA 13 VALENTE INYECTABLE,1,JERINGA PRELLENADA 0.5 ML,1
37,PEDIATRIA,PVC 13 VACUNA NEUMOCOCICA CONJUGADA 13 VALENTE INYECTABLE,1,JERINGA PRELLENADA 0.5 ML,1
183,ONCOLOGIA PEDIATRICA,"LEUPROLIDE (LEUPRORELINA 22,5 MG) INYECTABLE",1,VIAL+SOLVENTE/JER. PRELLENADA,1
58,MASTOLOGIA,"LEUPROLIDE (LEUPRORELINA 22,5 MG) INYECTABLE",1,VIAL+SOLVENTE/JER. PRELLENADA,1
49,ONCOLOGIA,"LEUPROLIDE (LEUPRORELINA 22,5 MG) INYECTABLE",1,VIAL+SOLVENTE/JER. PRELLENADA,1
21,UROLOGIA,"LEUPROLIDE (LEUPRORELINA 22,5 MG) INYECTABLE",1,VIAL+SOLVENTE/JER. PRELLENADA,1
139,INFECTOLOGIA PEDIATRICA,MEROPENEN 1 G,1,VIAL,1
23,URGENCIAS CLINICA MEDICA,MEROPENEN 1 G,1,VIAL,1
23,URGENCIAS CLINICA MEDICA,MEROPENEN 1 G,1,VIAL,1
14,URGENCIAS PEDIATRICAS,MEROPENEN 1 G,1,VIAL,1
89,GERIATRIA,"PRAMIPEXOL 1,5 MG COMPRIMIDO  ",1,COMPRIMIDO DE LIBERA PROLONGAD,20
66,NEUROLOGIA PEDIATRICA,"PRAMIPEXOL 1,5 MG COMPRIMIDO  ",1,COMPRIMIDO DE LIBERA PROLONGAD,70
7,SIQUIATRIA,"PRAMIPEXOL 1,5 MG COMPRIMIDO  ",1,COMPRIMIDO DE LIBERA PROLONGAD,20
7,SIQUIATRIA,"PRAMIPEXOL 1,5 MG COMPRIMIDO  ",1,COMPRIMIDO DE LIBERA PROLONGAD,1
3,NEUROLOGIA,"PRAMIPEXOL 1,5 MG COMPRIMIDO  ",1,COMPRIMIDO DE LIBERA PROLONGAD,1
3,NEUROLOGIA,"PRAMIPEXOL 1,5 MG COMPRIMIDO  ",1,COMPRIMIDO DE LIBERA PROLONGAD,20
177,PSIQUIATRIA INFANTIL,"PRAMIPEXOL 1,5 MG COMPRIMIDO  ",1,COMPRIMIDO DE LIBERA PROLONGAD,20
199,TELESALUD HV,VENLAFAXINA 75 MG COMPRIMIDO,1,COMPRIMIDO,30
89,GERIATRIA,VENLAFAXINA 75 MG COMPRIMIDO,1,COMPRIMIDO,1
89,GERIATRIA,VENLAFAXINA 75 MG COMPRIMIDO,1,COMPRIMIDO,20
66,NEUROLOGIA PEDIATRICA,VENLAFAXINA 75 MG COMPRIMIDO,1,COMPRIMIDO,20
11,CLINICA MEDICA,VENLAFAXINA 75 MG COMPRIMIDO,1,COMPRIMIDO,1
7,SIQUIATRIA,VENLAFAXINA 75 MG COMPRIMIDO,1,COMPRIMIDO,20
7,SIQUIATRIA,VENLAFAXINA 75 MG COMPRIMIDO,1,COMPRIMIDO,1
3,NEUROLOGIA,VENLAFAXINA 75 MG COMPRIMIDO,1,COMPRIMIDO,1
177,PSIQUIATRIA INFANTIL,VENLAFAXINA 75 MG COMPRIMIDO,1,COMPRIMIDO,20
183,ONCOLOGIA PEDIATRICA,"FENTANILO 0,025 UG/HORA PARCHE TOPICO TRANSDERMICO",1,PARCHE TOPICO TRANSDERMICO,1
109,HEMATOLOGIA PEDIATRICA,"FENTANILO 0,025 UG/HORA PARCHE TOPICO TRANSDERMICO",1,PARCHE TOPICO TRANSDERMICO,1
91,TERAPIA DEL DOLOR Y MEDICINA PALIATIVA ,"FENTANILO 0,025 UG/HORA PARCHE TOPICO TRANSDERMICO",1,PARCHE TOPICO TRANSDERMICO,1
49,ONCOLOGIA,"FENTANILO 0,025 UG/HORA PARCHE TOPICO TRANSDERMICO",1,PARCHE TOPICO TRANSDERMICO,1
2,HEMATOLOGIA,"FENTANILO 0,025 UG/HORA PARCHE TOPICO TRANSDERMICO",1,PARCHE TOPICO TRANSDERMICO,1
87,REUMATOLOGIA PEDIATRICA,ETANERCEPT 50 MG INYECTABLE,1,JERINGA PRELLENADA,1
42,DERMATOLOGIA PEDIATRICA,ETANERCEPT 50 MG INYECTABLE,1,JERINGA PRELLENADA,1
8,DERMATOLOGIA,ETANERCEPT 50 MG INYECTABLE,1,JERINGA PRELLENADA,1
8,DERMATOLOGIA,ETANERCEPT 50 MG INYECTABLE,1,JERINGA PRELLENADA,1
1,REUMATOLOGIA,ETANERCEPT 50 MG INYECTABLE,1,JERINGA PRELLENADA,1
1,REUMATOLOGIA,ETANERCEPT 50 MG INYECTABLE,1,JERINGA PRELLENADA,1
1,REUMATOLOGIA,ETANERCEPT 50 MG INYECTABLE,1,JERINGA PRELLENADA,1
183,ONCOLOGIA PEDIATRICA,ACETATO DE ABIRATERONA 250 MG COMPRIMIDO,1,COMPRIMIDO,20
49,ONCOLOGIA,ACETATO DE ABIRATERONA 250 MG COMPRIMIDO,1,COMPRIMIDO,20
109,HEMATOLOGIA PEDIATRICA,BENDAMUSTINA 100 MG INYECTABLE,1,AMPOLLA,1
183,ONCOLOGIA PEDIATRICA,ENZALUTAMIDA 40 MG,1,CAPSULA,20
49,ONCOLOGIA,ENZALUTAMIDA 40 MG,1,CAPSULA,20
21,UROLOGIA,ENZALUTAMIDA 40 MG,1,CAPSULA,20
86,NEUMOLOGIA PEDIATRICA,TIOTROPIO BROMURO,1,INH.C/CARTU.DE 4ML(MINIMO),20
56,NEUMOLOGIA,TIOTROPIO BROMURO,1,INH.C/CARTU.DE 4ML(MINIMO),1
110,HEMATOLOGIA CRONICOS,"FACTOR VII RECOMBINANTE 100.000UI-FLA.EPTACOG ALFA,CEL.ANIM",1,FRASCO AMPOLLA,1
109,HEMATOLOGIA PEDIATRICA,"FACTOR VII RECOMBINANTE 100.000UI-FLA.EPTACOG ALFA,CEL.ANIM",1,FRASCO AMPOLLA,1
109,HEMATOLOGIA PEDIATRICA,"FACTOR VII RECOMBINANTE 100.000UI-FLA.EPTACOG ALFA,CEL.ANIM",1,FRASCO AMPOLLA,1
2,HEMATOLOGIA,"FACTOR VII RECOMBINANTE 100.000UI-FLA.EPTACOG ALFA,CEL.ANIM",1,FRASCO AMPOLLA,1
66,NEUROLOGIA PEDIATRICA,GLATIRAMER ACETATO 40 MG/ML,1,JERINGA PRELLENADA,15
3,NEUROLOGIA,GLATIRAMER ACETATO 40 MG/ML,1,JERINGA PRELLENADA,1
166,UNIDAD DE TERAPIA INTERMEDIA ADULTO,"INMUNOGLOBULINA G HUMANA 10% (0,1 G/ML)",1,FRASCO AMPOLLA,1
109,HEMATOLOGIA PEDIATRICA,"INMUNOGLOBULINA G HUMANA 10% (0,1 G/ML)",1,FRASCO AMPOLLA,1
87,REUMATOLOGIA PEDIATRICA,"INMUNOGLOBULINA G HUMANA 10% (0,1 G/ML)",1,FRASCO AMPOLLA,1
69,UNIDAD DE TRANSPLANTE,"INMUNOGLOBULINA G HUMANA 10% (0,1 G/ML)",1,FRASCO AMPOLLA,1
66,NEUROLOGIA PEDIATRICA,"INMUNOGLOBULINA G HUMANA 10% (0,1 G/ML)",1,FRASCO AMPOLLA,1
50,NEFROLOGIA,"INMUNOGLOBULINA G HUMANA 10% (0,1 G/ML)",1,FRASCO AMPOLLA,1
37,PEDIATRIA,"INMUNOGLOBULINA G HUMANA 10% (0,1 G/ML)",1,FRASCO AMPOLLA,1
6,NEFROLOGIA PEDIATRICA,"INMUNOGLOBULINA G HUMANA 10% (0,1 G/ML)",1,FRASCO AMPOLLA,1
3,NEUROLOGIA,"INMUNOGLOBULINA G HUMANA 10% (0,1 G/ML)",1,FRASCO AMPOLLA,1
2,HEMATOLOGIA,"INMUNOGLOBULINA G HUMANA 10% (0,1 G/ML)",1,FRASCO AMPOLLA,1
1,REUMATOLOGIA,"INMUNOGLOBULINA G HUMANA 10% (0,1 G/ML)",1,FRASCO AMPOLLA,1
100,ELECTROCARDIOGRAMA,"INMUNOGLOBULINA G HUMANA 10% (0,1 G/ML)",1,FRASCO AMPOLLA,1
87,REUMATOLOGIA PEDIATRICA,ADALIMUMAB 40 MG,1,"PEN 40MG/0,4ML",1
87,REUMATOLOGIA PEDIATRICA,ADALIMUMAB 40 MG,1,"PEN 40MG/0,4ML",1
60,GASTROENTEROLOGIA PEDIATRICA,ADALIMUMAB 40 MG,1,"PEN 40MG/0,4ML",1
60,GASTROENTEROLOGIA PEDIATRICA,ADALIMUMAB 40 MG,1,"PEN 40MG/0,4ML",1
42,DERMATOLOGIA PEDIATRICA,ADALIMUMAB 40 MG,1,"PEN 40MG/0,4ML",1
42,DERMATOLOGIA PEDIATRICA,ADALIMUMAB 40 MG,1,"PEN 40MG/0,4ML",1
10,GASTROENTEROLOGIA,ADALIMUMAB 40 MG,1,"PEN 40MG/0,4ML",1
10,GASTROENTEROLOGIA,ADALIMUMAB 40 MG,1,"PEN 40MG/0,4ML",1
10,GASTROENTEROLOGIA,ADALIMUMAB 40 MG,1,"PEN 40MG/0,4ML",1
10,GASTROENTEROLOGIA,ADALIMUMAB 40 MG,1,"PEN 40MG/0,4ML",1
8,DERMATOLOGIA,ADALIMUMAB 40 MG,1,"PEN 40MG/0,4ML",1
1,REUMATOLOGIA,ADALIMUMAB 40 MG,1,"PEN 40MG/0,4ML",1
1,REUMATOLOGIA,ADALIMUMAB 40 MG,1,"PEN 40MG/0,4ML",1
87,REUMATOLOGIA PEDIATRICA,ADALIMUMAB 40 MG,2,"PEN 40MG/0,8ML BIO-AB",1
60,GASTROENTEROLOGIA PEDIATRICA,ADALIMUMAB 40 MG,2,"PEN 40MG/0,8ML BIO-AB",1
42,DERMATOLOGIA PEDIATRICA,ADALIMUMAB 40 MG,2,"PEN 40MG/0,8ML BIO-AB",1
10,GASTROENTEROLOGIA,ADALIMUMAB 40 MG,2,"PEN 40MG/0,8ML BIO-AB",1
10,GASTROENTEROLOGIA,ADALIMUMAB 40 MG,2,"PEN 40MG/0,8ML BIO-AB",1
8,DERMATOLOGIA,ADALIMUMAB 40 MG,2,"PEN 40MG/0,8ML BIO-AB",1
8,DERMATOLOGIA,ADALIMUMAB 40 MG,2,"PEN 40MG/0,8ML BIO-AB",1
1,REUMATOLOGIA,ADALIMUMAB 40 MG,2,"PEN 40MG/0,8ML BIO-AB",1
87,REUMATOLOGIA PEDIATRICA,ADALIMUMAB 40 MG,3,"PEN 40MG/0,8ML BIO AM",1
60,GASTROENTEROLOGIA PEDIATRICA,ADALIMUMAB 40 MG,3,"PEN 40MG/0,8ML BIO AM",1
42,DERMATOLOGIA PEDIATRICA,ADALIMUMAB 40 MG,3,"PEN 40MG/0,8ML BIO AM",1
10,GASTROENTEROLOGIA,ADALIMUMAB 40 MG,3,"PEN 40MG/0,8ML BIO AM",1
10,GASTROENTEROLOGIA,ADALIMUMAB 40 MG,3,"PEN 40MG/0,8ML BIO AM",1
8,DERMATOLOGIA,ADALIMUMAB 40 MG,3,"PEN 40MG/0,8ML BIO AM",1
8,DERMATOLOGIA,ADALIMUMAB 40 MG,3,"PEN 40MG/0,8ML BIO AM",1
1,REUMATOLOGIA,ADALIMUMAB 40 MG,3,"PEN 40MG/0,8ML BIO AM",1
10,GASTROENTEROLOGIA,ADALIMUMAB 40 MG,4,"PEN 40MG/0,4ML BIO TA",1
8,DERMATOLOGIA,ADALIMUMAB 40 MG,4,"PEN 40MG/0,4ML BIO TA",1
1,REUMATOLOGIA,ADALIMUMAB 40 MG,4,"PEN 40MG/0,4ML BIO TA",1
10,GASTROENTEROLOGIA,ADALIMUMAB 40 MG,5,"PEN 40MG/0,4ML BIO ANGE",1
8,DERMATOLOGIA,ADALIMUMAB 40 MG,5,"PEN 40MG/0,4ML BIO ANGE",1
1,REUMATOLOGIA,ADALIMUMAB 40 MG,5,"PEN 40MG/0,4ML BIO ANGE",1
2,HEMATOLOGIA,ERITROPOYETINA 20000 UI - 40000 UI -DONACION,1,"20000 UI - AMPOLLA",1
183,ONCOLOGIA PEDIATRICA,PERTUZUMAB 420 MG,1,FRASCO,1
110,HEMATOLOGIA CRONICOS,ERITROPOYETINA 10.000 UI- INY,1,JER.PRELL.NO RET.C/DISP.BIOS.,1
69,UNIDAD DE TRANSPLANTE,ERITROPOYETINA 10.000 UI- INY,1,JER.PRELL.NO RET.C/DISP.BIOS.,1
50,NEFROLOGIA,ERITROPOYETINA 10.000 UI- INY,1,JER.PRELL.NO RET.C/DISP.BIOS.,16
6,NEFROLOGIA PEDIATRICA,ERITROPOYETINA 10.000 UI- INY,1,JER.PRELL.NO RET.C/DISP.BIOS.,1
2,HEMATOLOGIA,ERITROPOYETINA 10.000 UI- INY,1,JER.PRELL.NO RET.C/DISP.BIOS.,1
2,HEMATOLOGIA,ERITROPOYETINA 10.000 UI- INY,1,JER.PRELL.NO RET.C/DISP.BIOS.,1
7,SIQUIATRIA,"LOXAPINA 9,1 MG POLVO INHAL C/DISP-MONODOSIS",1,UNIDAD,1
177,PSIQUIATRIA INFANTIL,"LOXAPINA 9,1 MG POLVO INHAL C/DISP-MONODOSIS",1,UNIDAD,20
139,INFECTOLOGIA PEDIATRICA,VORICONAZOL 200 MG INYECTABLE,1,FRASCO AMPOLLA,1
110,HEMATOLOGIA CRONICOS,VORICONAZOL 200 MG INYECTABLE,1,FRASCO AMPOLLA,1
109,HEMATOLOGIA PEDIATRICA,VORICONAZOL 200 MG INYECTABLE,1,FRASCO AMPOLLA,1
69,UNIDAD DE TRANSPLANTE,VORICONAZOL 200 MG INYECTABLE,1,FRASCO AMPOLLA,1
50,NEFROLOGIA,VORICONAZOL 200 MG INYECTABLE,1,FRASCO AMPOLLA,1
47,INFECTOLOGIA,VORICONAZOL 200 MG INYECTABLE,1,FRASCO AMPOLLA,1
6,NEFROLOGIA PEDIATRICA,VORICONAZOL 200 MG INYECTABLE,1,FRASCO AMPOLLA,1
2,HEMATOLOGIA,VORICONAZOL 200 MG INYECTABLE,1,FRASCO AMPOLLA,1
139,INFECTOLOGIA PEDIATRICA,VORICONAZOL 200 MG COMPRIMIDO,1,COMPRIMIDO,20
110,HEMATOLOGIA CRONICOS,VORICONAZOL 200 MG COMPRIMIDO,1,COMPRIMIDO,1
109,HEMATOLOGIA PEDIATRICA,VORICONAZOL 200 MG COMPRIMIDO,1,COMPRIMIDO,1
109,HEMATOLOGIA PEDIATRICA,VORICONAZOL 200 MG COMPRIMIDO,1,COMPRIMIDO,20
69,UNIDAD DE TRANSPLANTE,VORICONAZOL 200 MG COMPRIMIDO,1,COMPRIMIDO,1
50,NEFROLOGIA,VORICONAZOL 200 MG COMPRIMIDO,1,COMPRIMIDO,20
47,INFECTOLOGIA,VORICONAZOL 200 MG COMPRIMIDO,1,COMPRIMIDO,1
6,NEFROLOGIA PEDIATRICA,VORICONAZOL 200 MG COMPRIMIDO,1,COMPRIMIDO,20
2,HEMATOLOGIA,VORICONAZOL 200 MG COMPRIMIDO,1,COMPRIMIDO,1
109,HEMATOLOGIA PEDIATRICA,BUSULFAN 60 MG INYECTABLE,1,FRASCO AMPOLLA,1
109,HEMATOLOGIA PEDIATRICA,CARMUSTINA (BCNU) 100 MG INY.-,1,FRASCO AMPOLLA,1
204,UNIDAD DE OBSTETRICIA,PARACETAMOL 1 G INYECTABLE,1,FRASCO AMPOLLA,1
183,ONCOLOGIA PEDIATRICA,PARACETAMOL 1 G INYECTABLE,1,FRASCO AMPOLLA,1
166,UNIDAD DE TERAPIA INTERMEDIA ADULTO,PARACETAMOL 1 G INYECTABLE,1,FRASCO AMPOLLA,1
165,UNIDAD DE TERAPIA INTERMEDIA INFANTIL,PARACETAMOL 1 G INYECTABLE,1,FRASCO AMPOLLA,1
139,INFECTOLOGIA PEDIATRICA,PARACETAMOL 1 G INYECTABLE,1,FRASCO AMPOLLA,1
109,HEMATOLOGIA PEDIATRICA,PARACETAMOL 1 G INYECTABLE,1,FRASCO AMPOLLA,1
109,HEMATOLOGIA PEDIATRICA,PARACETAMOL 1 G INYECTABLE,1,FRASCO AMPOLLA,1
85,CIRUGIA PEDIATRICA,PARACETAMOL 1 G INYECTABLE,1,FRASCO AMPOLLA,1
78,TERAPIA INTENSIVA NINOS,PARACETAMOL 1 G INYECTABLE,1,FRASCO AMPOLLA,1
69,UNIDAD DE TRANSPLANTE,PARACETAMOL 1 G INYECTABLE,1,FRASCO AMPOLLA,1
66,NEUROLOGIA PEDIATRICA,PARACETAMOL 1 G INYECTABLE,1,FRASCO AMPOLLA,1
55,CARDIOCIRUGIA,PARACETAMOL 1 G INYECTABLE,1,FRASCO AMPOLLA,1
49,ONCOLOGIA,PARACETAMOL 1 G INYECTABLE,1,FRASCO AMPOLLA,1
48,TERAPIA INTENSIVA,PARACETAMOL 1 G INYECTABLE,1,FRASCO AMPOLLA,1
47,INFECTOLOGIA,PARACETAMOL 1 G INYECTABLE,1,FRASCO AMPOLLA,1
43,OTORRINOLARINGOLOGIA PEDIATRICA,PARACETAMOL 1 G INYECTABLE,1,FRASCO AMPOLLA,1
37,PEDIATRIA,PARACETAMOL 1 G INYECTABLE,1,FRASCO AMPOLLA,1
24,NEUROCIRUGIA,PARACETAMOL 1 G INYECTABLE,1,FRASCO AMPOLLA,1
22,OTORRINOLARINGOLOGIA,PARACETAMOL 1 G INYECTABLE,1,FRASCO AMPOLLA,1
12,CARDIOLOGIA,PARACETAMOL 1 G INYECTABLE,1,FRASCO AMPOLLA,1
11,CLINICA MEDICA,PARACETAMOL 1 G INYECTABLE,1,FRASCO AMPOLLA,1
5,CARDIOLOGIA PEDIATRICA,PARACETAMOL 1 G INYECTABLE,1,FRASCO AMPOLLA,1
5,CARDIOLOGIA PEDIATRICA,PARACETAMOL 1 G INYECTABLE,1,FRASCO AMPOLLA,1
3,NEUROLOGIA,PARACETAMOL 1 G INYECTABLE,1,FRASCO AMPOLLA,1
2,HEMATOLOGIA,PARACETAMOL 1 G INYECTABLE,1,FRASCO AMPOLLA,1
114,UNIDAD CORONARIA,PARACETAMOL 1 G INYECTABLE,1,FRASCO AMPOLLA,1
23,URGENCIAS CLINICA MEDICA,PARACETAMOL 1 G INYECTABLE,1,FRASCO AMPOLLA,1
23,URGENCIAS CLINICA MEDICA,PARACETAMOL 1 G INYECTABLE,1,FRASCO AMPOLLA,1
23,URGENCIAS CLINICA MEDICA,PARACETAMOL 1 G INYECTABLE,1,FRASCO AMPOLLA,1
15,URGENCIAS TRAUMATOLOGIA,PARACETAMOL 1 G INYECTABLE,1,FRASCO AMPOLLA,1
14,URGENCIAS PEDIATRICAS,PARACETAMOL 1 G INYECTABLE,1,FRASCO AMPOLLA,1
14,URGENCIAS PEDIATRICAS,PARACETAMOL 1 G INYECTABLE,1,FRASCO AMPOLLA,1
109,HEMATOLOGIA PEDIATRICA,FLUDARABINA 50 MG INYECTABLE,1,FRASCO AMPOLLA,1
199,TELESALUD HV,INSULINA DEGLUDEC 100 U/ML,1,PLUMA PRECARGADA INYECTOR 300 ,1
57,DIABETOLOGIA,INSULINA DEGLUDEC 100 U/ML,1,PLUMA PRECARGADA INYECTOR 300 ,1
44,ENDOCRINOLOGIA PEDIATRICA,INSULINA DEGLUDEC 100 U/ML,1,PLUMA PRECARGADA INYECTOR 300 ,1
4,ENDOCRINOLOGIA,INSULINA DEGLUDEC 100 U/ML,1,PLUMA PRECARGADA INYECTOR 300 ,1
109,HEMATOLOGIA PEDIATRICA,INMUNOGLOBULINA DE CONEJO ANTITIMOCITOS HUMANOS,1,FRASCO AMPOLLA,1
69,UNIDAD DE TRANSPLANTE,INMUNOGLOBULINA DE CONEJO ANTITIMOCITOS HUMANOS,1,FRASCO AMPOLLA,1
12,CARDIOLOGIA,INMUNOGLOBULINA DE CONEJO ANTITIMOCITOS HUMANOS,1,FRASCO AMPOLLA,1
100,ELECTROCARDIOGRAMA,INMUNOGLOBULINA DE CONEJO ANTITIMOCITOS HUMANOS,1,FRASCO AMPOLLA,1
199,TELESALUD HV,LIRAGLUTIDE 6 MG/ML INYECTABLE,1,PLUMA RECARGADA INYECTOR,1
57,DIABETOLOGIA,LIRAGLUTIDE 6 MG/ML INYECTABLE,1,PLUMA RECARGADA INYECTOR,1
57,DIABETOLOGIA,LIRAGLUTIDE 6 MG/ML INYECTABLE,1,PLUMA RECARGADA INYECTOR,1
44,ENDOCRINOLOGIA PEDIATRICA,LIRAGLUTIDE 6 MG/ML INYECTABLE,1,PLUMA RECARGADA INYECTOR,1
4,ENDOCRINOLOGIA,LIRAGLUTIDE 6 MG/ML INYECTABLE,1,PLUMA RECARGADA INYECTOR,1
166,UNIDAD DE TERAPIA INTERMEDIA ADULTO,ANFOTERICINA B LIPOSOMAL 50 MG INY.,1,FRASCO AMPOLLA,1
109,HEMATOLOGIA PEDIATRICA,ANFOTERICINA B LIPOSOMAL 50 MG INY.,1,FRASCO AMPOLLA,1
69,UNIDAD DE TRANSPLANTE,ANFOTERICINA B LIPOSOMAL 50 MG INY.,1,FRASCO AMPOLLA,1
48,TERAPIA INTENSIVA,ANFOTERICINA B LIPOSOMAL 50 MG INY.,1,FRASCO AMPOLLA,1
47,INFECTOLOGIA,ANFOTERICINA B LIPOSOMAL 50 MG INY.,1,FRASCO AMPOLLA,1
114,UNIDAD CORONARIA,ANFOTERICINA B LIPOSOMAL 50 MG INY.,1,FRASCO AMPOLLA,1
66,NEUROLOGIA PEDIATRICA,OCRELIZUMAB 300MG/10ML ,1,"1VIAL X 10ML",1
3,NEUROLOGIA,OCRELIZUMAB 300MG/10ML ,1,"1VIAL X 10ML",1
183,ONCOLOGIA PEDIATRICA,PEMBROLIZUMAB 100 MG./VIAL,1,VIAL C/4ML DE CONCENT P/SOLUCI,1
183,ONCOLOGIA PEDIATRICA,PEMBROLIZUMAB 100 MG./VIAL,1,VIAL C/4ML DE CONCENT P/SOLUCI,1
109,HEMATOLOGIA PEDIATRICA,PEMBROLIZUMAB 100 MG./VIAL,1,VIAL C/4ML DE CONCENT P/SOLUCI,1
109,HEMATOLOGIA PEDIATRICA,PEMBROLIZUMAB 100 MG./VIAL,1,VIAL C/4ML DE CONCENT P/SOLUCI,1
183,ONCOLOGIA PEDIATRICA,ADO-TRASTUZUMAB EMTANSINA 100 MG./VIAL,1," VIAL DE 100MG, DE POLVO LIOFI",1
49,ONCOLOGIA,ADO-TRASTUZUMAB EMTANSINA 100 MG./VIAL,1," VIAL DE 100MG, DE POLVO LIOFI",1
217,TRAUMATOLOGIA TUMORES,"HEPARINA DE BAJO PES MOLECULAR 80 MG/0,8ML",1,JERINGA PRELLENADA NO RETRAIBL,60
216,TRAUMATOLOGIA RODILLA,"HEPARINA DE BAJO PES MOLECULAR 80 MG/0,8ML",1,JERINGA PRELLENADA NO RETRAIBL,60
215,TRAUMATOLOGIA HOMBRO Y CODO,"HEPARINA DE BAJO PES MOLECULAR 80 MG/0,8ML",1,JERINGA PRELLENADA NO RETRAIBL,60
214,TRAUMATOLOGIA PIE Y TOBILLO,"HEPARINA DE BAJO PES MOLECULAR 80 MG/0,8ML",1,JERINGA PRELLENADA NO RETRAIBL,60
213,TRAUMATOLOGIA MANO Y ANTEBRAZO,"HEPARINA DE BAJO PES MOLECULAR 80 MG/0,8ML",1,JERINGA PRELLENADA NO RETRAIBL,60
212,TRAUMATOLOGIA CADERA,"HEPARINA DE BAJO PES MOLECULAR 80 MG/0,8ML",1,JERINGA PRELLENADA NO RETRAIBL,60
211,TRAUMATOLOGIA COLUMNA,"HEPARINA DE BAJO PES MOLECULAR 80 MG/0,8ML",1,JERINGA PRELLENADA NO RETRAIBL,60
110,HEMATOLOGIA CRONICOS,"HEPARINA DE BAJO PES MOLECULAR 80 MG/0,8ML",1,JERINGA PRELLENADA NO RETRAIBL,1
110,HEMATOLOGIA CRONICOS,"HEPARINA DE BAJO PES MOLECULAR 80 MG/0,8ML",1,JERINGA PRELLENADA NO RETRAIBL,1
109,HEMATOLOGIA PEDIATRICA,"HEPARINA DE BAJO PES MOLECULAR 80 MG/0,8ML",1,JERINGA PRELLENADA NO RETRAIBL,1
84,ANTICOAGULADOS,"HEPARINA DE BAJO PES MOLECULAR 80 MG/0,8ML",1,JERINGA PRELLENADA NO RETRAIBL,1
34,GINECOLOGIA,"HEPARINA DE BAJO PES MOLECULAR 80 MG/0,8ML",1,JERINGA PRELLENADA NO RETRAIBL,1
16,TRAUMATOLOGIA GENERAL,"HEPARINA DE BAJO PES MOLECULAR 80 MG/0,8ML",1,JERINGA PRELLENADA NO RETRAIBL,60
12,CARDIOLOGIA,"HEPARINA DE BAJO PES MOLECULAR 80 MG/0,8ML",1,JERINGA PRELLENADA NO RETRAIBL,60
5,CARDIOLOGIA PEDIATRICA,"HEPARINA DE BAJO PES MOLECULAR 80 MG/0,8ML",1,JERINGA PRELLENADA NO RETRAIBL,1
2,HEMATOLOGIA,"HEPARINA DE BAJO PES MOLECULAR 80 MG/0,8ML",1,JERINGA PRELLENADA NO RETRAIBL,1
2,HEMATOLOGIA,"HEPARINA DE BAJO PES MOLECULAR 80 MG/0,8ML",1,JERINGA PRELLENADA NO RETRAIBL,1
23,URGENCIAS CLINICA MEDICA,"HEPARINA DE BAJO PES MOLECULAR 80 MG/0,8ML",1,JERINGA PRELLENADA NO RETRAIBL,1
86,NEUMOLOGIA PEDIATRICA,NINTEDANIB 150 MG,1,CAPSULA BLANDA,20
56,NEUMOLOGIA,NINTEDANIB 150 MG,1,CAPSULA BLANDA,1
49,ONCOLOGIA,NINTEDANIB 150 MG,1,CAPSULA BLANDA,1
9,ALERGIA E INMUNOLOGIA,NINTEDANIB 150 MG,1,CAPSULA BLANDA,1
1,REUMATOLOGIA,IMPLANTE SUB DERMICO,1,APLICADOR ESTERIL DESCARTABLE,1
87,REUMATOLOGIA PEDIATRICA,INFLIXIMAB 100 MG,1,"1VIAL DE POLVO LIOFILIZADO P/I",1
60,GASTROENTEROLOGIA PEDIATRICA,INFLIXIMAB 100 MG,1,"1VIAL DE POLVO LIOFILIZADO P/I",1
33,GINECO-OBSTETRICIA,INFLIXIMAB 100 MG,1,"1VIAL DE POLVO LIOFILIZADO P/I",1
10,GASTROENTEROLOGIA,INFLIXIMAB 100 MG,1,"1VIAL DE POLVO LIOFILIZADO P/I",1
1,REUMATOLOGIA,INFLIXIMAB 100 MG,1,"1VIAL DE POLVO LIOFILIZADO P/I",1
109,HEMATOLOGIA PEDIATRICA,EMICIZUMAB,1,VIAL 30MG/ML,1
199,TELESALUD HV,INSULINA GLARGINA U300 300 U/ML,1,APLICADORES PRELLENADOS DESCAR,1
57,DIABETOLOGIA,INSULINA GLARGINA U300 300 U/ML,1,APLICADORES PRELLENADOS DESCAR,1
44,ENDOCRINOLOGIA PEDIATRICA,INSULINA GLARGINA U300 300 U/ML,1,APLICADORES PRELLENADOS DESCAR,1
4,ENDOCRINOLOGIA,INSULINA GLARGINA U300 300 U/ML,1,APLICADORES PRELLENADOS DESCAR,1
49,ONCOLOGIA,ATEZOLIZUMAB 1200 MG./VIAL,1,VIAL C/SOLUCION CONCENTRADA,20
51,ANESTESIOLOGIA,"CLORHIDRATO DE LEVOBUPIVACAINA 0,5%",1,AMPOLLA DE 4 ML,1
87,REUMATOLOGIA PEDIATRICA,TOFACITINIB 5 MG,1,COMP RECUB C/PELICULA,1
42,DERMATOLOGIA PEDIATRICA,TOFACITINIB 5 MG,1,COMP RECUB C/PELICULA,20
10,GASTROENTEROLOGIA,TOFACITINIB 5 MG,1,COMP RECUB C/PELICULA,20
8,DERMATOLOGIA,TOFACITINIB 5 MG,1,COMP RECUB C/PELICULA,20
1,REUMATOLOGIA,TOFACITINIB 5 MG,1,COMP RECUB C/PELICULA,1
44,ENDOCRINOLOGIA PEDIATRICA,HORMONA DE CRECIMIENTO (SOMATROPINA) 10 UI/ML,1,LIQUIDA-CAJA C/CARTUCHO P/DISP,1
4,ENDOCRINOLOGIA,HORMONA DE CRECIMIENTO (SOMATROPINA) 10 UI/ML,1,LIQUIDA-CAJA C/CARTUCHO P/DISP,1
44,ENDOCRINOLOGIA PEDIATRICA,HORMONA DE CRECIMIENTO (SOMATROPINA) 20 UI/ML,1,LIQUIDA-CAJA C/CARTUCHO P/DISP,1
44,ENDOCRINOLOGIA PEDIATRICA,HORMONA DE CRECIMIENTO (SOMATROPINA) 20 UI/ML,1,LIQUIDA-CAJA C/CARTUCHO P/DISP,1
4,ENDOCRINOLOGIA,HORMONA DE CRECIMIENTO (SOMATROPINA) 20 UI/ML,1,LIQUIDA-CAJA C/CARTUCHO P/DISP,1
199,TELESALUD HV,DAPAGLIFLOZINA 10 MG,1,COMPRIMIDO RECUBIERTO,30
69,UNIDAD DE TRANSPLANTE,DAPAGLIFLOZINA 10 MG,1,COMPRIMIDO RECUBIERTO,20
57,DIABETOLOGIA,DAPAGLIFLOZINA 10 MG,1,COMPRIMIDO RECUBIERTO,20
50,NEFROLOGIA,DAPAGLIFLOZINA 10 MG,1,COMPRIMIDO RECUBIERTO,20
44,ENDOCRINOLOGIA PEDIATRICA,DAPAGLIFLOZINA 10 MG,1,COMPRIMIDO RECUBIERTO,20
12,CARDIOLOGIA,DAPAGLIFLOZINA 10 MG,1,COMPRIMIDO RECUBIERTO,20
6,NEFROLOGIA PEDIATRICA,DAPAGLIFLOZINA 10 MG,1,COMPRIMIDO RECUBIERTO,20
5,CARDIOLOGIA PEDIATRICA,DAPAGLIFLOZINA 10 MG,1,COMPRIMIDO RECUBIERTO,20
4,ENDOCRINOLOGIA,DAPAGLIFLOZINA 10 MG,1,COMPRIMIDO RECUBIERTO,20
4,ENDOCRINOLOGIA,DAPAGLIFLOZINA 10 MG,1,COMPRIMIDO RECUBIERTO,20
46,HEMODINAMIA,DAPAGLIFLOZINA 10 MG,1,COMPRIMIDO RECUBIERTO,20
204,UNIDAD DE OBSTETRICIA,CARBETOCINA 100 MCG/ML,1,CAJA CONTENIENDO 5AMP X 1 ML,1
86,NEUMOLOGIA PEDIATRICA,IVACAFTOR/LUMACAFTOR 125 MG/200MG,1,COMPRIMIDO,1
56,NEUMOLOGIA,IVACAFTOR/LUMACAFTOR 125 MG/200MG,1,COMPRIMIDO,1
87,REUMATOLOGIA PEDIATRICA,TOCILIZUMAB 162 MG,1,"OR CAJA X 4 JER.PRECAR.X 0,9ML",1
87,REUMATOLOGIA PEDIATRICA,TOCILIZUMAB 162 MG,1,"OR CAJA X 4 JER.PRECAR.X 0,9ML",1
1,REUMATOLOGIA,TOCILIZUMAB 162 MG,1,"OR CAJA X 4 JER.PRECAR.X 0,9ML",1
1,REUMATOLOGIA,TOCILIZUMAB 162 MG,1,"OR CAJA X 4 JER.PRECAR.X 0,9ML",1
1,REUMATOLOGIA,TOCILIZUMAB 162 MG,1,"OR CAJA X 4 JER.PRECAR.X 0,9ML",1
1,REUMATOLOGIA,TOCILIZUMAB 162 MG,2,TY CAJA X 4 JER. PRECAR.,1
110,HEMATOLOGIA CRONICOS,ERITROPOYETINA 4000 UI- INYECTABLE,1,VIAL C/POLV LIOF.+AM  DE SOLV+,1
109,HEMATOLOGIA PEDIATRICA,ERITROPOYETINA 4000 UI- INYECTABLE,1,VIAL C/POLV LIOF.+AM  DE SOLV+,1
109,HEMATOLOGIA PEDIATRICA,ERITROPOYETINA 4000 UI- INYECTABLE,1,VIAL C/POLV LIOF.+AM  DE SOLV+,1
69,UNIDAD DE TRANSPLANTE,ERITROPOYETINA 4000 UI- INYECTABLE,1,VIAL C/POLV LIOF.+AM  DE SOLV+,1
50,NEFROLOGIA,ERITROPOYETINA 4000 UI- INYECTABLE,1,VIAL C/POLV LIOF.+AM  DE SOLV+,1
6,NEFROLOGIA PEDIATRICA,ERITROPOYETINA 4000 UI- INYECTABLE,1,VIAL C/POLV LIOF.+AM  DE SOLV+,1
2,HEMATOLOGIA,ERITROPOYETINA 4000 UI- INYECTABLE,1,VIAL C/POLV LIOF.+AM  DE SOLV+,1
2,HEMATOLOGIA,ERITROPOYETINA 4000 UI- INYECTABLE,1,VIAL C/POLV LIOF.+AM  DE SOLV+,1
110,HEMATOLOGIA CRONICOS,ERITROPOYETINA 10000 UI-INYECTABLE,1,VIAL C/POLVO LIOF+AMP DE SOL +,1
110,HEMATOLOGIA CRONICOS,ERITROPOYETINA 10000 UI-INYECTABLE,1,VIAL C/POLVO LIOF+AMP DE SOL +,1
109,HEMATOLOGIA PEDIATRICA,ERITROPOYETINA 10000 UI-INYECTABLE,1,VIAL C/POLVO LIOF+AMP DE SOL +,1
109,HEMATOLOGIA PEDIATRICA,ERITROPOYETINA 10000 UI-INYECTABLE,1,VIAL C/POLVO LIOF+AMP DE SOL +,1
69,UNIDAD DE TRANSPLANTE,ERITROPOYETINA 10000 UI-INYECTABLE,1,VIAL C/POLVO LIOF+AMP DE SOL +,1
50,NEFROLOGIA,ERITROPOYETINA 10000 UI-INYECTABLE,1,VIAL C/POLVO LIOF+AMP DE SOL +,1
6,NEFROLOGIA PEDIATRICA,ERITROPOYETINA 10000 UI-INYECTABLE,1,VIAL C/POLVO LIOF+AMP DE SOL +,1
2,HEMATOLOGIA,ERITROPOYETINA 10000 UI-INYECTABLE,1,VIAL C/POLVO LIOF+AMP DE SOL +,1
2,HEMATOLOGIA,ERITROPOYETINA 10000 UI-INYECTABLE,1,VIAL C/POLVO LIOF+AMP DE SOL +,1
2,HEMATOLOGIA,ERITROPOYETINA 10000 UI-INYECTABLE,1,VIAL C/POLVO LIOF+AMP DE SOL +,1
2,HEMATOLOGIA,ERITROPOYETINA 10000 UI-INYECTABLE,1,VIAL C/POLVO LIOF+AMP DE SOL +,1
109,HEMATOLOGIA PEDIATRICA,MELFALAN 50 MG INY,1,FRASCO AMPOLLA,1
109,HEMATOLOGIA PEDIATRICA,MELFALAN 50 MG INY,1,FRASCO AMPOLLA,1
2,HEMATOLOGIA,MELFALAN 50 MG INY,1,FRASCO AMPOLLA,1
86,NEUMOLOGIA PEDIATRICA,N-ACETIL CISTEINA 600 MG,1,POLV.GRANULADOEN SOBRE/COMP EF,1
56,NEUMOLOGIA,N-ACETIL CISTEINA 600 MG,1,POLV.GRANULADOEN SOBRE/COMP EF,1
43,OTORRINOLARINGOLOGIA PEDIATRICA,N-ACETIL CISTEINA 600 MG,1,POLV.GRANULADOEN SOBRE/COMP EF,1
22,OTORRINOLARINGOLOGIA,N-ACETIL CISTEINA 600 MG,1,POLV.GRANULADOEN SOBRE/COMP EF,20
22,OTORRINOLARINGOLOGIA,N-ACETIL CISTEINA 600 MG,1,POLV.GRANULADOEN SOBRE/COMP EF,1
9,ALERGIA E INMUNOLOGIA,N-ACETIL CISTEINA 600 MG,1,POLV.GRANULADOEN SOBRE/COMP EF,1
23,URGENCIAS CLINICA MEDICA,N-ACETIL CISTEINA 600 MG,1,POLV.GRANULADOEN SOBRE/COMP EF,1
139,INFECTOLOGIA PEDIATRICA,REMDESIVIR 5 MG/ML,1,VIAL(SOLUCION/INYEC),1
78,TERAPIA INTENSIVA NINOS,REMDESIVIR 5 MG/ML,1,VIAL(SOLUCION/INYEC),1
56,NEUMOLOGIA,REMDESIVIR 5 MG/ML,1,VIAL(SOLUCION/INYEC),1
48,TERAPIA INTENSIVA,REMDESIVIR 5 MG/ML,1,VIAL(SOLUCION/INYEC),1
47,INFECTOLOGIA,REMDESIVIR 5 MG/ML,1,VIAL(SOLUCION/INYEC),1
11,CLINICA MEDICA,REMDESIVIR 5 MG/ML,1,VIAL(SOLUCION/INYEC),1
9,ALERGIA E INMUNOLOGIA,REMDESIVIR 5 MG/ML,1,VIAL(SOLUCION/INYEC),1
23,URGENCIAS CLINICA MEDICA,REMDESIVIR 5 MG/ML,1,VIAL(SOLUCION/INYEC),1
87,REUMATOLOGIA PEDIATRICA,"ADALIMUMAB 40 MG/0,8 ML(BIOSIMILAR)",1,JERINGAS PRELLENADAS,1
60,GASTROENTEROLOGIA PEDIATRICA,"ADALIMUMAB 40 MG/0,8 ML(BIOSIMILAR)",1,JERINGAS PRELLENADAS,1
42,DERMATOLOGIA PEDIATRICA,"ADALIMUMAB 40 MG/0,8 ML(BIOSIMILAR)",1,JERINGAS PRELLENADAS,1
10,GASTROENTEROLOGIA,"ADALIMUMAB 40 MG/0,8 ML(BIOSIMILAR)",1,JERINGAS PRELLENADAS,1
10,GASTROENTEROLOGIA,"ADALIMUMAB 40 MG/0,8 ML(BIOSIMILAR)",1,JERINGAS PRELLENADAS,1
8,DERMATOLOGIA,"ADALIMUMAB 40 MG/0,8 ML(BIOSIMILAR)",1,JERINGAS PRELLENADAS,1
1,REUMATOLOGIA,"ADALIMUMAB 40 MG/0,8 ML(BIOSIMILAR)",1,JERINGAS PRELLENADAS,1
109,HEMATOLOGIA PEDIATRICA,OBINUTUZUMAB 25 MG/ML,1,VIAL,1
109,HEMATOLOGIA PEDIATRICA,OBINUTUZUMAB 25 MG/ML,1,VIAL,1
50,NEFROLOGIA,OBINUTUZUMAB 25 MG/ML,1,VIAL,1
2,HEMATOLOGIA,OBINUTUZUMAB 25 MG/ML,1,VIAL,1
1,REUMATOLOGIA,OBINUTUZUMAB 25 MG/ML,1,VIAL,1
109,HEMATOLOGIA PEDIATRICA,PLERIXAFOR 20 MG/ML,1,VIAL,1
2,HEMATOLOGIA,PLERIXAFOR 20 MG/ML,1,VIAL,1
139,INFECTOLOGIA PEDIATRICA,ANIDULAFUNGINA 100 MG,1,VIAL(FRASCO AMPOLLA C/POLVO LI,1
86,NEUMOLOGIA PEDIATRICA,ANIDULAFUNGINA 100 MG,1,VIAL(FRASCO AMPOLLA C/POLVO LI,1
47,INFECTOLOGIA,ANIDULAFUNGINA 100 MG,1,VIAL(FRASCO AMPOLLA C/POLVO LI,1
183,ONCOLOGIA PEDIATRICA,PALBOCICLIB 125 MG,1,CAPSULAS(UNIDAD),20
49,ONCOLOGIA,PALBOCICLIB 125 MG,1,CAPSULAS(UNIDAD),1
183,ONCOLOGIA PEDIATRICA,PALBOCICLIB 100 MG,1,CAPSULAS(UNIDAD),20
49,ONCOLOGIA,PALBOCICLIB 100 MG,1,CAPSULAS(UNIDAD),1
87,REUMATOLOGIA PEDIATRICA,UPADACITINIB 15 MG,1,UNIDAD,1
42,DERMATOLOGIA PEDIATRICA,UPADACITINIB 15 MG,1,UNIDAD,20
10,GASTROENTEROLOGIA,UPADACITINIB 15 MG,1,UNIDAD,20
9,ALERGIA E INMUNOLOGIA,UPADACITINIB 15 MG,1,UNIDAD,1
8,DERMATOLOGIA,UPADACITINIB 15 MG,1,UNIDAD,20
1,REUMATOLOGIA,UPADACITINIB 15 MG,1,UNIDAD,1
199,TELESALUD HV,BUDESONIDA 200 MCG/DOSIS ,1,KIT,1
182,NUTRIOLOGIA PEDIATRICA,BUDESONIDA 200 MCG/DOSIS ,1,KIT,1
101,MEDICINA FAMILIAR,BUDESONIDA 200 MCG/DOSIS ,1,KIT,1
91,TERAPIA DEL DOLOR Y MEDICINA PALIATIVA ,BUDESONIDA 200 MCG/DOSIS ,1,KIT,1
89,GERIATRIA,BUDESONIDA 200 MCG/DOSIS ,1,KIT,1
86,NEUMOLOGIA PEDIATRICA,BUDESONIDA 200 MCG/DOSIS ,1,KIT,1
56,NEUMOLOGIA,BUDESONIDA 200 MCG/DOSIS ,1,KIT,1
43,OTORRINOLARINGOLOGIA PEDIATRICA,BUDESONIDA 200 MCG/DOSIS ,1,KIT,1
37,PEDIATRIA,BUDESONIDA 200 MCG/DOSIS ,1,KIT,1
22,OTORRINOLARINGOLOGIA,BUDESONIDA 200 MCG/DOSIS ,1,KIT,1
11,CLINICA MEDICA,BUDESONIDA 200 MCG/DOSIS ,1,KIT,1
9,ALERGIA E INMUNOLOGIA,BUDESONIDA 200 MCG/DOSIS ,1,KIT,1
109,HEMATOLOGIA PEDIATRICA,IBRUTINIB 140 MG CAPSULAS,1,CAPSULA,1
2,HEMATOLOGIA,IBRUTINIB 140 MG CAPSULAS,1,CAPSULA,1
109,HEMATOLOGIA PEDIATRICA,DARATUMUMAB 400 MG/20 ML INYECTABLE,1,VIAL,1
2,HEMATOLOGIA,DARATUMUMAB 400 MG/20 ML INYECTABLE,1,VIAL,1
109,HEMATOLOGIA PEDIATRICA,DARATUMUMAB 100MG/5ML,1,VIAL,1
2,HEMATOLOGIA,DARATUMUMAB 100MG/5ML,1,VIAL,1
217,TRAUMATOLOGIA TUMORES,DICLOFENAC POTASICO 75 MG CAPSULA,1,CAPSULA,1
217,TRAUMATOLOGIA TUMORES,DICLOFENAC POTASICO 75 MG CAPSULA,1,CAPSULA,20
216,TRAUMATOLOGIA RODILLA,DICLOFENAC POTASICO 75 MG CAPSULA,1,CAPSULA,1
216,TRAUMATOLOGIA RODILLA,DICLOFENAC POTASICO 75 MG CAPSULA,1,CAPSULA,20
215,TRAUMATOLOGIA HOMBRO Y CODO,DICLOFENAC POTASICO 75 MG CAPSULA,1,CAPSULA,1
215,TRAUMATOLOGIA HOMBRO Y CODO,DICLOFENAC POTASICO 75 MG CAPSULA,1,CAPSULA,20
214,TRAUMATOLOGIA PIE Y TOBILLO,DICLOFENAC POTASICO 75 MG CAPSULA,1,CAPSULA,1
214,TRAUMATOLOGIA PIE Y TOBILLO,DICLOFENAC POTASICO 75 MG CAPSULA,1,CAPSULA,20
213,TRAUMATOLOGIA MANO Y ANTEBRAZO,DICLOFENAC POTASICO 75 MG CAPSULA,1,CAPSULA,1
213,TRAUMATOLOGIA MANO Y ANTEBRAZO,DICLOFENAC POTASICO 75 MG CAPSULA,1,CAPSULA,20
212,TRAUMATOLOGIA CADERA,DICLOFENAC POTASICO 75 MG CAPSULA,1,CAPSULA,1
212,TRAUMATOLOGIA CADERA,DICLOFENAC POTASICO 75 MG CAPSULA,1,CAPSULA,20
211,TRAUMATOLOGIA COLUMNA,DICLOFENAC POTASICO 75 MG CAPSULA,1,CAPSULA,1
211,TRAUMATOLOGIA COLUMNA,DICLOFENAC POTASICO 75 MG CAPSULA,1,CAPSULA,20
199,TELESALUD HV,DICLOFENAC POTASICO 75 MG CAPSULA,1,CAPSULA,20
112,CIRUGIA MINIMA INVASIVA,DICLOFENAC POTASICO 75 MG CAPSULA,1,CAPSULA,1
87,REUMATOLOGIA PEDIATRICA,DICLOFENAC POTASICO 75 MG CAPSULA,1,CAPSULA,1
85,CIRUGIA PEDIATRICA,DICLOFENAC POTASICO 75 MG CAPSULA,1,CAPSULA,1
41,TRAUMATOLOGIA PEDIATRICA,DICLOFENAC POTASICO 75 MG CAPSULA,1,CAPSULA,1
34,GINECOLOGIA,DICLOFENAC POTASICO 75 MG CAPSULA,1,CAPSULA,20
28,CIRUGIA GENERAL,DICLOFENAC POTASICO 75 MG CAPSULA,1,CAPSULA,1
27,CIRUGIA VASCULAR PERIFERICA,DICLOFENAC POTASICO 75 MG CAPSULA,1,CAPSULA,1
21,UROLOGIA,DICLOFENAC POTASICO 75 MG CAPSULA,1,CAPSULA,20
17,CIRUGIA RECONSTRUCTIVA,DICLOFENAC POTASICO 75 MG CAPSULA,1,CAPSULA,1
17,CIRUGIA RECONSTRUCTIVA,DICLOFENAC POTASICO 75 MG CAPSULA,1,CAPSULA,1
16,TRAUMATOLOGIA GENERAL,DICLOFENAC POTASICO 75 MG CAPSULA,1,CAPSULA,1
16,TRAUMATOLOGIA GENERAL,DICLOFENAC POTASICO 75 MG CAPSULA,1,CAPSULA,20
11,CLINICA MEDICA,DICLOFENAC POTASICO 75 MG CAPSULA,1,CAPSULA,1
4,ENDOCRINOLOGIA,DICLOFENAC POTASICO 75 MG CAPSULA,1,CAPSULA,20
1,REUMATOLOGIA,DICLOFENAC POTASICO 75 MG CAPSULA,1,CAPSULA,1
23,URGENCIAS CLINICA MEDICA,DICLOFENAC POTASICO 75 MG CAPSULA,1,CAPSULA,20
15,URGENCIAS TRAUMATOLOGIA,DICLOFENAC POTASICO 75 MG CAPSULA,1,CAPSULA,20
49,ONCOLOGIA,NIVOLUMAB 100 MG,1,VIAL,1
110,HEMATOLOGIA CRONICOS,ALPRAZOLAM 1MG,1,COMPRIMIDO,20
89,GERIATRIA,ALPRAZOLAM 1MG,1,COMPRIMIDO,20
12,CARDIOLOGIA,ALPRAZOLAM 1MG,1,COMPRIMIDO,20
11,CLINICA MEDICA,ALPRAZOLAM 1MG,1,COMPRIMIDO,20
7,SIQUIATRIA,ALPRAZOLAM 1MG,1,COMPRIMIDO,20
2,HEMATOLOGIA,ALPRAZOLAM 1MG,1,COMPRIMIDO,20
49,ONCOLOGIA,NIVOLUMAB 40MG,1,VIAL,1
25,OFTALMOLOGIA,"PROPARACAÍNA CLORHIDRATO 0,5 %. (5MG/ML)",1,FRASCO GOTERO,1
199,TELESALUD HV,"SEMAGLUTIDE 1,34MG/ML INYECTABLE",1,VIAL 3ML,4
57,DIABETOLOGIA,"SEMAGLUTIDE 1,34MG/ML INYECTABLE",1,VIAL 3ML,1
50,NEFROLOGIA,"SEMAGLUTIDE 1,34MG/ML INYECTABLE",1,VIAL 3ML,1
44,ENDOCRINOLOGIA PEDIATRICA,"SEMAGLUTIDE 1,34MG/ML INYECTABLE",1,VIAL 3ML,1
12,CARDIOLOGIA,"SEMAGLUTIDE 1,34MG/ML INYECTABLE",1,VIAL 3ML,1
6,NEFROLOGIA PEDIATRICA,"SEMAGLUTIDE 1,34MG/ML INYECTABLE",1,VIAL 3ML,1
5,CARDIOLOGIA PEDIATRICA,"SEMAGLUTIDE 1,34MG/ML INYECTABLE",1,VIAL 3ML,1
4,ENDOCRINOLOGIA,"SEMAGLUTIDE 1,34MG/ML INYECTABLE",1,VIAL 3ML,1
46,HEMODINAMIA,"SEMAGLUTIDE 1,34MG/ML INYECTABLE",1,VIAL 3ML,1
46,HEMODINAMIA,"SEMAGLUTIDE 1,34MG/ML INYECTABLE",2,PLUMA PRECARGADA INYECTOR,1
46,HEMODINAMIA,"SEMAGLUTIDE 1,34MG/ML INYECTABLE",3,"0,25MG-0,2ML JERINGA PRELLENAD",1
199,TELESALUD HV,"SEMAGLUTIDE 1,34MG/ML INYECTABLE",4,"0,5MG-0,4ML JERINGA PRELLENADA",3
57,DIABETOLOGIA,"SEMAGLUTIDE 1,34MG/ML INYECTABLE",4,"0,5MG-0,4ML JERINGA PRELLENADA",4
50,NEFROLOGIA,"SEMAGLUTIDE 1,34MG/ML INYECTABLE",4,"0,5MG-0,4ML JERINGA PRELLENADA",4
44,ENDOCRINOLOGIA PEDIATRICA,"SEMAGLUTIDE 1,34MG/ML INYECTABLE",4,"0,5MG-0,4ML JERINGA PRELLENADA",4
12,CARDIOLOGIA,"SEMAGLUTIDE 1,34MG/ML INYECTABLE",4,"0,5MG-0,4ML JERINGA PRELLENADA",4
6,NEFROLOGIA PEDIATRICA,"SEMAGLUTIDE 1,34MG/ML INYECTABLE",4,"0,5MG-0,4ML JERINGA PRELLENADA",4
5,CARDIOLOGIA PEDIATRICA,"SEMAGLUTIDE 1,34MG/ML INYECTABLE",4,"0,5MG-0,4ML JERINGA PRELLENADA",4
4,ENDOCRINOLOGIA,"SEMAGLUTIDE 1,34MG/ML INYECTABLE",4,"0,5MG-0,4ML JERINGA PRELLENADA",4
46,HEMODINAMIA,"SEMAGLUTIDE 1,34MG/ML INYECTABLE",4,"0,5MG-0,4ML JERINGA PRELLENADA",1
199,TELESALUD HV,"SEMAGLUTIDE 1,34MG/ML INYECTABLE",5,"1,0MG-0.8ML JERINGA PRELLENADA",8
57,DIABETOLOGIA,"SEMAGLUTIDE 1,34MG/ML INYECTABLE",5,"1,0MG-0.8ML JERINGA PRELLENADA",1
50,NEFROLOGIA,"SEMAGLUTIDE 1,34MG/ML INYECTABLE",5,"1,0MG-0.8ML JERINGA PRELLENADA",4
44,ENDOCRINOLOGIA PEDIATRICA,"SEMAGLUTIDE 1,34MG/ML INYECTABLE",5,"1,0MG-0.8ML JERINGA PRELLENADA",4
12,CARDIOLOGIA,"SEMAGLUTIDE 1,34MG/ML INYECTABLE",5,"1,0MG-0.8ML JERINGA PRELLENADA",4
6,NEFROLOGIA PEDIATRICA,"SEMAGLUTIDE 1,34MG/ML INYECTABLE",5,"1,0MG-0.8ML JERINGA PRELLENADA",4
5,CARDIOLOGIA PEDIATRICA,"SEMAGLUTIDE 1,34MG/ML INYECTABLE",5,"1,0MG-0.8ML JERINGA PRELLENADA",4
4,ENDOCRINOLOGIA,"SEMAGLUTIDE 1,34MG/ML INYECTABLE",5,"1,0MG-0.8ML JERINGA PRELLENADA",4
46,HEMODINAMIA,"SEMAGLUTIDE 1,34MG/ML INYECTABLE",5,"1,0MG-0.8ML JERINGA PRELLENADA",1
49,ONCOLOGIA,LEUPROLIDE 45MG,1,KIT,1
44,ENDOCRINOLOGIA PEDIATRICA,LEUPROLIDE 45MG,1,KIT,20
44,ENDOCRINOLOGIA PEDIATRICA,LEUPROLIDE 45MG,1,KIT,20
21,UROLOGIA,LEUPROLIDE 45MG,1,KIT,1
21,UROLOGIA,LEUPROLIDE 45MG,1,KIT,1
217,TRAUMATOLOGIA TUMORES,DENOSUMAB 60MG,1,JERINGA PRECARGADA,1
216,TRAUMATOLOGIA RODILLA,DENOSUMAB 60MG,1,JERINGA PRECARGADA,1
215,TRAUMATOLOGIA HOMBRO Y CODO,DENOSUMAB 60MG,1,JERINGA PRECARGADA,1
214,TRAUMATOLOGIA PIE Y TOBILLO,DENOSUMAB 60MG,1,JERINGA PRECARGADA,1
213,TRAUMATOLOGIA MANO Y ANTEBRAZO,DENOSUMAB 60MG,1,JERINGA PRECARGADA,1
212,TRAUMATOLOGIA CADERA,DENOSUMAB 60MG,1,JERINGA PRECARGADA,1
211,TRAUMATOLOGIA COLUMNA,DENOSUMAB 60MG,1,JERINGA PRECARGADA,1
57,DIABETOLOGIA,DENOSUMAB 60MG,1,JERINGA PRECARGADA,1
49,ONCOLOGIA,DENOSUMAB 60MG,1,JERINGA PRECARGADA,1
16,TRAUMATOLOGIA GENERAL,DENOSUMAB 60MG,1,JERINGA PRECARGADA,1
4,ENDOCRINOLOGIA,DENOSUMAB 60MG,1,JERINGA PRECARGADA,1
2,HEMATOLOGIA,DENOSUMAB 60MG,1,JERINGA PRECARGADA,20
1,REUMATOLOGIA,DENOSUMAB 60MG,1,JERINGA PRECARGADA,1
47,INFECTOLOGIA,"CEFTAZIDIMA 2G + AVIBACTAM 0,5G INYECTABLE",1,FRASCO AMPOLLA,1
49,ONCOLOGIA,LENVATINIB 4MG,1,CAPSULA,20
49,ONCOLOGIA,LENVATINIB 10MG,1,CAPSULA,20
49,ONCOLOGIA,FULVESTRANT 250MG/5ML,1,KIT,1
2,HEMATOLOGIA,BRENTUXIMAB VEDOTIN 50MG,1,VIAL,1
49,ONCOLOGIA,CABOZANTINIB 60MG,1,COMPRIMIDO,30
49,ONCOLOGIA,ENCORAFENIB 75 MG CAPSULAS,1,CAPSULA,1
166,UNIDAD DE TERAPIA INTERMEDIA ADULTO,PROPÓLEOS ESTABILIZADO 1G,1,POMO,1
48,TERAPIA INTENSIVA,PROPÓLEOS ESTABILIZADO 1G,1,POMO,1
